dataset,budget,seed,algo,theta,alpha,ratio,share_g,acc_unl,nmi_unl,f1_unl,acc_all,nmi_all,xb,iters,time_s,status,note
botswana,5,42,FCM,,,,,0.461296412838263,0.5390737320008857,0.4485774959318216,0.4621305418719212,0.5398551315453076,0.5940269235497747,150.0,1.31,ok,
botswana,5,42,FCM_S1,,,,,0.4622404027690371,0.5552720837918214,0.4600356188348661,0.4630541871921182,0.5560914946246314,0.9041054879394504,95.0,2.46,ok,
botswana,5,42,FCM_S2,,,,,0.4691629955947136,0.5557577867384588,0.4595228743889747,0.4698275862068966,0.5566454604267567,0.8726091588354635,115.0,5.22,ok,
botswana,5,42,FLICM,,,,,0.5028319697923223,0.5920430099509051,0.4755978201071834,0.5027709359605911,0.5926565479314742,0.6375380255450823,205.0,34.37,ok,
botswana,5,42,KWFLICM,,,,,0.4292007551919446,0.5600589689006364,0.3749763131231212,0.4291871921182266,0.5609397803070273,6.238501250775085,155.0,5.64,ok,
botswana,5,42,SSFCM,,,,,0.4367526746381372,0.5416657647620322,0.4385323445823132,0.4288793103448275,0.5180267339344123,0.614768088039852,100.0,11.39,ok,
botswana,5,42,eSFCM,,,,,0.5645059786028949,0.61474325739795,0.5552684975892982,0.5523399014778325,0.5895256334683233,0.7920856387303165,315.0,34.99,ok,
botswana,5,42,S3FCM,,,,,0.4336060415355569,0.5424941356822373,0.4284286603132063,0.4344211822660098,0.5433340531996166,0.6109450008092014,86.0,3.31,ok,
botswana,5,42,GS-SPFCM,,,,,0.6825047199496539,0.6748856194514117,0.6883473573053681,0.6875,0.6771359000241229,3.0903743293222905,53.0,23.78,ok,
botswana,5,42,Softmax,,,,,0.8404657016991819,0.8082770268668942,0.8374237923593395,0.8439039408866995,0.8110863936615852,4.178471985689674,,6.92,ok,
botswana,5,42,Sr-SSFCM,0.99,7521.508617423168,75.97483451942601,0.9901326224513072,0.8407803650094399,0.8082625617612007,0.8378380001643077,0.8442118226600985,0.811076891209223,2.99602083437521,5.0,5.68,ok,
botswana,5,42,Sw-SSFCM_r1,0.99,7521.508617423168,75.97483451942601,0.9907678871283564,0.8829452485840151,0.8636628576047813,0.8801007720737497,0.8854679802955665,0.865672147211364,3.316070872214335,5.0,5.78,ok,
botswana,5,42,Sw-SSFCM_r2,0.99,7521.508617423168,75.97483451942601,0.9909285724224604,0.8873505349276274,0.8703217137336052,0.8854698302922304,0.8897783251231527,0.8722373891014246,3.2846526341015942,5.0,5.84,ok,
botswana,5,43,FCM,,,,,0.4631843926998112,0.5406407471094656,0.4503300090516163,0.4621305418719212,0.5398551315453076,0.5940022660647492,135.0,1.62,ok,
botswana,5,43,FCM_S1,,,,,0.4644430459408433,0.5572648270122228,0.461173513580345,0.4630541871921182,0.5560914946246314,0.9041392145225168,90.0,2.78,ok,
botswana,5,43,FCM_S2,,,,,0.4710509754562618,0.5573068725207414,0.4599637110659132,0.4698275862068966,0.556419596449739,0.8726188381915236,90.0,4.87,ok,
botswana,5,43,FLICM,,,,,0.5028319697923223,0.592233941552197,0.4752350519103834,0.5027709359605911,0.5926565479314742,0.6375348681887225,210.0,26.98,ok,
botswana,5,43,KWFLICM,,,,,0.3961611076148521,0.5557684501301469,0.3531835495340956,0.39685960591133,0.5554172009926085,6.632892947391524,185.0,4.85,ok,
botswana,5,43,SSFCM,,,,,0.4650723725613593,0.5416317014156574,0.4519390917915835,0.4562807881773399,0.519290744446384,0.5999057178642753,135.0,15.38,ok,
botswana,5,43,eSFCM,,,,,0.5638766519823789,0.6152220256674108,0.5540941704153818,0.5532635467980296,0.5873691931151653,0.7972728483598684,170.0,26.53,ok,
botswana,5,43,S3FCM,,,,,0.4682190056639396,0.5417401112638714,0.4554678414041878,0.4676724137931034,0.5389982569194881,0.5927678855342944,62.0,3.12,ok,
botswana,5,43,GS-SPFCM,,,,,0.6771554436752675,0.6586822263090247,0.6780940500672753,0.6788793103448276,0.6594941771034518,1.643711453254978,96.0,32.12,ok,
botswana,5,43,Softmax,,,,,0.8791692888609188,0.8424715913126118,0.8780944363267357,0.8817733990147784,0.8448930798676082,3.1872184383683,,7.74,ok,
botswana,5,43,Sr-SSFCM,0.99,8039.158023740572,81.20361640141999,0.990070273251545,0.8794839521711768,0.8432328625838652,0.8784395403009807,0.8820812807881774,0.8456404920869699,2.179378242775252,5.0,5.6,ok,
botswana,5,43,Sw-SSFCM_r1,0.99,8039.158023740572,81.20361640141999,0.9908123498458395,0.9162995594713657,0.9053830385587812,0.9108328831647372,0.918103448275862,0.9067076497616704,2.1445538077554405,5.0,5.71,ok,
botswana,5,43,Sw-SSFCM_r2,0.99,8039.158023740572,81.20361640141999,0.9909501068608116,0.9159848961611076,0.913616301543617,0.9079370713825196,0.917487684729064,0.9143999925152728,2.3988882149149,5.0,5.78,ok,
botswana,5,44,FCM,,,,,0.4619257394587791,0.5389220078811003,0.4497819352863528,0.4621305418719212,0.5398551315453076,0.5940013169302987,145.0,2.34,ok,
botswana,5,44,FCM_S1,,,,,0.4631843926998112,0.5550671520287673,0.4603343514530064,0.4630541871921182,0.5559987484940828,0.9041413295571166,90.0,3.85,ok,
botswana,5,44,FCM_S2,,,,,0.4691629955947136,0.5555842197800476,0.4586862095324117,0.4698275862068966,0.5564194951346644,0.8726178662049886,90.0,4.66,ok,
botswana,5,44,FLICM,,,,,0.5034612964128382,0.5923051693714715,0.4759583622346709,0.5027709359605911,0.5926565479314742,0.637535299123768,215.0,30.71,ok,
botswana,5,44,KWFLICM,,,,,0.369100062932662,0.5095959811075946,0.3108436165418277,0.3682266009852217,0.5100579699159684,10.126549900355291,395.0,8.22,ok,
botswana,5,44,SSFCM,,,,,0.4380113278791693,0.5409823316483194,0.4403094261372092,0.4285714285714285,0.519204794480021,0.6149460180395369,145.0,16.56,ok,
botswana,5,44,eSFCM,,,,,0.566079295154185,0.6156821654303841,0.5560730733903292,0.5538793103448276,0.5896196029027158,0.7895020340122033,440.0,58.48,ok,
botswana,5,44,S3FCM,,,,,0.4638137193203272,0.5399798052590573,0.4514192191397882,0.4627463054187192,0.5380125144051658,0.5943807004455076,121.0,4.02,ok,
botswana,5,44,GS-SPFCM,,,,,0.724669603524229,0.6870175533372814,0.7151713183531934,0.7275246305418719,0.6885967494312834,4.280031524002159,59.0,19.86,ok,
botswana,5,44,Softmax,,,,,0.8678414096916299,0.8301344123675598,0.8683955246613422,0.8706896551724138,0.832760049839127,1.6599975273702057,,14.32,ok,
botswana,5,44,Sr-SSFCM,0.99,9721.556320663738,98.19753859256308,0.9923756854665888,0.868785399622404,0.8311769031801758,0.869492049615184,0.8716133004926109,0.8337896951704834,1.188012562442695,5.0,5.61,ok,
botswana,5,44,Sw-SSFCM_r1,0.99,9721.556320663738,98.19753859256308,0.9928518459786304,0.9103209565764632,0.8841453989769364,0.9073739822565832,0.9119458128078818,0.885731037039346,1.0750928576542529,5.0,5.73,ok,
botswana,5,44,Sw-SSFCM_r2,0.99,9721.556320663738,98.19753859256308,0.9930138183289684,0.920075519194462,0.8971909039010847,0.916080849464372,0.9214901477832512,0.8985684748446466,1.0974249645081753,5.0,5.79,ok,
botswana,5,45,FCM,,,,,0.460981749528005,0.5394698362358316,0.4474775614788061,0.4621305418719212,0.5398551315453076,0.5940182585740467,140.0,1.11,ok,
botswana,5,45,FCM_S1,,,,,0.4622404027690371,0.5555308000698178,0.4529206677754665,0.4630541871921182,0.5556600000364456,0.9040339617192668,110.0,3.72,ok,
botswana,5,45,FCM_S2,,,,,0.4701069855254877,0.5570279021679947,0.4587441336351678,0.4695197044334975,0.5571471923902355,0.8718572498260648,110.0,5.55,ok,
botswana,5,45,FLICM,,,,,0.5022026431718062,0.5924861256262881,0.475033645925178,0.5027709359605911,0.5926565479314742,0.6375482507483422,200.0,26.71,ok,
botswana,5,45,KWFLICM,,,,,0.4118942731277533,0.561423000517381,0.3834765128841537,0.4091748768472906,0.5613159406838125,5.10112728932158,125.0,3.88,ok,
botswana,5,45,SSFCM,,,,,0.4553178099433606,0.5407404267447545,0.4363614773160347,0.4455049261083744,0.5200442037000105,0.5668313316201022,115.0,13.11,ok,
botswana,5,45,eSFCM,,,,,0.4638137193203272,0.5685578615872671,0.4388540342786507,0.4538177339901478,0.5484544397556973,0.7219105125724156,230.0,31.96,ok,
botswana,5,45,S3FCM,,,,,0.4361233480176211,0.5433221852250439,0.4296003029928907,0.4418103448275862,0.5442049929667674,0.6100458186956446,66.0,3.81,ok,
botswana,5,45,GS-SPFCM,,,,,0.6677155443675268,0.6590129687761513,0.6726619619311568,0.6727216748768473,0.6610162916369771,1.9506855279447504,74.0,26.9,ok,
botswana,5,45,Softmax,,,,,0.8580868470736313,0.8166066695846933,0.8619619773963231,0.8611453201970444,0.8194749457397855,2.8791434365765123,,8.2,ok,
botswana,5,45,Sr-SSFCM,0.99,7582.691170296724,76.59284010400738,0.989931614370272,0.8580868470736313,0.816092435966002,0.8619192583041034,0.8611453201970444,0.8189720548114525,2.0986463175663506,5.0,5.59,ok,
botswana,5,45,Sw-SSFCM_r1,0.99,7582.691170296724,76.59284010400738,0.9905769667776232,0.9118942731277532,0.8780283122476029,0.913031270209984,0.913793103448276,0.8800086440622207,2.153912814897125,5.0,5.71,ok,
botswana,5,45,Sw-SSFCM_r2,0.99,7582.691170296724,76.59284010400738,0.99076793934597,0.921648835745752,0.8913346050999912,0.9208737325588926,0.9233374384236454,0.8930879238258161,2.157873998626476,5.0,5.77,ok,
botswana,5,46,FCM,,,,,0.4619257394587791,0.5393366040878803,0.4498175864768058,0.4621305418719212,0.5398551315453076,0.5940586459931729,145.0,2.34,ok,
botswana,5,46,FCM_S1,,,,,0.4619257394587791,0.5556580629962287,0.4594969623840234,0.4630541871921182,0.5560914946246315,0.9040609788845098,110.0,4.55,ok,
botswana,5,46,FCM_S2,,,,,0.4691629955947136,0.5564269374963662,0.4591546050702424,0.4698275862068966,0.5567683221895209,0.872039811401042,115.0,5.06,ok,
botswana,5,46,FLICM,,,,,0.5018879798615481,0.5929922127628809,0.4753823865820795,0.5027709359605911,0.5926565479314742,0.6375801215499292,180.0,26.45,ok,
botswana,5,46,KWFLICM,,,,,0.4301447451227186,0.5618249021294477,0.3753833341550872,0.4285714285714285,0.5608053456316677,7.497552060874843,400.0,8.3,ok,
botswana,5,46,SSFCM,,,,,0.4638137193203272,0.5403441691497942,0.4514316872325919,0.4559729064039409,0.5146076274074818,0.5996465772614678,130.0,14.79,ok,
botswana,5,46,eSFCM,,,,,0.5645059786028949,0.6147246333938899,0.5552004226935086,0.5523399014778325,0.586888919329293,0.7855768193322549,340.0,38.31,ok,
botswana,5,46,S3FCM,,,,,0.4619257394587791,0.5390087860260123,0.449770697085447,0.4608990147783251,0.5381631795855899,0.5953322876620382,54.0,2.62,ok,
botswana,5,46,GS-SPFCM,,,,,0.7218376337319069,0.679015212920276,0.7240089762380518,0.7247536945812808,0.6809578105826619,5.436154904079875,50.0,16.9,ok,
botswana,5,46,Softmax,,,,,0.8659534298300818,0.8291386641873908,0.869473664904354,0.8688423645320197,0.8317685227460152,2.557649568956488,,7.9,ok,
botswana,5,46,Sr-SSFCM,0.99,8004.511076870344,80.85364724111466,0.9907016405351626,0.8656387665198237,0.8289856539914288,0.8691751839572026,0.8685344827586207,0.8316160570838533,1.8017438223313476,5.0,5.61,ok,
botswana,5,46,Sw-SSFCM_r1,0.99,8004.511076870344,80.85364724111466,0.9913659765669768,0.9093769666456892,0.8849988394588288,0.9097351954676984,0.9113300492610836,0.8867739122424707,2.066613165771709,5.0,5.73,ok,
botswana,5,46,Sw-SSFCM_r2,0.99,8004.511076870344,80.85364724111466,0.9915278077992392,0.9172435494021396,0.8976365997209454,0.915848090743198,0.9190270935960592,0.8991845174549803,2.2247541060972305,5.0,5.88,ok,
botswana,5,47,FCM,,,,,0.4622404027690371,0.5400185514991677,0.4503680605298384,0.4621305418719212,0.5398551315453076,0.5940044261625971,140.0,1.08,ok,
botswana,5,47,FCM_S1,,,,,0.4628697293895532,0.5567882690540573,0.4608903012274848,0.4630541871921182,0.5560914946246315,0.9040700031899596,100.0,2.35,ok,
botswana,5,47,FCM_S2,,,,,0.4685336689741976,0.5565916229687213,0.4584539490291033,0.4692118226600985,0.5563933611483037,0.8725012895821502,100.0,5.46,ok,
botswana,5,47,FLICM,,,,,0.5022026431718062,0.5916193785383579,0.474617317417067,0.5027709359605911,0.5926565479314742,0.6375590741011201,220.0,28.6,ok,
botswana,5,47,KWFLICM,,,,,0.4317180616740088,0.5610503618553866,0.377211909503452,0.4291871921182266,0.5609074489427697,5.740427101250023,295.0,6.64,ok,
botswana,5,47,SSFCM,,,,,0.4386406544996853,0.5428988361493958,0.4415900643135884,0.4338054187192118,0.5246854781849719,0.614133284510197,140.0,15.93,ok,
botswana,5,47,eSFCM,,,,,0.5028319697923223,0.5979979028357243,0.4917493213731613,0.4950738916256157,0.5762523315337801,0.7682511068447447,345.0,38.8,ok,
botswana,5,47,S3FCM,,,,,0.4647577092511013,0.541352922699206,0.4524831634438474,0.4658251231527093,0.5401534528099678,0.5949285226068672,91.0,3.37,ok,
botswana,5,47,GS-SPFCM,,,,,0.6567023285084959,0.6635403418937166,0.6528825401458765,0.6616379310344828,0.665175108303621,1.968429613382688,80.0,26.37,ok,
botswana,5,47,Softmax,,,,,0.8873505349276274,0.846622984612445,0.8904243585618907,0.8897783251231527,0.8490854119283275,3.106847447602888,,7.1,ok,
botswana,5,47,Sr-SSFCM,0.99,8558.059160557726,86.4450420258357,0.9913607829535612,0.8873505349276274,0.846622984612445,0.8904243585618907,0.8897783251231527,0.8490854119283275,2.034273066263849,5.0,5.59,ok,
botswana,5,47,Sw-SSFCM_r1,0.99,8558.059160557726,86.4450420258357,0.9919059167273676,0.9257394587791064,0.9051684241197994,0.9259305991913298,0.9273399014778324,0.9066513398415113,2.080104857684187,5.0,5.76,ok,
botswana,5,47,Sw-SSFCM_r2,0.99,8558.059160557726,86.4450420258357,0.9920944698240526,0.9361233480176212,0.9183894440489913,0.9342649127557482,0.9375,0.9196506849619056,2.1651855216114164,5.0,5.77,ok,
botswana,5,48,FCM,,,,,0.4631843926998112,0.5401092729533837,0.4508647213504536,0.4630541871921182,0.5401801876219833,0.5940532106567356,135.0,1.04,ok,
botswana,5,48,FCM_S1,,,,,0.4644430459408433,0.556337890557472,0.4620590700275976,0.4639778325123153,0.5562258250062058,0.9041067442043343,90.0,2.74,ok,
botswana,5,48,FCM_S2,,,,,0.4710509754562618,0.5565583340572962,0.4604594267627426,0.4698275862068966,0.5564735898272706,0.8724469656576216,95.0,5.17,ok,
botswana,5,48,FLICM,,,,,0.5044052863436124,0.5929823472598746,0.4766387452450886,0.5027709359605911,0.5926565479314742,0.6375720622780627,235.0,30.14,ok,
botswana,5,48,KWFLICM,,,,,0.4329767149150409,0.5613148519156256,0.3781526154043421,0.4294950738916256,0.5608827695120003,5.739889975427364,265.0,6.13,ok,
botswana,5,48,SSFCM,,,,,0.4641283826305852,0.5407673607011352,0.45167770456215,0.4556650246305418,0.5192501933150906,0.6008280189777676,120.0,13.66,ok,
botswana,5,48,eSFCM,,,,,0.5770925110132159,0.6049293583608414,0.5560259397716741,0.5646551724137931,0.5785313653621175,0.7045817655887998,275.0,31.21,ok,
botswana,5,48,S3FCM,,,,,0.4376966645689112,0.5420708666836356,0.4400037016339095,0.4408866995073892,0.5402251251492083,0.6094719548613085,120.0,3.91,ok,
botswana,5,48,GS-SPFCM,,,,,0.7221522970421649,0.6782162937108852,0.7279480731919066,0.7232142857142857,0.6785337765197722,3.614495083565141,55.0,18.62,ok,
botswana,5,48,Softmax,,,,,0.880427942101951,0.8411960130263629,0.8794663809091884,0.8830049261083743,0.8436670615010888,2.722998174885997,,7.59,ok,
botswana,5,48,Sr-SSFCM,0.99,7635.915804176003,77.13046266844454,0.9897579706820367,0.880427942101951,0.8411960130263629,0.8794663809091884,0.8830049261083743,0.8436670615010888,1.9318741954708192,5.0,5.61,ok,
botswana,5,48,Sw-SSFCM_r1,0.99,7635.915804176003,77.13046266844454,0.9905375728515766,0.9247954688483324,0.897194345713823,0.9241489350473582,0.9261083743842364,0.8981168624558623,2.0825458816248408,5.0,5.73,ok,
botswana,5,48,Sw-SSFCM_r2,0.99,7635.915804176003,77.13046266844454,0.9907646139023958,0.9301447451227188,0.9043919604234062,0.929204913364166,0.9313423645320196,0.9051992422372104,2.330580074527419,5.0,5.79,ok,
botswana,5,49,FCM,,,,,0.461296412838263,0.5393951674675753,0.4493238507396314,0.4621305418719212,0.5398551315453076,0.5939796464135946,165.0,1.25,ok,
botswana,5,49,FCM_S1,,,,,0.4619257394587791,0.5550785948337307,0.4601228381840012,0.4630541871921182,0.5556600000364456,0.9040443770525736,100.0,3.34,ok,
botswana,5,49,FCM_S2,,,,,0.4685336689741976,0.5565669183777774,0.4579521053193471,0.4695197044334975,0.5570263572459945,0.8717591826821043,105.0,5.36,ok,
botswana,5,49,FLICM,,,,,0.4996853366897419,0.5921565740971878,0.4727227116536544,0.5027709359605911,0.5926565479314742,0.6375766345104025,215.0,27.57,ok,
botswana,5,49,KWFLICM,,,,,0.3665827564505978,0.5101099771426323,0.3088449822331074,0.3679187192118227,0.510668442740495,9.079205556180504,265.0,6.13,ok,
botswana,5,49,SSFCM,,,,,0.4631843926998112,0.5403818205377241,0.4509391437704536,0.4532019704433497,0.5167509151598516,0.5991090865118629,150.0,17.06,ok,
botswana,5,49,eSFCM,,,,,0.5645059786028949,0.6157564994645593,0.5554033214709888,0.5523399014778325,0.5891093442155964,0.7872707636550986,390.0,44.02,ok,
botswana,5,49,S3FCM,,,,,0.460667086217747,0.5393290195313319,0.4487298316706324,0.4618226600985222,0.5408431442844939,0.5910234273147896,56.0,2.9,ok,
botswana,5,49,GS-SPFCM,,,,,0.6683448709880428,0.6583318052716579,0.6844280428944564,0.6717980295566502,0.6602362865935577,2.0244624836838327,67.0,22.28,ok,
botswana,5,49,Softmax,,,,,0.8606041535556954,0.8246465398346855,0.8618936254470559,0.8636083743842364,0.8273109646732465,2.867951874776565,,6.95,ok,
botswana,5,49,Sr-SSFCM,0.99,7535.275572644591,76.11389467317775,0.9898080334570012,0.8606041535556954,0.8243147722107143,0.8620290641343835,0.8636083743842364,0.8269874802666048,1.969329429360456,5.0,5.6,ok,
botswana,5,49,Sw-SSFCM_r1,0.99,7535.275572644591,76.11389467317775,0.990674918545837,0.9024543738200126,0.8828084949054832,0.9040808365568506,0.9045566502463054,0.8845704863544636,2.148660568901699,5.0,5.72,ok,
botswana,5,49,Sw-SSFCM_r2,0.99,7535.275572644591,76.11389467317775,0.9909455126858364,0.9109502831969792,0.8951625451804104,0.9112589186263506,0.9128694581280788,0.8967091389657195,2.2746386170602437,5.0,5.78,ok,
botswana,5,50,FCM,,,,,0.4616110761485211,0.5399909010094435,0.4478733679808417,0.4621305418719212,0.5398551315453076,0.5940025029686837,130.0,1.82,ok,
botswana,5,50,FCM_S1,,,,,0.4625550660792951,0.5552835013314706,0.4580808452033279,0.4630541871921182,0.5560914946246314,0.9040932622135394,90.0,2.32,ok,
botswana,5,50,FCM_S2,,,,,0.4682190056639396,0.5560620422180255,0.4565287971549857,0.4698275862068966,0.5568888055271092,0.8720321120028872,95.0,4.98,ok,
botswana,5,50,FLICM,,,,,0.5034612964128382,0.592357112166235,0.4756986086331694,0.5027709359605911,0.5926565479314742,0.6375612227726056,220.0,28.23,ok,
botswana,5,50,KWFLICM,,,,,0.3672120830711139,0.509791662484682,0.3065995516921952,0.3663793103448275,0.5090408729223456,15064.269204704004,335.0,7.25,ok,
botswana,5,50,SSFCM,,,,,0.4619257394587791,0.5399526334906649,0.4481880269178117,0.4532019704433497,0.5169214949337879,0.5999566292129074,85.0,9.68,ok,
botswana,5,50,eSFCM,,,,,0.5679672750157332,0.616682984527231,0.5585311881062063,0.5588054187192119,0.5958981279950007,0.7908923173942223,145.0,15.45,ok,
botswana,5,50,S3FCM,,,,,0.4631843926998112,0.5410546678731628,0.4494974128299502,0.4612068965517241,0.5377911872349507,0.595245059226116,86.0,3.77,ok,
botswana,5,50,GS-SPFCM,,,,,0.7070484581497798,0.6732973658721767,0.7163750095963017,0.709051724137931,0.6743048632060511,3.116446881954724,34.0,11.95,ok,
botswana,5,50,Softmax,,,,,0.8495909376966646,0.8199055067998637,0.8512214160914071,0.8528325123152709,0.8226060939990012,2.9103484983457397,,8.15,ok,
botswana,5,50,Sr-SSFCM,0.99,8877.02158222532,89.6668846689427,0.9915140552445864,0.8502202643171806,0.8211906270220782,0.852090241452509,0.853448275862069,0.823870820030397,2.121293560888113,5.0,5.59,ok,
botswana,5,50,Sw-SSFCM_r1,0.99,8877.02158222532,89.6668846689427,0.9921500881383146,0.8942731277533039,0.8826402423430723,0.8961797123733436,0.896551724137931,0.8843771012919839,2.220953116203968,5.0,5.71,ok,
botswana,5,50,Sw-SSFCM_r2,0.99,8877.02158222532,89.6668846689427,0.9923121584544958,0.8917558212712398,0.8865970628786939,0.8918368778528397,0.8940886699507389,0.8881936867661835,2.4290474266444484,5.0,5.77,ok,
botswana,5,51,FCM,,,,,0.461296412838263,0.539033098886618,0.4478858911683108,0.4621305418719212,0.5398551315453076,0.5939906628350199,145.0,1.12,ok,
botswana,5,51,FCM_S1,,,,,0.4638137193203272,0.5553996857347128,0.4602104825481986,0.4630541871921182,0.5556600000364456,0.9040409942808856,110.0,2.51,ok,
botswana,5,51,FCM_S2,,,,,0.4697923222152297,0.55667831519749,0.4571350710961351,0.4695197044334975,0.5571894130531103,0.8718183698187768,110.0,5.47,ok,
botswana,5,51,FLICM,,,,,0.5034612964128382,0.5922542098717198,0.4757539782745755,0.5027709359605911,0.5926565479314742,0.6375630314783888,200.0,24.77,ok,
botswana,5,51,KWFLICM,,,,,0.3971050975456262,0.5550752671308685,0.353375767861827,0.39685960591133,0.5554172009926085,6.646219550615677,235.0,5.19,ok,
botswana,5,51,SSFCM,,,,,0.460667086217747,0.5388275348725966,0.4473980892265787,0.4507389162561576,0.5128899178053035,0.6017141613722321,125.0,12.95,ok,
botswana,5,51,eSFCM,,,,,0.5022026431718062,0.595464720407373,0.4913152265744151,0.4913793103448275,0.568176304953472,0.7686469487345946,220.0,22.21,ok,
botswana,5,51,S3FCM,,,,,0.434550031466331,0.5434142924979625,0.4366029463134113,0.4365763546798029,0.5442674116101468,0.6105264500319407,69.0,2.6,ok,
botswana,5,51,GS-SPFCM,,,,,0.7061044682190056,0.6614209691377971,0.7017201420969464,0.7093596059113301,0.6639829251672971,3.5497817963222675,54.0,16.4,ok,
botswana,5,51,Softmax,,,,,0.8725613593455003,0.8300278676717053,0.8724177375369411,0.875307881773399,0.8327011371398899,2.3113358375470816,,5.14,ok,
botswana,5,51,Sr-SSFCM,0.99,8588.482801470956,86.75235153000973,0.9914832893393364,0.8731906859660163,0.8305786448137865,0.8732661116966272,0.8759236453201971,0.8332465100095935,1.6530523822334755,5.0,5.61,ok,
botswana,5,51,Sw-SSFCM_r1,0.99,8588.482801470956,86.75235153000973,0.9920712280222546,0.922907488986784,0.8917094025524549,0.9233068589255132,0.9245689655172412,0.8934839204542023,1.7058264402084458,5.0,5.73,ok,
botswana,5,51,Sw-SSFCM_r2,0.99,8588.482801470956,86.75235153000973,0.9922534210069616,0.9310887350534928,0.903789498330028,0.9325828165135244,0.9325738916256158,0.9053704106241052,1.7148044229109791,5.0,5.81,ok,
botswana,10,42,FCM,,,,,0.462033462033462,0.5382688818456937,0.4498068175162359,0.4621305418719212,0.5398551315453076,0.5940269235497747,150.0,1.2,ok,
botswana,10,42,FCM_S1,,,,,0.4626769626769627,0.5547388719439356,0.4596751193093072,0.4630541871921182,0.5560914946246314,0.9041054879394504,95.0,2.23,ok,
botswana,10,42,FCM_S2,,,,,0.4700772200772201,0.5556736167166951,0.4594563592756065,0.4698275862068966,0.5566454604267567,0.8726091588354635,115.0,5.07,ok,
botswana,10,42,FLICM,,,,,0.5045045045045045,0.5911990294700122,0.4767676828705095,0.5027709359605911,0.5926565479314742,0.6375380255450823,205.0,23.8,ok,
botswana,10,42,KWFLICM,,,,,0.4288931788931789,0.5592175980933316,0.3721747066427577,0.4291871921182266,0.5609397803070273,6.238501250775085,155.0,4.07,ok,
botswana,10,42,SSFCM,,,,,0.4379021879021879,0.5415359736268546,0.4398194402681886,0.4221059113300492,0.5026376985457784,0.6192865751274939,100.0,10.3,ok,
botswana,10,42,eSFCM,,,,,0.5617760617760618,0.6120496466287438,0.5508009085187885,0.5375615763546798,0.5700839889169088,0.7953178756684828,365.0,36.73,ok,
botswana,10,42,S3FCM,,,,,0.4366151866151866,0.541701171306428,0.4387700613682558,0.4421182266009852,0.5365474475368417,0.6106058518486743,101.0,3.24,ok,
botswana,10,42,GS-SPFCM,,,,,0.7146074646074646,0.6784871780706623,0.7190391866010628,0.7192118226600985,0.6823362080234553,3.077212875720919,72.0,21.6,ok,
botswana,10,42,Softmax,,,,,0.8944658944658944,0.856747465432318,0.8988590394986861,0.8990147783251231,0.8614038274411723,3.162312871183925,,6.96,ok,
botswana,10,42,Sr-SSFCM,0.99,7133.007057668351,72.05057634008442,0.9885876437346842,0.8947876447876448,0.8569866065070125,0.8992088893442417,0.8993226600985221,0.8616381915357654,2.208751619445199,5.0,7.66,ok,
botswana,10,42,Sw-SSFCM_r1,0.99,7133.007057668351,72.05057634008442,0.989448192559082,0.9388674388674388,0.913879087023864,0.9381398451677964,0.9415024630541872,0.9166945294319008,2.3449006809781925,5.0,7.77,ok,
botswana,10,42,Sw-SSFCM_r2,0.99,7133.007057668351,72.05057634008442,0.9897084368006742,0.9488416988416988,0.928091343930228,0.9468900622674088,0.9510467980295566,0.9304211391142252,2.3380457720814607,5.0,7.84,ok,
botswana,10,43,FCM,,,,,0.4617117117117117,0.5405917280439934,0.4481571351485015,0.4621305418719212,0.5398551315453076,0.5940022660647492,135.0,1.04,ok,
botswana,10,43,FCM_S1,,,,,0.4646074646074646,0.5570932452289763,0.4598988664391396,0.4630541871921182,0.5560914946246314,0.9041392145225168,90.0,2.15,ok,
botswana,10,43,FCM_S2,,,,,0.4707207207207207,0.5566601274521934,0.4594660917361211,0.4698275862068966,0.556419596449739,0.8726188381915236,90.0,4.58,ok,
botswana,10,43,FLICM,,,,,0.5025740025740025,0.5922108857905466,0.4752057653472841,0.5027709359605911,0.5926565479314742,0.6375348681887225,210.0,24.38,ok,
botswana,10,43,KWFLICM,,,,,0.3983268983268983,0.5560281122909059,0.3539359451589102,0.39685960591133,0.5554172009926085,6.632892947391524,185.0,4.47,ok,
botswana,10,43,SSFCM,,,,,0.4636422136422136,0.5415982020578897,0.4497952808554846,0.4467364532019704,0.5060800154654936,0.6064141449109189,135.0,13.91,ok,
botswana,10,43,eSFCM,,,,,0.564993564993565,0.6141165081434324,0.5550972497266607,0.5437192118226601,0.5691785099910635,0.8021658592674431,165.0,16.58,ok,
botswana,10,43,S3FCM,,,,,0.4668597168597168,0.5420768819205465,0.4534930050360308,0.4652093596059113,0.5372864047068264,0.5932932311872877,91.0,2.95,ok,
botswana,10,43,GS-SPFCM,,,,,0.7101029601029601,0.6723929816244262,0.7184043594528021,0.7161330049261084,0.6758299820230848,4.572224529912006,224.0,64.39,ok,
botswana,10,43,Softmax,,,,,0.9005791505791506,0.8624574201294237,0.903802692869169,0.9048645320197044,0.8669438675157218,3.812188291241828,,6.98,ok,
botswana,10,43,Sr-SSFCM,0.99,7393.99811798291,74.68684967659512,0.989455164654704,0.9009009009009008,0.8625961864891736,0.9041165914218542,0.9051724137931034,0.8670824544654875,2.7598366868468287,5.0,7.71,ok,
botswana,10,43,Sw-SSFCM_r1,0.99,7393.99811798291,74.68684967659512,0.990320878414633,0.9424066924066924,0.9221225726519644,0.9425686600683402,0.9448891625615764,0.92464746305975,2.9019536193043893,5.0,7.83,ok,
botswana,10,43,Sw-SSFCM_r2,0.99,7393.99811798291,74.68684967659512,0.9905532142557816,0.9465894465894464,0.9308890542225512,0.9471370917549417,0.9485837438423644,0.9327554272087196,2.8026377319301927,5.0,7.89,ok,
botswana,10,44,FCM,,,,,0.4623552123552124,0.5397122289964515,0.4499432104646098,0.4621305418719212,0.5398551315453076,0.5940013169302987,145.0,1.11,ok,
botswana,10,44,FCM_S1,,,,,0.4652509652509652,0.5555106277058767,0.4614098595896788,0.4630541871921182,0.5559987484940828,0.9041413295571166,90.0,2.16,ok,
botswana,10,44,FCM_S2,,,,,0.4687902187902188,0.5553685983519493,0.4575258303922952,0.4698275862068966,0.5564194951346644,0.8726178662049886,90.0,4.58,ok,
botswana,10,44,FLICM,,,,,0.5025740025740025,0.5916593577807738,0.4749954824195762,0.5027709359605911,0.5926565479314742,0.637535299123768,215.0,24.97,ok,
botswana,10,44,KWFLICM,,,,,0.3706563706563706,0.5102402990846342,0.3127169680577772,0.3682266009852217,0.5100579699159684,10.126549900355291,395.0,7.47,ok,
botswana,10,44,SSFCM,,,,,0.4401544401544401,0.5425880845619787,0.4422658157373416,0.4221059113300492,0.507126602626515,0.6183365168648599,145.0,14.93,ok,
botswana,10,44,eSFCM,,,,,0.564993564993565,0.6144292473399459,0.5534507933230842,0.5406403940886699,0.5719873118094957,0.7895325051204484,545.0,54.71,ok,
botswana,10,44,S3FCM,,,,,0.4658944658944658,0.5412194167664653,0.4528271841894569,0.4642857142857143,0.5378624183356424,0.6028598491668167,83.0,2.87,ok,
botswana,10,44,GS-SPFCM,,,,,0.685971685971686,0.6607745972919076,0.6826236668641312,0.6924261083743842,0.664355504572351,2.5764820884133086,72.0,21.57,ok,
botswana,10,44,Softmax,,,,,0.8857786357786358,0.8484521707532279,0.8895925780342377,0.8907019704433498,0.8533149833411655,2.660564893956156,,6.97,ok,
botswana,10,44,Sr-SSFCM,0.99,7443.225591975165,75.1840968886381,0.9891713462523964,0.8857786357786358,0.8484521707532279,0.8895925780342377,0.8907019704433498,0.8533149833411655,1.8744714333593968,5.0,7.7,ok,
botswana,10,44,Sw-SSFCM_r1,0.99,7443.225591975165,75.1840968886381,0.9901459230383202,0.9375804375804376,0.9122080949152026,0.9383800068967432,0.9399630541871922,0.9145879950354928,1.8752908842731064,5.0,7.82,ok,
botswana,10,44,Sw-SSFCM_r2,0.99,7443.225591975165,75.1840968886381,0.9904510452285142,0.944015444015444,0.9209185985280048,0.944521278826505,0.9461206896551724,0.9230830465129848,1.8926347849917655,5.0,7.97,ok,
botswana,10,45,FCM,,,,,0.462033462033462,0.5398458570009452,0.4489443090522001,0.4621305418719212,0.5398551315453076,0.5940182585740467,140.0,1.08,ok,
botswana,10,45,FCM_S1,,,,,0.462033462033462,0.5540929863149436,0.4529583481689952,0.4630541871921182,0.5556600000364456,0.9040339617192668,110.0,2.47,ok,
botswana,10,45,FCM_S2,,,,,0.4697554697554698,0.5563852067372868,0.4585498134871111,0.4695197044334975,0.5571471923902355,0.8718572498260648,110.0,4.9,ok,
botswana,10,45,FLICM,,,,,0.5012870012870013,0.5916596007022858,0.4744045588823651,0.5027709359605911,0.5926565479314742,0.6375482507483422,200.0,23.22,ok,
botswana,10,45,KWFLICM,,,,,0.4095881595881596,0.5617663981952806,0.3815697461406445,0.4091748768472906,0.5613159406838125,5.10112728932158,125.0,3.62,ok,
botswana,10,45,SSFCM,,,,,0.4562419562419562,0.5416572556331031,0.4374138380561794,0.4365763546798029,0.5086207769710565,0.573729391475571,115.0,11.85,ok,
botswana,10,45,eSFCM,,,,,0.4649292149292149,0.5694219835865203,0.4398812869009981,0.4448891625615763,0.5372474929396349,0.7271907754237105,230.0,23.11,ok,
botswana,10,45,S3FCM,,,,,0.435006435006435,0.5434007184910556,0.4370908120252871,0.438423645320197,0.5412022059711507,0.6103683067816112,125.0,3.63,ok,
botswana,10,45,GS-SPFCM,,,,,0.7062419562419563,0.6727669478470082,0.7148103408197046,0.7108990147783252,0.6751943843733346,1.6211088907304476,98.0,28.83,ok,
botswana,10,45,Softmax,,,,,0.9137709137709138,0.8725561642668794,0.9198112276824296,0.917487684729064,0.8768765207388072,2.524663153866276,,6.95,ok,
botswana,10,45,Sr-SSFCM,0.99,7376.3398319132175,74.50848315063863,0.9895127429519018,0.9134491634491636,0.8719343501484571,0.919505258908472,0.917179802955665,0.8762766175603448,1.7548522261591877,5.0,7.68,ok,
botswana,10,45,Sw-SSFCM_r1,0.99,7376.3398319132175,74.50848315063863,0.9903058232199744,0.9523809523809524,0.927710425396511,0.9555324337315252,0.9541256157635468,0.929843214391249,1.8301405723965425,5.0,7.79,ok,
botswana,10,45,Sw-SSFCM_r2,0.99,7376.3398319132175,74.50848315063863,0.9904945426689296,0.9568854568854568,0.9351474758802032,0.9599409879149384,0.958435960591133,0.9370260831588484,1.834459801459557,5.0,7.85,ok,
botswana,10,46,FCM,,,,,0.461068211068211,0.5381934053332309,0.4489014266319922,0.4621305418719212,0.5398551315453076,0.5940586459931729,145.0,1.11,ok,
botswana,10,46,FCM_S1,,,,,0.4617117117117117,0.5553240310793812,0.4595226125477625,0.4630541871921182,0.5560914946246315,0.9040609788845098,110.0,2.48,ok,
botswana,10,46,FCM_S2,,,,,0.4681467181467181,0.5550765600639974,0.4584229523647294,0.4698275862068966,0.5567683221895209,0.872039811401042,115.0,4.98,ok,
botswana,10,46,FLICM,,,,,0.502895752895753,0.5912425078102228,0.4751287664940208,0.5027709359605911,0.5926565479314742,0.6375801215499292,180.0,20.9,ok,
botswana,10,46,KWFLICM,,,,,0.4298584298584298,0.5598501432816316,0.3723740407116013,0.4285714285714285,0.5608053456316677,7.497552060874843,400.0,7.55,ok,
botswana,10,46,SSFCM,,,,,0.462998712998713,0.5391905907301601,0.4505524389506455,0.4473522167487684,0.4981296843019482,0.6056386622575448,130.0,13.39,ok,
botswana,10,46,eSFCM,,,,,0.5643500643500643,0.6140427989754953,0.5539531972063075,0.5400246305418719,0.5689078580656719,0.7843872339930275,365.0,36.71,ok,
botswana,10,46,S3FCM,,,,,0.4626769626769627,0.5390874750114478,0.4502458115213527,0.45935960591133,0.5358778011899445,0.5939336493766635,156.0,4.25,ok,
botswana,10,46,GS-SPFCM,,,,,0.7062419562419563,0.6666671702968806,0.7068855855575963,0.7133620689655172,0.6720254307809089,1.0809731975953976,73.0,21.86,ok,
botswana,10,46,Softmax,,,,,0.8957528957528957,0.8595895175674493,0.8957727858200899,0.9002463054187192,0.8640434637762174,2.6800056735505557,,6.95,ok,
botswana,10,46,Sr-SSFCM,0.99,7512.188134357811,75.88068822583654,0.988324499635191,0.896074646074646,0.8600861752127242,0.8961057008452956,0.9005541871921182,0.8645241253955654,1.8861790350135552,5.0,7.7,ok,
botswana,10,46,Sw-SSFCM_r1,0.99,7512.188134357811,75.88068822583654,0.9892690095636048,0.9305019305019304,0.9107762217785116,0.928782436675221,0.9334975369458128,0.9135530421031058,1.9008553367100145,5.0,7.81,ok,
botswana,10,46,Sw-SSFCM_r2,0.99,7512.188134357811,75.88068822583654,0.9895623910489588,0.9353281853281852,0.9205596324984546,0.9312128306628722,0.938115763546798,0.9229380869131794,1.8566204212364388,5.0,7.88,ok,
botswana,10,47,FCM,,,,,0.462033462033462,0.538564546827667,0.4502661427104768,0.4621305418719212,0.5398551315453076,0.5940044261625971,140.0,1.08,ok,
botswana,10,47,FCM_S1,,,,,0.4636422136422136,0.5549932899386556,0.460738221019927,0.4630541871921182,0.5560914946246315,0.9040700031899596,100.0,2.31,ok,
botswana,10,47,FCM_S2,,,,,0.4684684684684684,0.5549560881275009,0.4574664707241578,0.4692118226600985,0.5563933611483037,0.8725012895821502,100.0,4.74,ok,
botswana,10,47,FLICM,,,,,0.5025740025740025,0.5911059325753566,0.4748704418662361,0.5027709359605911,0.5926565479314742,0.6375590741011201,220.0,25.54,ok,
botswana,10,47,KWFLICM,,,,,0.4295366795366795,0.5591445369112151,0.3734724438197664,0.4291871921182266,0.5609074489427697,5.740427101250023,295.0,6.07,ok,
botswana,10,47,SSFCM,,,,,0.4395109395109395,0.542519518875635,0.4418020869648633,0.4298029556650246,0.5138388084208904,0.6177449950969868,140.0,14.42,ok,
botswana,10,47,eSFCM,,,,,0.5022522522522522,0.5965090396011714,0.4917164704991904,0.4867610837438423,0.5611687734551198,0.7722550153139904,350.0,35.15,ok,
botswana,10,47,S3FCM,,,,,0.4379021879021879,0.5430336672874974,0.4411207321372797,0.4433497536945813,0.5433433942686657,0.611333191765278,90.0,2.96,ok,
botswana,10,47,GS-SPFCM,,,,,0.7068854568854569,0.6713156674840741,0.7048708741315759,0.7108990147783252,0.6734869494720268,1.3674923833499664,96.0,28.35,ok,
botswana,10,47,Softmax,,,,,0.8944658944658944,0.8576946091818682,0.899178363263391,0.8990147783251231,0.8623065725722537,3.624207926270015,,6.96,ok,
botswana,10,47,Sr-SSFCM,0.99,7380.008481663351,74.54554021882178,0.988462365625024,0.8944658944658944,0.8576946091818682,0.899178363263391,0.8990147783251231,0.8623065725722537,2.582737003008607,5.0,7.68,ok,
botswana,10,47,Sw-SSFCM_r1,0.99,7380.008481663351,74.54554021882178,0.9895450687002492,0.9453024453024452,0.9261471859873645,0.9479280284007486,0.9473522167487683,0.9282471216629956,2.315070212743335,5.0,7.8,ok,
botswana,10,47,Sw-SSFCM_r2,0.99,7380.008481663351,74.54554021882178,0.9898813768711991,0.9494851994851996,0.9331836072032492,0.9521735476311336,0.9513546798029556,0.9350456078109448,2.1037660702111807,5.0,7.86,ok,
botswana,10,48,FCM,,,,,0.462033462033462,0.5387029788169603,0.4496080017669432,0.4630541871921182,0.5401801876219833,0.5940532106567356,135.0,1.04,ok,
botswana,10,48,FCM_S1,,,,,0.462998712998713,0.5550141425705867,0.4599442926048363,0.4639778325123153,0.5562258250062058,0.9041067442043343,90.0,2.15,ok,
botswana,10,48,FCM_S2,,,,,0.4691119691119691,0.5548970823948239,0.4585315355356637,0.4698275862068966,0.5564735898272706,0.8724469656576216,95.0,4.66,ok,
botswana,10,48,FLICM,,,,,0.500965250965251,0.5910796872732152,0.4732823687733021,0.5027709359605911,0.5926565479314742,0.6375720622780627,235.0,27.28,ok,
botswana,10,48,KWFLICM,,,,,0.4321106821106821,0.5606837205119619,0.3773799355307617,0.4294950738916256,0.5608827695120003,5.739889975427364,265.0,5.74,ok,
botswana,10,48,SSFCM,,,,,0.4626769626769627,0.5389329497574112,0.4501041817903837,0.4476600985221675,0.5045000795651725,0.6080584901730118,120.0,12.37,ok,
botswana,10,48,eSFCM,,,,,0.5756113256113257,0.6044308906759406,0.55502717227991,0.5508004926108374,0.5619878902082096,0.7111439502833866,270.0,27.11,ok,
botswana,10,48,S3FCM,,,,,0.4668597168597168,0.5401807510897076,0.4545184009934435,0.4624384236453202,0.5365271414816511,0.5966862830041864,82.0,2.78,ok,
botswana,10,48,GS-SPFCM,,,,,0.6811454311454311,0.671801168960405,0.6944503039078364,0.6859605911330049,0.6735348211634145,1.594504158172228,77.0,23.02,ok,
botswana,10,48,Softmax,,,,,0.8918918918918919,0.8511258078861323,0.8937221810062207,0.896551724137931,0.8559576865269246,2.17585495587733,,6.94,ok,
botswana,10,48,Sr-SSFCM,0.99,6824.541130921244,68.93475889819445,0.9879378657551686,0.8915701415701416,0.8509488813967455,0.8934765007095403,0.896243842364532,0.8557843343889247,1.520813831435678,5.0,7.68,ok,
botswana,10,48,Sw-SSFCM_r1,0.99,6824.541130921244,68.93475889819445,0.9889017496178026,0.927927927927928,0.9041553279133768,0.9269060834644004,0.9310344827586208,0.9072138999512308,1.510605396402256,5.0,7.8,ok,
botswana,10,48,Sw-SSFCM_r2,0.99,6824.541130921244,68.93475889819445,0.9892193557324992,0.9356499356499356,0.913492583502608,0.9321653513357808,0.938115763546798,0.916029847834202,1.527426588678828,5.0,7.86,ok,
botswana,10,49,FCM,,,,,0.4588159588159588,0.5397087179164884,0.4456706169253072,0.4621305418719212,0.5398551315453076,0.5939796464135946,165.0,1.25,ok,
botswana,10,49,FCM_S1,,,,,0.4639639639639639,0.5570855824225416,0.4620088599891636,0.4630541871921182,0.5556600000364456,0.9040443770525736,100.0,2.31,ok,
botswana,10,49,FCM_S2,,,,,0.4678249678249678,0.5577062147245692,0.4545943834964357,0.4695197044334975,0.5570263572459945,0.8717591826821043,105.0,4.82,ok,
botswana,10,49,FLICM,,,,,0.5022522522522522,0.5945775266011086,0.4749170885775821,0.5027709359605911,0.5926565479314742,0.6375766345104025,215.0,24.96,ok,
botswana,10,49,KWFLICM,,,,,0.3696911196911197,0.5129524572827258,0.3114379544549521,0.3679187192118227,0.510668442740495,9.079205556180504,265.0,5.63,ok,
botswana,10,49,SSFCM,,,,,0.4604247104247104,0.5406232628174834,0.4470471895944615,0.4405788177339901,0.5025639270502161,0.6051448031591611,150.0,15.45,ok,
botswana,10,49,eSFCM,,,,,0.5659588159588159,0.6158134265743446,0.5565293015036091,0.541564039408867,0.5725369282952013,0.7853076133185573,405.0,40.67,ok,
botswana,10,49,S3FCM,,,,,0.4642857142857143,0.5412752014929062,0.4511738572222699,0.4615147783251231,0.5357453930510919,0.5967422720774553,83.0,3.0,ok,
botswana,10,49,GS-SPFCM,,,,,0.7191119691119691,0.6805869119864212,0.723603946507755,0.7204433497536946,0.6814542161150187,4.766388961196467,55.0,16.75,ok,
botswana,10,49,Softmax,,,,,0.9005791505791506,0.8559090035860369,0.9054950365715344,0.9048645320197044,0.8607172852986611,3.674114680586732,,6.9,ok,
botswana,10,49,Sr-SSFCM,0.99,7455.923975629798,75.31236339020005,0.98865303125655,0.9009009009009008,0.8561585884420072,0.9057606260609188,0.9051724137931034,0.8609605275849473,2.557402836857128,5.0,7.65,ok,
botswana,10,49,Sw-SSFCM_r1,0.99,7455.923975629798,75.31236339020005,0.9897352556013532,0.9514157014157014,0.930575829761028,0.9518934615334904,0.9535098522167488,0.9328688078285832,2.249959128581438,5.0,7.84,ok,
botswana,10,49,Sw-SSFCM_r2,0.99,7455.923975629798,75.31236339020005,0.989994361531962,0.9543114543114544,0.9354880894868772,0.9544430289335806,0.95628078817734,0.9376078303199076,2.119383228642678,5.0,7.83,ok,
botswana,10,50,FCM,,,,,0.4607464607464607,0.5384839088689776,0.4470336434195028,0.4621305418719212,0.5398551315453076,0.5940025029686837,130.0,1.0,ok,
botswana,10,50,FCM_S1,,,,,0.4601029601029601,0.5523759261781304,0.4495574686429512,0.4630541871921182,0.5560914946246314,0.9040932622135394,90.0,2.15,ok,
botswana,10,50,FCM_S2,,,,,0.4694337194337194,0.5534853628244589,0.4567151060374438,0.4698275862068966,0.5568888055271092,0.8720321120028872,95.0,4.66,ok,
botswana,10,50,FLICM,,,,,0.4967824967824968,0.5894056470909694,0.4697534088421245,0.5027709359605911,0.5926565479314742,0.6375612227726056,220.0,25.54,ok,
botswana,10,50,KWFLICM,,,,,0.3671171171171171,0.5068402348308649,0.3066133653981265,0.3663793103448275,0.5090408729223456,15064.269204704004,335.0,6.61,ok,
botswana,10,50,SSFCM,,,,,0.4607464607464607,0.5384073573161395,0.4471001072471172,0.4436576354679803,0.5011425231415335,0.6057454948094385,85.0,8.76,ok,
botswana,10,50,eSFCM,,,,,0.5620978120978121,0.6133331634696059,0.5521001677373771,0.5440270935960592,0.5794381635971322,0.7918682122560984,140.0,14.07,ok,
botswana,10,50,S3FCM,,,,,0.4346846846846847,0.541402657727451,0.435394107587809,0.439039408866995,0.5396502182386437,0.6100666595639382,113.0,3.33,ok,
botswana,10,50,GS-SPFCM,,,,,0.6975546975546976,0.6640239849326067,0.6989228987530309,0.7028940886699507,0.6675308042355306,1.37253197021366,178.0,51.32,ok,
botswana,10,50,Softmax,,,,,0.8941441441441441,0.8516040624775494,0.8942711251580617,0.8987068965517241,0.8563801223020474,3.4851043254726912,,6.92,ok,
botswana,10,50,Sr-SSFCM,0.99,6984.224801642528,70.54772526911651,0.9881486768625232,0.8941441441441441,0.8516040624775494,0.8942711251580617,0.8987068965517241,0.8563801223020474,2.42178751653738,5.0,7.68,ok,
botswana,10,50,Sw-SSFCM_r1,0.99,6984.224801642528,70.54772526911651,0.9890531950357622,0.9388674388674388,0.914667547752118,0.9366875940453608,0.9415024630541872,0.9174010810896536,2.4438440309627363,5.0,7.8,ok,
botswana,10,50,Sw-SSFCM_r2,0.99,6984.224801642528,70.54772526911651,0.9893234488330356,0.9462676962676962,0.9285483053011856,0.9419289591932308,0.9482758620689656,0.9304148581933624,2.4470941066453404,5.0,7.86,ok,
botswana,10,51,FCM,,,,,0.4584942084942085,0.5373958057997,0.4456900545251175,0.4621305418719212,0.5398551315453076,0.5939906628350199,145.0,1.12,ok,
botswana,10,51,FCM_S1,,,,,0.4633204633204633,0.5539520066267151,0.4589723807716956,0.4630541871921182,0.5556600000364456,0.9040409942808856,110.0,2.47,ok,
botswana,10,51,FCM_S2,,,,,0.4671814671814672,0.555571265621033,0.4558518771760645,0.4695197044334975,0.5571894130531103,0.8718183698187768,110.0,4.9,ok,
botswana,10,51,FLICM,,,,,0.5022522522522522,0.5909798851188348,0.4747468690524318,0.5027709359605911,0.5926565479314742,0.6375630314783888,200.0,23.22,ok,
botswana,10,51,KWFLICM,,,,,0.3967181467181467,0.5545813736378649,0.3525569393928495,0.39685960591133,0.5554172009926085,6.646219550615677,235.0,5.27,ok,
botswana,10,51,SSFCM,,,,,0.4578507078507078,0.5377109223002612,0.4451760287432153,0.438115763546798,0.4955475734494782,0.6091749017981716,125.0,12.88,ok,
botswana,10,51,eSFCM,,,,,0.5025740025740025,0.5953460610225912,0.4904316786257176,0.480911330049261,0.5508418575590756,0.7715991505746099,215.0,21.6,ok,
botswana,10,51,S3FCM,,,,,0.4327541827541827,0.5416838170987593,0.4267569740994282,0.4375,0.5406073358886053,0.6210642188189861,85.0,2.9,ok,
botswana,10,51,GS-SPFCM,,,,,0.7197554697554698,0.6882808059584277,0.7378750680935889,0.7241379310344828,0.6920406071481378,2.205392672850224,180.0,51.88,ok,
botswana,10,51,Softmax,,,,,0.8738738738738738,0.831999569782055,0.8790270544216829,0.8793103448275862,0.8374228003911105,2.563867156183999,,6.91,ok,
botswana,10,51,Sr-SSFCM,0.99,7319.354445567271,73.93287318754825,0.988989519962094,0.8741956241956242,0.8325816513483733,0.8795389835934257,0.8796182266009852,0.8379869156640497,1.7497379083601614,5.0,7.69,ok,
botswana,10,51,Sw-SSFCM_r1,0.99,7319.354445567271,73.93287318754825,0.9899392772922212,0.9124839124839124,0.8873508777935177,0.9154575906191884,0.915948275862069,0.8906286809176285,1.6786286663955352,5.0,7.8,ok,
botswana,10,51,Sw-SSFCM_r2,0.99,7319.354445567271,73.93287318754825,0.9902253958105606,0.9208494208494208,0.8988864681980665,0.9233429599984726,0.9239532019704434,0.9017902905705804,1.7920902217141168,5.0,7.94,ok,
botswana,20,42,FCM,,,,,0.4626010781671159,0.5384798481168526,0.4442910513469545,0.4621305418719212,0.5398551315453076,0.5940269235497747,150.0,1.15,ok,
botswana,20,42,FCM_S1,,,,,0.4626010781671159,0.5531143550150387,0.458378914573641,0.4630541871921182,0.5560914946246314,0.9041054879394504,95.0,2.26,ok,
botswana,20,42,FCM_S2,,,,,0.4663072776280323,0.5531624146603278,0.4558637055798514,0.4698275862068966,0.5566454604267567,0.8726091588354635,115.0,4.98,ok,
botswana,20,42,FLICM,,,,,0.5020215633423181,0.5888077153499541,0.4737157920841376,0.5027709359605911,0.5926565479314742,0.6375380255450823,205.0,23.8,ok,
botswana,20,42,KWFLICM,,,,,0.430256064690027,0.5601333182062381,0.3737798259389387,0.4291871921182266,0.5609397803070273,6.238501250775085,155.0,4.05,ok,
botswana,20,42,SSFCM,,,,,0.4383423180592992,0.5403802657999411,0.4385560241586338,0.4067118226600985,0.4816596630897368,0.628211344088968,100.0,10.31,ok,
botswana,20,42,eSFCM,,,,,0.5636792452830188,0.6125498458148028,0.5518891768910769,0.5150862068965517,0.5477895717821285,0.8013844965339613,560.0,56.21,ok,
botswana,20,42,S3FCM,,,,,0.466644204851752,0.5404573846104281,0.4517228596882296,0.4633620689655172,0.5346577848865395,0.5955901495107879,101.0,3.24,ok,
botswana,20,42,GS-SPFCM,,,,,0.7024932614555256,0.6769330882853425,0.70353792238604,0.7127463054187192,0.6813094434587481,1.45941677714867,75.0,22.41,ok,
botswana,20,42,Softmax,,,,,0.9117250673854448,0.8696349644261827,0.9159054866416256,0.9190270935960592,0.878259204019873,2.6197532181057595,,10.57,ok,
botswana,20,42,Sr-SSFCM,0.99,6368.261899382039,64.3258777715358,0.9858473741643632,0.912398921832884,0.8706325542663159,0.9165122242887966,0.9196428571428572,0.8791880931468685,1.804346722337924,5.0,11.82,ok,
botswana,20,42,Sw-SSFCM_r1,0.99,6368.261899382039,64.3258777715358,0.987239488138443,0.9575471698113208,0.9321549323387368,0.960137176204981,0.9605911330049262,0.9362153017699786,1.5353688691979028,5.0,11.94,ok,
botswana,20,42,Sw-SSFCM_r2,0.99,6368.261899382039,64.3258777715358,0.9875982042215018,0.9663072776280324,0.944377049278404,0.9676297746345088,0.9689039408866996,0.9478572825792688,1.6037643736063785,5.0,12.02,ok,
botswana,20,43,FCM,,,,,0.4599056603773584,0.5360920493660258,0.4434988498961282,0.4621305418719212,0.5398551315453076,0.5940022660647492,135.0,1.04,ok,
botswana,20,43,FCM_S1,,,,,0.4626010781671159,0.552516080753117,0.4594095456316805,0.4630541871921182,0.5560914946246314,0.9041392145225168,90.0,2.16,ok,
botswana,20,43,FCM_S2,,,,,0.4686657681940701,0.5524244718416264,0.4584244089167551,0.4698275862068966,0.556419596449739,0.8726188381915236,90.0,4.58,ok,
botswana,20,43,FLICM,,,,,0.5013477088948787,0.58832919121517,0.474355528550007,0.5027709359605911,0.5926565479314742,0.6375348681887225,210.0,24.38,ok,
botswana,20,43,KWFLICM,,,,,0.396900269541779,0.5523505549080644,0.35219563776524,0.39685960591133,0.5554172009926085,6.632892947391524,185.0,4.45,ok,
botswana,20,43,SSFCM,,,,,0.4615902964959569,0.5371029353146876,0.4447791017639438,0.4291871921182266,0.4852275395879674,0.6174357562138465,135.0,13.98,ok,
botswana,20,43,eSFCM,,,,,0.5643530997304582,0.6121822745560835,0.5517461884939078,0.5227832512315271,0.5443750614592584,0.8076360838419814,185.0,18.58,ok,
botswana,20,43,S3FCM,,,,,0.4639487870619946,0.5375212243938694,0.4519412510843169,0.4624384236453202,0.5293452194139848,0.5968171619731371,83.0,2.8,ok,
botswana,20,43,GS-SPFCM,,,,,0.7035040431266847,0.6787016744059167,0.7055194076097965,0.7145935960591133,0.6858401675319319,1.3310239217898532,73.0,21.85,ok,
botswana,20,43,Softmax,,,,,0.9097035040431268,0.8719117398350136,0.915407324910829,0.917179802955665,0.880314702421164,3.0942207559356194,,10.53,ok,
botswana,20,43,Sr-SSFCM,0.99,6513.776855123096,65.79572580932425,0.9868616692068652,0.9097035040431268,0.8719117398350136,0.915407324910829,0.917179802955665,0.880314702421164,2.197612017018491,5.0,11.83,ok,
botswana,20,43,Sw-SSFCM_r1,0.99,6513.776855123096,65.79572580932425,0.9879174121452527,0.9548517520215634,0.9334889150132584,0.9563699072716516,0.958435960591133,0.9377493232776828,2.1240451017910518,5.0,11.95,ok,
botswana,20,43,Sw-SSFCM_r2,0.99,6513.776855123096,65.79572580932425,0.9882255979799424,0.9642857142857144,0.945472729523157,0.9648169728720024,0.9670566502463054,0.9489184782407232,2.087950091035477,5.0,12.01,ok,
botswana,20,44,FCM,,,,,0.456199460916442,0.5377615991770304,0.4415893022766819,0.4621305418719212,0.5398551315453076,0.5940013169302987,145.0,1.11,ok,
botswana,20,44,FCM_S1,,,,,0.4629380053908355,0.5537522282907171,0.4590550318638427,0.4630541871921182,0.5559987484940828,0.9041413295571166,90.0,2.16,ok,
botswana,20,44,FCM_S2,,,,,0.4703504043126684,0.5538568050161438,0.45836908441954,0.4698275862068966,0.5564194951346644,0.8726178662049886,90.0,4.58,ok,
botswana,20,44,FLICM,,,,,0.5033692722371967,0.590420096831963,0.4761446793419907,0.5027709359605911,0.5926565479314742,0.637535299123768,215.0,24.96,ok,
botswana,20,44,KWFLICM,,,,,0.3682614555256064,0.5082274994350323,0.3081467250780841,0.3682266009852217,0.5100579699159684,10.126549900355291,395.0,7.5,ok,
botswana,20,44,SSFCM,,,,,0.4329514824797844,0.540354615151579,0.4246013769266456,0.4017857142857143,0.4884060759014917,0.6268004698276473,145.0,14.93,ok,
botswana,20,44,eSFCM,,,,,0.589622641509434,0.6228656721985883,0.5806706819191495,0.5387931034482759,0.5619329162983338,0.7798147562861109,290.0,29.12,ok,
botswana,20,44,S3FCM,,,,,0.4599056603773584,0.5388555533756088,0.445742198158421,0.4535098522167488,0.5309059411326743,0.5951657530959636,96.0,3.11,ok,
botswana,20,44,GS-SPFCM,,,,,0.7099056603773585,0.6784930499549844,0.7207586490603461,0.7198275862068966,0.682971026537958,1.8395065210338903,86.0,25.6,ok,
botswana,20,44,Softmax,,,,,0.9120619946091644,0.876131628698136,0.9127589045747188,0.9196428571428572,0.8843382557867859,2.799773016617291,,10.59,ok,
botswana,20,44,Sr-SSFCM,0.99,6299.409908270892,63.63040311384745,0.9848074275196248,0.9127358490566038,0.8776824099314827,0.9138635534492452,0.9202586206896552,0.8857868581261167,2.0582466121372245,5.0,11.8,ok,
botswana,20,44,Sw-SSFCM_r1,0.99,6299.409908270892,63.63040311384745,0.9860572142041868,0.9386792452830188,0.9188968680548536,0.9397981679244056,0.9430418719211824,0.9233697597682802,2.007715339137128,5.0,11.91,ok,
botswana,20,44,Sw-SSFCM_r2,0.99,6299.409908270892,63.63040311384745,0.9864756874607652,0.9444070080862532,0.926762454769422,0.944940919032648,0.9479679802955664,0.9305330544448503,2.0088521560859154,5.0,12.06,ok,
botswana,20,45,FCM,,,,,0.4629380053908355,0.5380890516855467,0.4448169193334998,0.4621305418719212,0.5398551315453076,0.5940182585740467,140.0,1.07,ok,
botswana,20,45,FCM_S1,,,,,0.4636118598382749,0.5530130554574536,0.454078307989412,0.4630541871921182,0.5556600000364456,0.9040339617192668,110.0,2.47,ok,
botswana,20,45,FCM_S2,,,,,0.4727088948787062,0.5556755086648947,0.460458475076108,0.4695197044334975,0.5571471923902355,0.8718572498260648,110.0,4.9,ok,
botswana,20,45,FLICM,,,,,0.5050539083557951,0.5922455239537235,0.476134366045207,0.5027709359605911,0.5926565479314742,0.6375482507483422,200.0,23.22,ok,
botswana,20,45,KWFLICM,,,,,0.4080188679245283,0.5593524319701109,0.3789982284792049,0.4091748768472906,0.5613159406838125,5.10112728932158,125.0,3.61,ok,
botswana,20,45,SSFCM,,,,,0.4565363881401617,0.5396324547888012,0.4361982961745571,0.417179802955665,0.4914460225727398,0.5868989849440883,115.0,11.85,ok,
botswana,20,45,eSFCM,,,,,0.4639487870619946,0.5695963775907459,0.4394176293292778,0.4245689655172414,0.5227610789003097,0.7387663061360324,235.0,23.61,ok,
botswana,20,45,S3FCM,,,,,0.4659703504043126,0.5395759808855285,0.4513976527074762,0.4627463054187192,0.5332179188015128,0.5995469687740554,138.0,3.88,ok,
botswana,20,45,GS-SPFCM,,,,,0.7024932614555256,0.6720363317883573,0.7042891291976892,0.7093596059113301,0.6765107529428468,1.4289248704153197,72.0,21.5,ok,
botswana,20,45,Softmax,,,,,0.9090296495956872,0.8687621585906233,0.914076865836448,0.916564039408867,0.8772065883162996,2.53665807653602,,10.55,ok,
botswana,20,45,Sr-SSFCM,0.99,6141.139395770206,62.03171106838597,0.9855546053083362,0.908355795148248,0.8680735957512705,0.9134423805648616,0.915948275862069,0.8765560701864783,1.834994484156673,5.0,11.78,ok,
botswana,20,45,Sw-SSFCM_r1,0.99,6141.139395770206,62.03171106838597,0.9870511209696788,0.9558625336927224,0.933491280816544,0.9557500346915074,0.95935960591133,0.9376397013844936,1.7581905163974898,5.0,11.98,ok,
botswana,20,45,Sw-SSFCM_r2,0.99,6141.139395770206,62.03171106838597,0.987490068597424,0.9622641509433962,0.9437713203102736,0.9618421846239374,0.9649014778325125,0.9469321065368016,1.7211007055025151,5.0,11.96,ok,
botswana,20,46,FCM,,,,,0.4592318059299191,0.5404774688489746,0.4385926687705305,0.4621305418719212,0.5398551315453076,0.5940586459931729,145.0,1.11,ok,
botswana,20,46,FCM_S1,,,,,0.4663072776280323,0.5555556730448938,0.4601896091897589,0.4630541871921182,0.5560914946246315,0.9040609788845098,110.0,2.47,ok,
botswana,20,46,FCM_S2,,,,,0.4696765498652291,0.5565935635252675,0.4611907768449895,0.4698275862068966,0.5567683221895209,0.872039811401042,115.0,4.98,ok,
botswana,20,46,FLICM,,,,,0.5053908355795148,0.5915284973009249,0.4777430834772377,0.5027709359605911,0.5926565479314742,0.6375801215499292,180.0,20.9,ok,
botswana,20,46,KWFLICM,,,,,0.434299191374663,0.561520087829258,0.3790913044596354,0.4285714285714285,0.5608053456316677,7.497552060874843,400.0,7.59,ok,
botswana,20,46,SSFCM,,,,,0.4605795148247978,0.5409838623616239,0.439526745119107,0.4331896551724138,0.4802500743634421,0.6165237330370156,130.0,13.45,ok,
botswana,20,46,eSFCM,,,,,0.5673854447439353,0.6132430393365654,0.5570210959466816,0.5184729064039408,0.5448056272034054,0.7809890135327875,415.0,41.67,ok,
botswana,20,46,S3FCM,,,,,0.4646226415094339,0.5412938474764644,0.4484323316938365,0.4544334975369458,0.5332991811714693,0.5966331001338212,78.0,2.77,ok,
botswana,20,46,GS-SPFCM,,,,,0.7119272237196765,0.6751602905822025,0.7122079019542757,0.7207512315270936,0.678728658242639,1.731246689539229,86.0,25.41,ok,
botswana,20,46,Softmax,,,,,0.907345013477089,0.8705561027360835,0.9104715748811604,0.915024630541872,0.8788628568611974,2.1506677977957462,,10.71,ok,
botswana,20,46,Sr-SSFCM,0.99,6492.376287220316,65.57955845677093,0.985731239572278,0.9076819407008088,0.8714828754192078,0.9107862395488536,0.9153325123152708,0.8797177680487115,1.580872147159865,5.0,11.76,ok,
botswana,20,46,Sw-SSFCM_r1,0.99,6492.376287220316,65.57955845677093,0.9869460506269788,0.9497978436657682,0.9258891361112284,0.9507878268172466,0.9535098522167488,0.9302226966978046,1.565133645358571,5.0,11.87,ok,
botswana,20,46,Sw-SSFCM_r2,0.99,6492.376287220316,65.57955845677093,0.9873220589507924,0.960579514824798,0.9393048920461734,0.960616129850294,0.9630541871921182,0.9424245546591796,1.614163655554466,5.0,11.94,ok,
botswana,20,47,FCM,,,,,0.4592318059299191,0.5400994444772355,0.442640171892434,0.4621305418719212,0.5398551315453076,0.5940044261625971,140.0,1.17,ok,
botswana,20,47,FCM_S1,,,,,0.4632749326145552,0.5563306716873412,0.4600888014963811,0.4630541871921182,0.5560914946246315,0.9040700031899596,100.0,2.31,ok,
botswana,20,47,FCM_S2,,,,,0.4690026954177897,0.5561972892734753,0.45809866579647,0.4692118226600985,0.5563933611483037,0.8725012895821502,100.0,4.83,ok,
botswana,20,47,FLICM,,,,,0.5053908355795148,0.5923595899255067,0.4768062525054096,0.5027709359605911,0.5926565479314742,0.6375590741011201,220.0,25.54,ok,
botswana,20,47,KWFLICM,,,,,0.4353099730458221,0.5627379811333516,0.3783284088456485,0.4291871921182266,0.5609074489427697,5.740427101250023,295.0,6.03,ok,
botswana,20,47,SSFCM,,,,,0.4359838274932615,0.5424757511996398,0.4378967062412619,0.416871921182266,0.5013564623878759,0.6252889796587147,140.0,14.54,ok,
botswana,20,47,eSFCM,,,,,0.5037061994609164,0.5967248886244031,0.4993307696688627,0.4762931034482758,0.5436311233114669,0.7837258716629084,330.0,33.15,ok,
botswana,20,47,S3FCM,,,,,0.4626010781671159,0.540980038308635,0.4492930564339029,0.4627463054187192,0.5367621927575515,0.6125573408907234,68.0,2.54,ok,
botswana,20,47,GS-SPFCM,,,,,0.714622641509434,0.6819404192060304,0.720418613880276,0.7204433497536946,0.6855651829511267,1.840468677164924,102.0,30.01,ok,
botswana,20,47,Softmax,,,,,0.912398921832884,0.8681954037840064,0.9138734089636904,0.919950738916256,0.8771183186402778,2.9838884537315518,,10.7,ok,
botswana,20,47,Sr-SSFCM,0.99,6081.993880383116,61.43428162003153,0.9844896452552492,0.9120619946091644,0.867906263084359,0.9135811640348482,0.9196428571428572,0.8768455859004025,2.128971430165016,5.0,11.84,ok,
botswana,20,47,Sw-SSFCM_r1,0.99,6081.993880383116,61.43428162003153,0.9859333977954544,0.9548517520215634,0.9293062429162048,0.9550492364119562,0.958435960591133,0.9338883037139618,2.0816652710204524,5.0,11.95,ok,
botswana,20,47,Sw-SSFCM_r2,0.99,6081.993880383116,61.43428162003153,0.986386884629838,0.9652964959568732,0.9448296037033976,0.965102423575619,0.9679802955665024,0.9483616104543636,2.1056380282153957,5.0,12.01,ok,
botswana,20,48,FCM,,,,,0.4629380053908355,0.537718198200253,0.4452296601647018,0.4630541871921182,0.5401801876219833,0.5940532106567356,135.0,1.04,ok,
botswana,20,48,FCM_S1,,,,,0.4605795148247978,0.5523145675558321,0.4487891755429965,0.4639778325123153,0.5562258250062058,0.9041067442043343,90.0,2.15,ok,
botswana,20,48,FCM_S2,,,,,0.466644204851752,0.55334818178072,0.4546680702555274,0.4698275862068966,0.5564735898272706,0.8724469656576216,95.0,4.66,ok,
botswana,20,48,FLICM,,,,,0.4996630727762803,0.5892564548196676,0.4729413963844504,0.5027709359605911,0.5926565479314742,0.6375720622780627,235.0,27.28,ok,
botswana,20,48,KWFLICM,,,,,0.4289083557951482,0.5597596832607793,0.3717043652479317,0.4294950738916256,0.5608827695120003,5.739889975427364,265.0,5.63,ok,
botswana,20,48,SSFCM,,,,,0.4629380053908355,0.5377947076665155,0.4451527854287255,0.4331896551724138,0.4868292505568266,0.6226272335079042,120.0,12.36,ok,
botswana,20,48,eSFCM,,,,,0.578167115902965,0.6051513732270357,0.5559053317390992,0.5283251231527094,0.5410036498459349,0.7253485703144702,265.0,26.62,ok,
botswana,20,48,S3FCM,,,,,0.4642857142857143,0.5384200426131427,0.4514154229378704,0.458743842364532,0.5308577831262895,0.5956449097721528,99.0,3.1,ok,
botswana,20,48,GS-SPFCM,,,,,0.6869946091644205,0.6614412121946279,0.6923997303438474,0.6964285714285714,0.6681946872713092,1.4834442017254266,92.0,27.23,ok,
botswana,20,48,Softmax,,,,,0.9110512129380054,0.8695092074034942,0.9133491836152344,0.9184113300492612,0.878011832766099,3.83254038743724,,10.53,ok,
botswana,20,48,Sr-SSFCM,0.99,6357.975992705824,64.2219797243013,0.9855649549892116,0.9110512129380054,0.8695092074034942,0.9133491836152344,0.9184113300492612,0.878011832766099,2.759042078943897,5.0,11.9,ok,
botswana,20,48,Sw-SSFCM_r1,0.99,6357.975992705824,64.2219797243013,0.9868833354728712,0.9508086253369272,0.927042711878087,0.951123544840302,0.955049261083744,0.9319886638869318,2.716558338628422,5.0,12.01,ok,
botswana,20,48,Sw-SSFCM_r2,0.99,6357.975992705824,64.2219797243013,0.987302674553759,0.9551886792452832,0.9344046256836972,0.9548818694305694,0.959051724137931,0.9388213574292869,2.612948997340822,5.0,12.08,ok,
botswana,20,49,FCM,,,,,0.4605795148247978,0.5384823443803778,0.4474822628662327,0.4621305418719212,0.5398551315453076,0.5939796464135946,165.0,1.25,ok,
botswana,20,49,FCM_S1,,,,,0.4646226415094339,0.5552706987679639,0.4610242068836177,0.4630541871921182,0.5556600000364456,0.9040443770525736,100.0,2.31,ok,
botswana,20,49,FCM_S2,,,,,0.4696765498652291,0.5554989279049205,0.4579296778326097,0.4695197044334975,0.5570263572459945,0.8717591826821043,105.0,4.82,ok,
botswana,20,49,FLICM,,,,,0.5040431266846361,0.591932868168723,0.4755883407091152,0.5027709359605911,0.5926565479314742,0.6375766345104025,215.0,24.97,ok,
botswana,20,49,KWFLICM,,,,,0.3709568733153638,0.5092174745252278,0.3127350807696183,0.3679187192118227,0.510668442740495,9.079205556180504,265.0,5.64,ok,
botswana,20,49,SSFCM,,,,,0.4619272237196765,0.5389521799877783,0.4485606016247782,0.4236453201970443,0.4822564835327663,0.6149823015583736,150.0,15.45,ok,
botswana,20,49,eSFCM,,,,,0.5633423180592992,0.613143507356582,0.5509301788513417,0.5147783251231527,0.5467280638125732,0.7842424775304913,445.0,44.67,ok,
botswana,20,49,S3FCM,,,,,0.466644204851752,0.5401876296686591,0.4537159423142288,0.4559729064039409,0.5337170301352988,0.5956485450414638,88.0,3.22,ok,
botswana,20,49,GS-SPFCM,,,,,0.7082210242587601,0.6673853407668774,0.7122358049475422,0.7158251231527094,0.6723651804482805,1.2780726279275585,87.0,25.76,ok,
botswana,20,49,Softmax,,,,,0.9177897574123988,0.8753159755855529,0.9227474700501156,0.9245689655172412,0.8834687612979418,2.9851548434895148,,10.65,ok,
botswana,20,49,Sr-SSFCM,0.99,6357.366995641939,64.21582823880752,0.986976587494902,0.9181266846361186,0.8759196841027037,0.9237337236480826,0.9248768472906403,0.8840457568656136,2.0826259618766985,5.0,11.73,ok,
botswana,20,49,Sw-SSFCM_r1,0.99,6357.366995641939,64.21582823880752,0.9879118538668308,0.9615902964959568,0.9394197979428818,0.9609550576183024,0.9636699507389164,0.9421836237558644,2.06162260180347,5.0,11.95,ok,
botswana,20,49,Sw-SSFCM_r2,0.99,6357.366995641939,64.21582823880752,0.9882108276868016,0.9696765498652292,0.952408374239324,0.9679891334215228,0.9713669950738916,0.954587107511538,2.0723597591620995,5.0,11.91,ok,
botswana,20,50,FCM,,,,,0.4588948787061994,0.5365890584192871,0.4403124156970194,0.4621305418719212,0.5398551315453076,0.5940025029686837,130.0,1.01,ok,
botswana,20,50,FCM_S1,,,,,0.4639487870619946,0.5516943025166714,0.459357355942693,0.4630541871921182,0.5560914946246314,0.9040932622135394,90.0,2.15,ok,
botswana,20,50,FCM_S2,,,,,0.4679919137466307,0.5528483274486834,0.4551415704467702,0.4698275862068966,0.5568888055271092,0.8720321120028872,95.0,4.66,ok,
botswana,20,50,FLICM,,,,,0.5026954177897575,0.5896627066419451,0.4745970083138657,0.5027709359605911,0.5926565479314742,0.6375612227726056,220.0,25.55,ok,
botswana,20,50,KWFLICM,,,,,0.3702830188679245,0.5063115326845228,0.3091918614705516,0.3663793103448275,0.5090408729223456,15064.269204704004,335.0,6.64,ok,
botswana,20,50,SSFCM,,,,,0.4588948787061994,0.5358970887809538,0.4403681535019643,0.4254926108374384,0.4800497020709846,0.6173800783264894,85.0,8.9,ok,
botswana,20,50,eSFCM,,,,,0.558288409703504,0.6103197052173948,0.5480027459537975,0.5224753694581281,0.5582662944473379,0.795164391413946,140.0,14.07,ok,
botswana,20,50,S3FCM,,,,,0.4612533692722372,0.5376981400686925,0.4421897636522457,0.4618226600985222,0.537141210064156,0.6002324222612849,111.0,3.29,ok,
botswana,20,50,GS-SPFCM,,,,,0.7264150943396226,0.6771138407783045,0.7276623000744801,0.7342980295566502,0.6842282666680293,4.710502607685728,46.0,14.14,ok,
botswana,20,50,Softmax,,,,,0.9248652291105122,0.8877868756118628,0.9298183642900646,0.9313423645320196,0.8954879514228331,2.4065062138526203,,10.62,ok,
botswana,20,50,Sr-SSFCM,0.99,6565.029475401259,66.31342904445722,0.9862726004603468,0.9248652291105122,0.8877868756118628,0.9298183642900646,0.9313423645320196,0.8954879514228331,1.681292227102226,5.0,11.82,ok,
botswana,20,50,Sw-SSFCM_r1,0.99,6565.029475401259,66.31342904445722,0.9874000736879496,0.9588948787061996,0.9361140967962104,0.9603719096971706,0.961822660098522,0.939932361497383,1.6676332021057088,5.0,11.9,ok,
botswana,20,50,Sw-SSFCM_r2,0.99,6565.029475401259,66.31342904445722,0.9877785586162532,0.9629380053908356,0.944758961913537,0.9634359080643848,0.9655172413793104,0.947926241229369,1.7793067160633065,5.0,11.99,ok,
botswana,20,51,FCM,,,,,0.4599056603773584,0.5387326914638718,0.4456381613294451,0.4621305418719212,0.5398551315453076,0.5939906628350199,145.0,1.11,ok,
botswana,20,51,FCM_S1,,,,,0.4639487870619946,0.5549760627131415,0.452053735463692,0.4630541871921182,0.5556600000364456,0.9040409942808856,110.0,2.48,ok,
botswana,20,51,FCM_S2,,,,,0.4710242587601078,0.5564507683190906,0.4563075282400887,0.4695197044334975,0.5571894130531103,0.8718183698187768,110.0,4.89,ok,
botswana,20,51,FLICM,,,,,0.5006738544474394,0.5905166632346877,0.4737671978601057,0.5027709359605911,0.5926565479314742,0.6375630314783888,200.0,23.32,ok,
botswana,20,51,KWFLICM,,,,,0.4002695417789757,0.5544682845960864,0.3533517309962701,0.39685960591133,0.5554172009926085,6.646219550615677,235.0,5.21,ok,
botswana,20,51,SSFCM,,,,,0.4592318059299191,0.5389263756601759,0.4451026235005738,0.4196428571428571,0.4751872235398509,0.6251240501596637,125.0,12.88,ok,
botswana,20,51,eSFCM,,,,,0.5023584905660378,0.5988649949936703,0.4923889476722615,0.459051724137931,0.5308111397910755,0.7775741490652069,215.0,21.6,ok,
botswana,20,51,S3FCM,,,,,0.4349730458221024,0.544347567132335,0.4355428222373589,0.4405788177339901,0.5383264410680564,0.6234331422994923,164.0,4.41,ok,
botswana,20,51,GS-SPFCM,,,,,0.7119272237196765,0.679100616008127,0.7172976178811299,0.7158251231527094,0.6792324228792633,1.5052079798685432,113.0,33.01,ok,
botswana,20,51,Softmax,,,,,0.9140835579514824,0.8729690769728031,0.920868245884542,0.9208743842364532,0.8811605522301805,3.0728600050084567,,10.62,ok,
botswana,20,51,Sr-SSFCM,0.99,6825.35693744664,68.94299936814794,0.9874342229665516,0.914420485175202,0.8732175461479905,0.921141679639767,0.9211822660098522,0.8813931815440738,2.0341771048115453,5.0,11.85,ok,
botswana,20,51,Sw-SSFCM_r1,0.99,6825.35693744664,68.94299936814794,0.988510324931166,0.9545148247978436,0.930580584939124,0.957214469264352,0.958435960591133,0.9353794489481608,1.9669728198649497,5.0,11.97,ok,
botswana,20,51,Sw-SSFCM_r2,0.99,6825.35693744664,68.94299936814794,0.9888319707086496,0.9578840970350404,0.9366627652916096,0.9615286094837924,0.961206896551724,0.9407199814276974,2.174895562901772,5.0,12.03,ok,
botswana,40,42,FCM,,,,,0.4583333333333333,0.5365197388777256,0.4401604900106278,0.4621305418719212,0.5398551315453076,0.5940269235497747,150.0,1.14,ok,
botswana,40,42,FCM_S1,,,,,0.4631696428571428,0.5534270612949275,0.4616788096932188,0.4630541871921182,0.5560914946246314,0.9041054879394504,95.0,2.24,ok,
botswana,40,42,FCM_S2,,,,,0.4702380952380952,0.5524810537334377,0.4592273184988173,0.4698275862068966,0.5566454604267567,0.8726091588354635,115.0,4.98,ok,
botswana,40,42,FLICM,,,,,0.5018601190476191,0.5862020417760118,0.4724926062026533,0.5027709359605911,0.5926565479314742,0.6375380255450823,205.0,23.8,ok,
botswana,40,42,KWFLICM,,,,,0.4419642857142857,0.5599152902779665,0.3801282019319606,0.4291871921182266,0.5609397803070273,6.238501250775085,155.0,4.04,ok,
botswana,40,42,SSFCM,,,,,0.4345238095238095,0.5378715086379331,0.434733184898633,0.3796182266009852,0.4629712005061798,0.6452419828939673,100.0,10.31,ok,
botswana,40,42,eSFCM,,,,,0.5907738095238095,0.6201405287864967,0.5816420409166007,0.4889162561576354,0.52901582377541,0.7996348805440986,135.0,13.57,ok,
botswana,40,42,S3FCM,,,,,0.4613095238095238,0.5379403674775862,0.4471461420586823,0.4682881773399014,0.5344194957548182,0.6027271156934598,89.0,3.01,ok,
botswana,40,42,GS-SPFCM,,,,,0.7250744047619048,0.6817737632289405,0.7283264415395742,0.7370689655172413,0.6898984180998643,2.1329865058616284,284.0,81.28,ok,
botswana,40,42,Softmax,,,,,0.9345238095238096,0.9012622984887296,0.9367501344965644,0.9451970443349754,0.9144571935995252,3.338518253270633,,17.79,ok,
botswana,40,42,Sr-SSFCM,0.99,6259.568739758618,63.22796706826893,0.9842135413987804,0.9345238095238096,0.9012622984887296,0.9367501344965644,0.9451970443349754,0.9144571935995252,2.369801403071667,5.0,19.82,ok,
botswana,40,42,Sw-SSFCM_r1,0.99,6259.568739758618,63.22796706826893,0.9858143898710904,0.9720982142857144,0.9546514660105369,0.9729353862694692,0.9759852216748768,0.9600790419577652,2.3196690567481344,5.0,19.94,ok,
botswana,40,42,Sw-SSFCM_r2,0.99,6259.568739758618,63.22796706826893,0.9862896998067436,0.9761904761904762,0.9615288572524532,0.9777361774979312,0.979064039408867,0.9656041877721802,2.257135995941177,5.0,20.0,ok,
botswana,40,43,FCM,,,,,0.4561011904761904,0.5334840011584261,0.4347186347743045,0.4621305418719212,0.5398551315453076,0.5940022660647492,135.0,1.04,ok,
botswana,40,43,FCM_S1,,,,,0.4613095238095238,0.5472518814227829,0.45474245463953,0.4630541871921182,0.5560914946246314,0.9041392145225168,90.0,2.15,ok,
botswana,40,43,FCM_S2,,,,,0.4642857142857143,0.5462202374261593,0.4519499648996823,0.4698275862068966,0.556419596449739,0.8726188381915236,90.0,4.57,ok,
botswana,40,43,FLICM,,,,,0.5018601190476191,0.586723031773285,0.4742204713955873,0.5027709359605911,0.5926565479314742,0.6375348681887225,210.0,24.38,ok,
botswana,40,43,KWFLICM,,,,,0.4066220238095238,0.5539660925947081,0.3599252314423259,0.39685960591133,0.5554172009926085,6.632892947391524,185.0,4.48,ok,
botswana,40,43,SSFCM,,,,,0.4575892857142857,0.5336248484854763,0.4357818648886292,0.4048645320197044,0.4707865688458953,0.6407660112663053,135.0,13.9,ok,
botswana,40,43,eSFCM,,,,,0.5896577380952381,0.6208664592879163,0.5793357849520956,0.500307881773399,0.5280914646511736,0.807742359356741,165.0,16.58,ok,
botswana,40,43,S3FCM,,,,,0.4587053571428571,0.5349061074326211,0.4369605220007489,0.4476600985221675,0.5261141855725231,0.6012067337135105,119.0,3.49,ok,
botswana,40,43,GS-SPFCM,,,,,0.7124255952380952,0.6781458578994273,0.7187117228738172,0.729064039408867,0.6906040888530502,1.6325401048272037,107.0,31.55,ok,
botswana,40,43,Softmax,,,,,0.933407738095238,0.901072670054924,0.9366469683509016,0.9439655172413792,0.91346707983079,2.652591940122018,,17.79,ok,
botswana,40,43,Sr-SSFCM,0.99,5959.93037655378,60.20131693488671,0.983733685411609,0.933407738095238,0.901072670054924,0.9366469683509016,0.9439655172413792,0.91346707983079,1.980430266663065,5.0,19.83,ok,
botswana,40,43,Sw-SSFCM_r1,0.99,5959.93037655378,60.20131693488671,0.9851711333322452,0.9654017857142856,0.9497887856362118,0.967566708005447,0.9704433497536946,0.9558924992732768,1.9190986749415129,5.0,19.95,ok,
botswana,40,43,Sw-SSFCM_r2,0.99,5959.93037655378,60.20131693488671,0.9856461369422216,0.9661458333333334,0.9511059648248296,0.9680790052578372,0.9713669950738916,0.9574121648479176,1.9044746398972048,5.0,20.01,ok,
botswana,40,44,FCM,,,,,0.4598214285714285,0.5342345590308913,0.4398340508675966,0.4621305418719212,0.5398551315453076,0.5940013169302987,145.0,1.11,ok,
botswana,40,44,FCM_S1,,,,,0.4639136904761904,0.552191447277011,0.4564054637234059,0.4630541871921182,0.5559987484940828,0.9041413295571166,90.0,2.16,ok,
botswana,40,44,FCM_S2,,,,,0.4672619047619047,0.5517891250126293,0.4529778383743351,0.4698275862068966,0.5564194951346644,0.8726178662049886,90.0,4.58,ok,
botswana,40,44,FLICM,,,,,0.5018601190476191,0.5889503856228793,0.4746281787948216,0.5027709359605911,0.5926565479314742,0.637535299123768,215.0,24.96,ok,
botswana,40,44,KWFLICM,,,,,0.3746279761904761,0.5077988101520475,0.312753677731743,0.3682266009852217,0.5100579699159684,10.126549900355291,395.0,7.49,ok,
botswana,40,44,SSFCM,,,,,0.4378720238095238,0.537424341968203,0.4364246981616459,0.3737684729064039,0.4723434942662355,0.6425469391955203,145.0,14.93,ok,
botswana,40,44,eSFCM,,,,,0.5829613095238095,0.6180379757850168,0.5723678965648792,0.4824507389162561,0.5374434005892079,0.7921687930449229,210.0,21.1,ok,
botswana,40,44,S3FCM,,,,,0.462797619047619,0.5354353604103693,0.4470000941679667,0.4612068965517241,0.5250935874712048,0.5984849980524294,86.0,2.92,ok,
botswana,40,44,GS-SPFCM,,,,,0.7258184523809523,0.676921049272233,0.7285006554168266,0.7386083743842364,0.6884117396960913,2.775677873027297,242.0,69.52,ok,
botswana,40,44,Softmax,,,,,0.9326636904761904,0.8968634997074514,0.9367769723299172,0.9433497536945812,0.9104569388862632,4.537055895350993,,17.78,ok,
botswana,40,44,Sr-SSFCM,0.99,6260.263454268516,63.23498438655072,0.9836754254464772,0.9326636904761904,0.8968634997074514,0.9367769723299172,0.9430418719211824,0.9096752946826532,3.3016133484914407,5.0,19.81,ok,
botswana,40,44,Sw-SSFCM_r1,0.99,6260.263454268516,63.23498438655072,0.9852191449780808,0.9665178571428572,0.9470495215501314,0.9692113953211734,0.9710591133004928,0.9534153622410644,3.102739661956397,5.0,19.93,ok,
botswana,40,44,Sw-SSFCM_r2,0.99,6260.263454268516,63.23498438655072,0.9857340197519532,0.9717261904761904,0.9545116520209806,0.9732959673243232,0.9753694581280788,0.9598109525312714,3.0660939221059764,5.0,19.99,ok,
botswana,40,45,FCM,,,,,0.4598214285714285,0.5350120433714233,0.4412142730240663,0.4621305418719212,0.5398551315453076,0.5940182585740467,140.0,1.07,ok,
botswana,40,45,FCM_S1,,,,,0.4609375,0.5511026539791012,0.4560199892408751,0.4630541871921182,0.5556600000364456,0.9040339617192668,110.0,2.47,ok,
botswana,40,45,FCM_S2,,,,,0.4676339285714285,0.55313174947109,0.4544090252937104,0.4695197044334975,0.5571471923902355,0.8718572498260648,110.0,4.9,ok,
botswana,40,45,FLICM,,,,,0.5003720238095238,0.5858209246124662,0.4719965930802878,0.5027709359605911,0.5926565479314742,0.6375482507483422,200.0,23.22,ok,
botswana,40,45,KWFLICM,,,,,0.4140625,0.5616769354145008,0.3814735004232998,0.4091748768472906,0.5613159406838125,5.10112728932158,125.0,3.62,ok,
botswana,40,45,SSFCM,,,,,0.453125,0.5370231678368926,0.4332358542632805,0.3916256157635468,0.4788729361786845,0.61430826247489,115.0,11.85,ok,
botswana,40,45,eSFCM,,,,,0.5230654761904762,0.5950438606506212,0.5101324551363601,0.438115763546798,0.5291613174754869,0.7612044957326485,250.0,25.18,ok,
botswana,40,45,S3FCM,,,,,0.4620535714285714,0.536340978633794,0.4486540622101371,0.4645935960591133,0.5291326123366716,0.6063389806265228,79.0,2.75,ok,
botswana,40,45,GS-SPFCM,,,,,0.7228422619047619,0.6775277265159593,0.7264359503036435,0.7358374384236454,0.6880559452142441,2.220174557033184,186.0,53.72,ok,
botswana,40,45,Softmax,,,,,0.9330357142857144,0.8962295845223405,0.9362589342132052,0.9433497536945812,0.909678667143383,3.8810317803363135,,17.76,ok,
botswana,40,45,Sr-SSFCM,0.99,6392.333733138124,64.56902760745585,0.9851638415032732,0.9326636904761904,0.8953016754109485,0.9359462908708256,0.9430418719211824,0.9088982053852424,2.6071811398504794,5.0,19.78,ok,
botswana,40,45,Sw-SSFCM_r1,0.99,6392.333733138124,64.56902760745585,0.9863316924012588,0.9654017857142856,0.9472888879753678,0.9663616461961274,0.9707512315270936,0.9540413775503804,2.6360091851222203,5.0,19.9,ok,
botswana,40,45,Sw-SSFCM_r2,0.99,6392.333733138124,64.56902760745585,0.9867114048532096,0.9672619047619048,0.9502749330012352,0.968759311425532,0.9713669950738916,0.9556032356113024,2.7583714773896744,5.0,19.96,ok,
botswana,40,46,FCM,,,,,0.4557291666666667,0.5318605952689511,0.4347092429177588,0.4621305418719212,0.5398551315453076,0.5940586459931729,145.0,1.11,ok,
botswana,40,46,FCM_S1,,,,,0.4572172619047619,0.5466807741363777,0.4465653884518085,0.4630541871921182,0.5560914946246315,0.9040609788845098,110.0,2.54,ok,
botswana,40,46,FCM_S2,,,,,0.4624255952380952,0.547017029894044,0.4469386588055333,0.4698275862068966,0.5567683221895209,0.872039811401042,115.0,4.99,ok,
botswana,40,46,FLICM,,,,,0.4996279761904761,0.5846262872491108,0.4711358165138855,0.5027709359605911,0.5926565479314742,0.6375801215499292,180.0,20.9,ok,
botswana,40,46,KWFLICM,,,,,0.4348958333333333,0.5562311348578383,0.3731070341593661,0.4285714285714285,0.5608053456316677,7.497552060874843,400.0,7.55,ok,
botswana,40,46,SSFCM,,,,,0.4575892857142857,0.5325955228924114,0.4360541105814395,0.4033251231527093,0.4577791509644824,0.6375784029411506,130.0,13.39,ok,
botswana,40,46,eSFCM,,,,,0.5662202380952381,0.6101288409174216,0.5507006492102471,0.4685960591133005,0.5192040357282504,0.7760493418244755,635.0,63.74,ok,
botswana,40,46,S3FCM,,,,,0.4598214285714285,0.5343972880991451,0.4423663669170965,0.4618226600985222,0.5304884507650085,0.5985690918721165,98.0,3.15,ok,
botswana,40,46,GS-SPFCM,,,,,0.7198660714285714,0.675395641763987,0.7234253792656454,0.7379926108374384,0.6887198557276838,3.0593049643341588,183.0,52.73,ok,
botswana,40,46,Softmax,,,,,0.9319196428571428,0.893782167666056,0.9366188154759096,0.9430418719211824,0.9081540549070762,3.7972109268637286,,17.68,ok,
botswana,40,46,Sr-SSFCM,0.99,6150.539386635941,62.12666047107017,0.9840324500882376,0.9322916666666666,0.8940673020062044,0.936925825452798,0.9433497536945812,0.9084091867064802,2.734059924959356,5.0,19.78,ok,
botswana,40,46,Sw-SSFCM_r1,0.99,6150.539386635941,62.12666047107017,0.9852804741207992,0.9769345238095238,0.9594703276988364,0.978795105063654,0.9802955665024632,0.9647012993485692,2.7309707869026894,5.0,19.99,ok,
botswana,40,46,Sw-SSFCM_r2,0.99,6150.539386635941,62.12666047107017,0.9857424133059306,0.9787946428571428,0.9630413179928916,0.9800450104184362,0.981834975369458,0.9675468125731412,2.6176562233307585,5.0,19.96,ok,
botswana,40,47,FCM,,,,,0.4587053571428571,0.535605834816811,0.4424601089526634,0.4621305418719212,0.5398551315453076,0.5940044261625971,140.0,1.07,ok,
botswana,40,47,FCM_S1,,,,,0.4668898809523809,0.5526493636112351,0.4617799317245755,0.4630541871921182,0.5560914946246315,0.9040700031899596,100.0,2.31,ok,
botswana,40,47,FCM_S2,,,,,0.4691220238095238,0.5537360222068495,0.4639675953683979,0.4692118226600985,0.5563933611483037,0.8725012895821502,100.0,4.74,ok,
botswana,40,47,FLICM,,,,,0.5055803571428571,0.5882636322059788,0.4759850229102222,0.5027709359605911,0.5926565479314742,0.6375590741011201,220.0,25.55,ok,
botswana,40,47,KWFLICM,,,,,0.4415922619047619,0.5620983581356073,0.381345973805865,0.4291871921182266,0.5609074489427697,5.740427101250023,295.0,6.05,ok,
botswana,40,47,SSFCM,,,,,0.439360119047619,0.537106058607272,0.4325835998893694,0.4060960591133005,0.4898120739907472,0.6406476677261498,140.0,14.42,ok,
botswana,40,47,eSFCM,,,,,0.5673363095238095,0.6123977479310356,0.5518760467515869,0.5064655172413793,0.5386644626943807,0.761873592499687,280.0,28.12,ok,
botswana,40,47,S3FCM,,,,,0.462797619047619,0.5376340102363052,0.4484957884049191,0.4568965517241379,0.5276038640962739,0.6082801402589061,90.0,2.96,ok,
botswana,40,47,GS-SPFCM,,,,,0.7139136904761905,0.6800301066975776,0.7191354214455766,0.7275246305418719,0.690062434837455,1.81546403421994,121.0,35.37,ok,
botswana,40,47,Softmax,,,,,0.9356398809523808,0.8993451171286989,0.9378744807360568,0.9451970443349754,0.911740935155564,4.45530405561677,,17.78,ok,
botswana,40,47,Sr-SSFCM,0.99,6191.942692420637,62.54487568101659,0.9838101139727184,0.9360119047619048,0.8998773013264003,0.9381889658260644,0.9455049261083744,0.9121777142551822,3.283087497381896,5.0,19.82,ok,
botswana,40,47,Sw-SSFCM_r1,0.99,6191.942692420637,62.54487568101659,0.98525729912134,0.9683779761904762,0.9524753776964784,0.9702565821510396,0.9725985221674875,0.9577394519660232,3.087503344669066,5.0,19.93,ok,
botswana,40,47,Sw-SSFCM_r2,0.99,6191.942692420637,62.54487568101659,0.985836767475278,0.9732142857142856,0.9607512702138196,0.9737569899034424,0.9772167487684728,0.965430375506853,2.9150899053748223,5.0,20.0,ok,
botswana,40,48,FCM,,,,,0.4579613095238095,0.5372428258761642,0.4392893966833976,0.4630541871921182,0.5401801876219833,0.5940532106567356,135.0,1.04,ok,
botswana,40,48,FCM_S1,,,,,0.462797619047619,0.5516413195636232,0.4552658545058174,0.4639778325123153,0.5562258250062058,0.9041067442043343,90.0,2.14,ok,
botswana,40,48,FCM_S2,,,,,0.4694940476190476,0.5517256840187228,0.4535808663624964,0.4698275862068966,0.5564735898272706,0.8724469656576216,95.0,4.66,ok,
botswana,40,48,FLICM,,,,,0.5,0.5864192244995953,0.4698497368520388,0.5027709359605911,0.5926565479314742,0.6375720622780627,235.0,27.29,ok,
botswana,40,48,KWFLICM,,,,,0.439360119047619,0.5619271064985949,0.3746109301421813,0.4294950738916256,0.5608827695120003,5.739889975427364,265.0,5.62,ok,
botswana,40,48,SSFCM,,,,,0.4579613095238095,0.5370129222802996,0.4391617345086182,0.4141009852216749,0.4740878577619778,0.6504796949026608,120.0,12.36,ok,
botswana,40,48,eSFCM,,,,,0.5777529761904762,0.6030835382708704,0.5495422560437851,0.480603448275862,0.5191760371435116,0.7469685415132197,270.0,27.12,ok,
botswana,40,48,S3FCM,,,,,0.4613095238095238,0.5378314019607776,0.443159426159705,0.4513546798029557,0.5232024881813254,0.6060138000390637,96.0,3.04,ok,
botswana,40,48,GS-SPFCM,,,,,0.7001488095238095,0.6727273688944074,0.7095564591505777,0.7167487684729064,0.6837005983498833,1.3672056669145336,96.0,28.36,ok,
botswana,40,48,Softmax,,,,,0.933407738095238,0.898598326906297,0.9355247568565151,0.9436576354679804,0.9117080769412954,2.83143211509986,,17.71,ok,
botswana,40,48,Sr-SSFCM,0.99,6069.026861260854,61.30330162889757,0.9837122085109542,0.933407738095238,0.898598326906297,0.9355247568565151,0.9436576354679804,0.9117080769412954,2.04280205910085,5.0,19.9,ok,
botswana,40,48,Sw-SSFCM_r1,0.99,6069.026861260854,61.30330162889757,0.9851832970003522,0.9672619047619048,0.9481394941005,0.9686198336351108,0.9716748768472906,0.9542029875901494,2.017912300301162,5.0,20.02,ok,
botswana,40,48,Sw-SSFCM_r2,0.99,6069.026861260854,61.30330162889757,0.9856537358914312,0.9672619047619048,0.9501878278679556,0.9683222149281764,0.9719827586206896,0.9562966149439318,2.0031980667023985,5.0,20.08,ok,
botswana,40,49,FCM,,,,,0.4642857142857143,0.5373935902436188,0.4464681940871567,0.4621305418719212,0.5398551315453076,0.5939796464135946,165.0,1.25,ok,
botswana,40,49,FCM_S1,,,,,0.4609375,0.5538173508389301,0.4571983211215822,0.4630541871921182,0.5556600000364456,0.9040443770525736,100.0,2.31,ok,
botswana,40,49,FCM_S2,,,,,0.4676339285714285,0.5552092536718832,0.455468197375203,0.4695197044334975,0.5570263572459945,0.8717591826821043,105.0,4.82,ok,
botswana,40,49,FLICM,,,,,0.5040922619047619,0.5899725848400953,0.4751442332581775,0.5027709359605911,0.5926565479314742,0.6375766345104025,215.0,24.96,ok,
botswana,40,49,KWFLICM,,,,,0.3716517857142857,0.5087826082647727,0.3102959071256646,0.3679187192118227,0.510668442740495,9.079205556180504,265.0,5.61,ok,
botswana,40,49,SSFCM,,,,,0.4661458333333333,0.5378196525287766,0.4477588408100646,0.3940886699507389,0.4666898108240531,0.6344736112356513,150.0,15.45,ok,
botswana,40,49,eSFCM,,,,,0.5703125,0.6155403102916632,0.5549189628353675,0.4719827586206896,0.5274105740276551,0.7812994908094812,675.0,67.75,ok,
botswana,40,49,S3FCM,,,,,0.4713541666666667,0.5384738407689029,0.4581264957933571,0.4556650246305418,0.5295748086636526,0.5958223221721108,75.0,2.85,ok,
botswana,40,49,GS-SPFCM,,,,,0.7120535714285714,0.670135254878989,0.7184876607516341,0.7253694581280788,0.6802556959894471,2.6557559530127968,80.0,23.79,ok,
botswana,40,49,Softmax,,,,,0.9438244047619048,0.9129053533091088,0.9477020359309032,0.9528940886699508,0.9246490437163644,3.267548213073028,,17.67,ok,
botswana,40,49,Sr-SSFCM,0.99,6178.2405944171,62.40647065067783,0.9849956047145608,0.9438244047619048,0.9129053533091088,0.9477020359309032,0.9528940886699508,0.9246490437163644,2.3704613661435547,5.0,19.86,ok,
botswana,40,49,Sw-SSFCM_r1,0.99,6178.2405944171,62.40647065067783,0.986199206288862,0.9743303571428572,0.9572098498641968,0.9768538538557476,0.977524630541872,0.9617922987435372,2.238692908402361,5.0,19.97,ok,
botswana,40,49,Sw-SSFCM_r2,0.99,6178.2405944171,62.40647065067783,0.9866303520490574,0.9773065476190476,0.9620738153674182,0.9797577825839012,0.9802955665024632,0.9664757430092448,2.1453213960268185,5.0,20.04,ok,
botswana,40,50,FCM,,,,,0.4605654761904761,0.5327132251080545,0.4387394304749204,0.4621305418719212,0.5398551315453076,0.5940025029686837,130.0,1.0,ok,
botswana,40,50,FCM_S1,,,,,0.4616815476190476,0.5496100625622738,0.4490408976023962,0.4630541871921182,0.5560914946246314,0.9040932622135394,90.0,2.23,ok,
botswana,40,50,FCM_S2,,,,,0.46875,0.5505227262300014,0.4543050688135895,0.4698275862068966,0.5568888055271092,0.8720321120028872,95.0,4.66,ok,
botswana,40,50,FLICM,,,,,0.4996279761904761,0.5858857028824146,0.471456728949526,0.5027709359605911,0.5926565479314742,0.6375612227726056,220.0,25.54,ok,
botswana,40,50,KWFLICM,,,,,0.3686755952380952,0.5054670333000164,0.3071546924615372,0.3663793103448275,0.5090408729223456,15064.269204704004,335.0,6.6,ok,
botswana,40,50,SSFCM,,,,,0.4598214285714285,0.5324441593613289,0.4379696026691185,0.3937807881773399,0.4614193187170434,0.6408822897878995,85.0,8.76,ok,
botswana,40,50,eSFCM,,,,,0.5535714285714286,0.6040043969807058,0.5379383802918961,0.4910714285714285,0.5371608309145776,0.8016269602300208,145.0,14.57,ok,
botswana,40,50,S3FCM,,,,,0.4624255952380952,0.5335848840474731,0.4404027781430181,0.4488916256157635,0.5248711489103391,0.6016482816153482,112.0,3.45,ok,
botswana,40,50,GS-SPFCM,,,,,0.7083333333333334,0.6683040335363125,0.7109669887398616,0.729371921182266,0.6854719918172133,1.6636335952758114,70.0,20.91,ok,
botswana,40,50,Softmax,,,,,0.9248511904761904,0.8866634920475075,0.9272816402056744,0.9365763546798028,0.9011906490451904,3.4141656436441328,,17.76,ok,
botswana,40,50,Sr-SSFCM,0.99,6211.301757290576,62.74042179081395,0.9842824914541768,0.9252232142857144,0.8872181958600844,0.9276937409731606,0.936884236453202,0.9016722047510952,2.3155651774780543,5.0,19.81,ok,
botswana,40,50,Sw-SSFCM_r1,0.99,6211.301757290576,62.74042179081395,0.9857847725755272,0.9642857142857144,0.9421529073157272,0.965982046325253,0.9701354679802956,0.9501051837824388,2.4434962681794885,5.0,19.93,ok,
botswana,40,50,Sw-SSFCM_r2,0.99,6211.301757290576,62.74042179081395,0.9862614607636242,0.96875,0.9508712253496416,0.9701596584150708,0.9732142857142856,0.9567567705511364,2.5889973861100484,5.0,19.99,ok,
botswana,40,51,FCM,,,,,0.4568452380952381,0.5340752142575534,0.4406806918055575,0.4621305418719212,0.5398551315453076,0.5939906628350199,145.0,1.11,ok,
botswana,40,51,FCM_S1,,,,,0.4639136904761904,0.5502810512502335,0.4588296153191504,0.4630541871921182,0.5556600000364456,0.9040409942808856,110.0,2.47,ok,
botswana,40,51,FCM_S2,,,,,0.4691220238095238,0.5519112708937455,0.4535378709821857,0.4695197044334975,0.5571894130531103,0.8718183698187768,110.0,4.9,ok,
botswana,40,51,FLICM,,,,,0.5014880952380952,0.5874470476382134,0.4724978445517696,0.5027709359605911,0.5926565479314742,0.6375630314783888,200.0,23.22,ok,
botswana,40,51,KWFLICM,,,,,0.4055059523809524,0.5531808846703382,0.3590382415973669,0.39685960591133,0.5554172009926085,6.646219550615677,235.0,5.19,ok,
botswana,40,51,SSFCM,,,,,0.4561011904761904,0.5337592194035198,0.4398649765338144,0.3774630541871921,0.4541227257307214,0.653453180202557,125.0,12.9,ok,
botswana,40,51,eSFCM,,,,,0.5048363095238095,0.5905557939242764,0.4879785955203392,0.4177955665024631,0.5030390082171676,0.7869217295860764,225.0,22.61,ok,
botswana,40,51,S3FCM,,,,,0.4631696428571428,0.53494184277926,0.4494323508137531,0.4559729064039409,0.5295306810736079,0.5996228144424173,75.0,2.72,ok,
botswana,40,51,GS-SPFCM,,,,,0.7176339285714286,0.6709859138625803,0.7202563509371899,0.7361453201970444,0.6865943307439702,1.6994306981507623,87.0,25.69,ok,
botswana,40,51,Softmax,,,,,0.9244791666666666,0.8845052801301623,0.929042368088365,0.936884236453202,0.8999655964235997,3.4231869241375588,,17.89,ok,
botswana,40,51,Sr-SSFCM,0.99,6025.678991301276,60.8654443565786,0.983167902568124,0.9244791666666666,0.8845052801301623,0.929042368088365,0.936884236453202,0.8999655964235997,2.5187166498314326,5.0,19.8,ok,
botswana,40,51,Sw-SSFCM_r1,0.99,6025.678991301276,60.8654443565786,0.984771606697072,0.9657738095238096,0.9481172735269168,0.9707998382576888,0.9710591133004928,0.9546425625272194,2.4475180626124886,5.0,19.92,ok,
botswana,40,51,Sw-SSFCM_r2,0.99,6025.678991301276,60.8654443565786,0.9852978511505176,0.9691220238095238,0.953955957799633,0.9731568953730204,0.9735221674876848,0.959506074808442,2.4243711754500525,5.0,19.98,ok,
botswana,60,42,FCM,,,,,0.4530730897009967,0.526516827025692,0.4311560066895741,0.4621305418719212,0.5398551315453076,0.5940269235497747,150.0,1.14,ok,
botswana,60,42,FCM_S1,,,,,0.4622093023255814,0.5443996477513787,0.450185961382446,0.4630541871921182,0.5560914946246314,0.9041054879394504,95.0,2.23,ok,
botswana,60,42,FCM_S2,,,,,0.4667774086378737,0.5447136353473104,0.4481828071793841,0.4698275862068966,0.5566454604267567,0.8726091588354635,115.0,4.98,ok,
botswana,60,42,FLICM,,,,,0.5,0.5822360857176634,0.470278880667086,0.5027709359605911,0.5926565479314742,0.6375380255450823,205.0,23.8,ok,
botswana,60,42,KWFLICM,,,,,0.4393687707641196,0.5556189317272733,0.3756071266373099,0.4291871921182266,0.5609397803070273,6.238501250775085,155.0,4.04,ok,
botswana,60,42,SSFCM,,,,,0.4240033222591362,0.5278036121341948,0.4093915214933717,0.3580665024630542,0.4580454097075543,0.6637529659852169,100.0,10.31,ok,
botswana,60,42,eSFCM,,,,,0.5809800664451827,0.614213264806807,0.5639473580608257,0.4307266009852217,0.5217620809857727,0.8183593762156857,120.0,12.06,ok,
botswana,60,42,S3FCM,,,,,0.4588870431893688,0.52931083870491,0.435796145725467,0.4602832512315271,0.5261530991073232,0.5999162724185008,102.0,3.35,ok,
botswana,60,42,GS-SPFCM,,,,,0.6947674418604651,0.6550329263102421,0.6968711533793143,0.7244458128078818,0.6779486348425712,2.156664870333586,84.0,24.95,ok,
botswana,60,42,Softmax,,,,,0.9294019933554816,0.8959144499374112,0.9347018111615404,0.9467364532019704,0.9173035510810764,3.1255858553552542,,26.78,ok,
botswana,60,42,KFCM,,,,,0.4235880398671096,0.5302448556771862,0.4087138000780993,0.4365763546798029,0.5438440048607903,0.6114820028276957,71.0,0.84,ok,
botswana,60,42,SMUC,,,,,0.6445182724252492,0.7224090107453125,0.5860423326645979,0.6973522167487685,0.7443992310434813,6.797589385598073,251.0,60.15,ok,
botswana,60,42,S2-PFCM,,,,,0.6943521594684385,0.6544800151023298,0.6944675470570564,0.7733990147783252,0.7177192389220911,2.1787870224462136,71.0,21.34,ok,
botswana,60,42,Sr-SSFCM,0.99,6050.77938559316,61.11898369286025,0.983167243931138,0.9294019933554816,0.8959144499374112,0.9347018111615404,0.9467364532019704,0.9173035510810764,2.3575255114948943,5.0,29.74,ok,
botswana,60,42,Sw-SSFCM_r1,0.99,6050.77938559316,61.11898369286025,0.984427723011736,0.9680232558139537,0.9490721529420408,0.9722557096166132,0.9750615763546798,0.958903812213021,2.202695272052797,5.0,29.85,ok,
botswana,60,42,Sw-SSFCM_r2,0.99,6050.77938559316,61.11898369286025,0.9849641347466132,0.973421926910299,0.9579434968563152,0.977496019127872,0.979371921182266,0.966202926315495,2.1291769522409107,5.0,29.92,ok,
botswana,60,43,FCM,,,,,0.4663621262458471,0.5326520880278784,0.4387793258354792,0.4621305418719212,0.5398551315453076,0.5940022660647492,135.0,1.04,ok,
botswana,60,43,FCM_S1,,,,,0.4667774086378737,0.5503356666433586,0.448762460445279,0.4630541871921182,0.5560914946246314,0.9041392145225168,90.0,2.15,ok,
botswana,60,43,FCM_S2,,,,,0.4684385382059801,0.5507258259485887,0.4514049913945366,0.4698275862068966,0.556419596449739,0.8726188381915236,90.0,4.58,ok,
botswana,60,43,FLICM,,,,,0.5,0.5803145754051102,0.467722980135172,0.5027709359605911,0.5926565479314742,0.6375348681887225,210.0,24.38,ok,
botswana,60,43,KWFLICM,,,,,0.4132059800664451,0.5562094414190628,0.3622446543387742,0.39685960591133,0.5554172009926085,6.632892947391524,185.0,4.48,ok,
botswana,60,43,SSFCM,,,,,0.4667774086378737,0.5321227676200128,0.4388771766405095,0.3900862068965517,0.4770069466129747,0.664644474375196,135.0,13.91,ok,
botswana,60,43,eSFCM,,,,,0.5830564784053156,0.6134189978391412,0.5655874939456681,0.4507389162561576,0.5196557274124084,0.8281735271289705,145.0,14.57,ok,
botswana,60,43,S3FCM,,,,,0.4688538205980066,0.5339781602323359,0.4427681001074836,0.45935960591133,0.5281164969723279,0.5992810854219572,83.0,2.8,ok,
botswana,60,43,GS-SPFCM,,,,,0.7250830564784053,0.6804438616005486,0.7191756009062339,0.7463054187192119,0.6998647984819002,2.919372234801908,103.0,30.3,ok,
botswana,60,43,Softmax,,,,,0.9393687707641196,0.9019276245314238,0.9389709460253668,0.9538177339901478,0.922042231762464,4.705240044354477,,26.71,ok,
botswana,60,43,KFCM,,,,,0.4684385382059801,0.5333436948599618,0.4424470342563862,0.4664408866995074,0.5408108558904478,0.594613212103144,101.0,1.13,ok,
botswana,60,43,SMUC,,,,,0.7329734219269103,0.7598317440251691,0.6909357632597563,0.7610837438423645,0.7792615349232753,6.51264702123763,206.0,49.51,ok,
botswana,60,43,S2-PFCM,,,,,0.7246677740863787,0.6800549259808988,0.7176395737871843,0.7958743842364532,0.7396348625588476,2.9616099869535084,112.0,32.79,ok,
botswana,60,43,Sr-SSFCM,0.99,6113.682408933806,61.7543677670082,0.9823685608060791,0.9393687707641196,0.9019276245314238,0.9389709460253668,0.9535098522167488,0.9217282371637096,3.403102848480429,5.0,29.59,ok,
botswana,60,43,Sw-SSFCM_r1,0.99,6113.682408933806,61.7543677670082,0.9839501927232104,0.9759136212624584,0.9584558255743816,0.9702879114633092,0.98121921182266,0.9660489582046052,3.2635463862274654,5.0,29.84,ok,
botswana,60,43,Sw-SSFCM_r2,0.99,6113.682408933806,61.7543677670082,0.9844936092687626,0.978405315614618,0.9632449163622212,0.9734730580138214,0.9836822660098522,0.9708141959399752,3.197827299469644,5.0,29.77,ok,
botswana,60,44,FCM,,,,,0.460548172757475,0.5313156887339664,0.4373415887877717,0.4621305418719212,0.5398551315453076,0.5940013169302987,145.0,1.11,ok,
botswana,60,44,FCM_S1,,,,,0.4601328903654485,0.5456933506656194,0.4505713326696458,0.4630541871921182,0.5559987484940828,0.9041413295571166,90.0,2.16,ok,
botswana,60,44,FCM_S2,,,,,0.462624584717608,0.5467262422458741,0.4460673045307038,0.4698275862068966,0.5564194951346644,0.8726178662049886,90.0,4.58,ok,
botswana,60,44,FLICM,,,,,0.5066445182724253,0.5840696691756775,0.4738539370883452,0.5027709359605911,0.5926565479314742,0.637535299123768,215.0,24.96,ok,
botswana,60,44,KWFLICM,,,,,0.3716777408637873,0.5032129452225451,0.3080554866802835,0.3682266009852217,0.5100579699159684,10.126549900355291,395.0,7.46,ok,
botswana,60,44,SSFCM,,,,,0.4401993355481727,0.5362598515773651,0.4366584128881835,0.3660714285714285,0.4768450295209977,0.6600538688193484,145.0,14.93,ok,
botswana,60,44,eSFCM,,,,,0.5818106312292359,0.6151172000506872,0.5666770893061741,0.4313423645320197,0.5333359073550588,0.8041520499693923,210.0,21.1,ok,
botswana,60,44,S3FCM,,,,,0.4622093023255814,0.5321425735444499,0.4438030648295914,0.4618226600985222,0.5285107268912845,0.6012206391554297,81.0,2.82,ok,
botswana,60,44,GS-SPFCM,,,,,0.7246677740863787,0.6826517612200143,0.7247185209613285,0.7447660098522167,0.6986278538979398,2.5433753794486904,208.0,59.87,ok,
botswana,60,44,Softmax,,,,,0.936046511627907,0.9012132692375298,0.9401014168555774,0.9510467980295566,0.9208217757750462,3.771183945296913,,26.65,ok,
botswana,60,44,KFCM,,,,,0.4348006644518272,0.5357688024249738,0.4324696921783142,0.4347290640394088,0.542768946988245,0.6103134942304659,100.0,1.12,ok,
botswana,60,44,SMUC,,,,,0.7018272425249169,0.7593504302709648,0.6242619887747025,0.7225985221674877,0.7709563793848533,9.433831466490826,151.0,36.3,ok,
botswana,60,44,S2-PFCM,,,,,0.7304817275747508,0.6846596888644713,0.728912107179065,0.8001847290640394,0.7436569194029051,3.505680365473334,107.0,31.37,ok,
botswana,60,44,Sr-SSFCM,0.99,6021.435210136234,60.822577880164026,0.9824457940447704,0.9364617940199336,0.9015585509631366,0.9404603961509488,0.9513546798029556,0.9211091776271496,2.756117540429457,5.0,29.63,ok,
botswana,60,44,Sw-SSFCM_r1,0.99,6021.435210136234,60.822577880164026,0.9839432397438628,0.9730066445182723,0.9558977373535906,0.9749593643739696,0.979371921182266,0.964992957161006,2.6990702564542883,5.0,29.75,ok,
botswana,60,44,Sw-SSFCM_r2,0.99,6021.435210136234,60.822577880164026,0.984471220997514,0.9788205980066446,0.9659470048634704,0.9807796045302446,0.9830665024630542,0.9718236677394544,2.6594723727808187,5.0,29.81,ok,
botswana,60,45,FCM,,,,,0.4651162790697674,0.5350793916339922,0.4469539668276638,0.4621305418719212,0.5398551315453076,0.5940182585740467,140.0,1.07,ok,
botswana,60,45,FCM_S1,,,,,0.4680232558139535,0.5500625521935304,0.4613986084040991,0.4630541871921182,0.5556600000364456,0.9040339617192668,110.0,2.47,ok,
botswana,60,45,FCM_S2,,,,,0.4692691029900332,0.5494552438381872,0.45785178017315,0.4695197044334975,0.5571471923902355,0.8718572498260648,110.0,4.9,ok,
botswana,60,45,FLICM,,,,,0.5008305647840532,0.5849332981780564,0.4705675024977909,0.5027709359605911,0.5926565479314742,0.6375482507483422,200.0,23.22,ok,
botswana,60,45,KWFLICM,,,,,0.420265780730897,0.5616288571456651,0.3868400341842988,0.4091748768472906,0.5613159406838125,5.10112728932158,125.0,3.64,ok,
botswana,60,45,SSFCM,,,,,0.4530730897009967,0.535167755457156,0.4301823045795906,0.4011699507389162,0.4842471810771255,0.6402725209905534,115.0,11.85,ok,
botswana,60,45,eSFCM,,,,,0.5232558139534884,0.5955498123280996,0.508595822503111,0.4224137931034483,0.5314602895559708,0.7850576923208955,195.0,19.59,ok,
botswana,60,45,S3FCM,,,,,0.4696843853820598,0.5385557686142871,0.4528838751098965,0.4621305418719212,0.5345630983991965,0.5996214848791839,106.0,3.27,ok,
botswana,60,45,GS-SPFCM,,,,,0.709717607973422,0.671772404042654,0.7119089312800282,0.7312192118226601,0.685636084449869,1.9696124736975515,106.0,31.07,ok,
botswana,60,45,Softmax,,,,,0.9422757475083056,0.9066387664497652,0.9451210019267032,0.955665024630542,0.9255694269331364,3.673436973411659,,26.61,ok,
botswana,60,45,KFCM,,,,,0.4539036544850498,0.533743922600952,0.4314151238957497,0.4575123152709359,0.5392881691452956,0.576281033614847,66.0,0.8,ok,
botswana,60,45,SMUC,,,,,0.7387873754152824,0.7556807421728845,0.6996280897875274,0.7693965517241379,0.7834145100619427,7.27870613354619,266.0,63.81,ok,
botswana,60,45,S2-PFCM,,,,,0.7093023255813954,0.6720857901950849,0.7116576364902185,0.7844827586206896,0.731685541888156,2.0019748789452847,116.0,33.84,ok,
botswana,60,45,Sr-SSFCM,0.99,5929.298819328669,59.89190726594621,0.9820988122796308,0.9422757475083056,0.9066387664497652,0.9451210019267032,0.955665024630542,0.9255694269331364,2.6821225874638865,5.0,29.73,ok,
botswana,60,45,Sw-SSFCM_r1,0.99,5929.298819328669,59.89190726594621,0.983684894196157,0.978405315614618,0.9638607035748056,0.9775325758535048,0.9833743842364532,0.9710334803125176,2.6755037591347874,5.0,29.85,ok,
botswana,60,45,Sw-SSFCM_r2,0.99,5929.298819328669,59.89190726594621,0.9843155451067058,0.9817275747508306,0.969122924109006,0.9819734894304946,0.9858374384236454,0.9748892628702892,2.649244245496928,5.0,29.91,ok,
botswana,60,46,FCM,,,,,0.4601328903654485,0.5382679824787199,0.4316653688342987,0.4621305418719212,0.5398551315453076,0.5940586459931729,145.0,1.11,ok,
botswana,60,46,FCM_S1,,,,,0.4622093023255814,0.5529689998212389,0.4506862219978138,0.4630541871921182,0.5560914946246315,0.9040609788845098,110.0,2.46,ok,
botswana,60,46,FCM_S2,,,,,0.4671926910299003,0.555070443133241,0.4467291240306495,0.4698275862068966,0.5567683221895209,0.872039811401042,115.0,4.98,ok,
botswana,60,46,FLICM,,,,,0.5132890365448505,0.5921344568051063,0.480952289420702,0.5027709359605911,0.5926565479314742,0.6375801215499292,180.0,21.0,ok,
botswana,60,46,KWFLICM,,,,,0.4509966777408637,0.5657909496319845,0.3833727613323004,0.4285714285714285,0.5608053456316677,7.497552060874843,400.0,7.52,ok,
botswana,60,46,SSFCM,,,,,0.4609634551495016,0.5384204201080728,0.4321094696758698,0.3913177339901478,0.4663899017411201,0.6582060445923802,130.0,13.39,ok,
botswana,60,46,eSFCM,,,,,0.5921926910299004,0.6237939749951035,0.5713537290789787,0.439039408866995,0.5227552578146946,0.7833599478481698,215.0,21.6,ok,
botswana,60,46,S3FCM,,,,,0.462624584717608,0.5402619966807871,0.4353313105048258,0.4538177339901478,0.5292398715891897,0.628727787234312,73.0,2.67,ok,
botswana,60,46,GS-SPFCM,,,,,0.7105481727574751,0.6729932279668837,0.7131867416917962,0.7299876847290641,0.6855450170479689,1.966994748663552,80.0,23.71,ok,
botswana,60,46,Softmax,,,,,0.9422757475083056,0.9085753447504312,0.9410336501795264,0.955049261083744,0.9260277565210592,3.248398987311258,,26.6,ok,
botswana,60,46,KFCM,,,,,0.4638704318936877,0.5394732787368108,0.4390792045821716,0.4682881773399014,0.5408190758434704,0.5950127713832501,88.0,1.0,ok,
botswana,60,46,SMUC,,,,,0.7263289036544851,0.7583846597987138,0.6862474618638814,0.7598522167487685,0.7784702599558865,6.498565142110069,146.0,35.1,ok,
botswana,60,46,S2-PFCM,,,,,0.7101328903654485,0.6728625236455754,0.712893463809871,0.7850985221674877,0.7321481720478797,1.9863849566711704,70.0,20.84,ok,
botswana,60,46,Sr-SSFCM,0.99,5869.657175654402,59.28946642075159,0.9816042820681042,0.9418604651162792,0.9081351965877617,0.9399988095579636,0.9547413793103448,0.9256329017655552,2.362838041861863,5.0,29.76,ok,
botswana,60,46,Sw-SSFCM_r1,0.99,5869.657175654402,59.28946642075159,0.9830606755096576,0.9750830564784052,0.9587946141518386,0.974438326835667,0.980603448275862,0.966590506665509,2.3290952003564795,5.0,29.87,ok,
botswana,60,46,Sw-SSFCM_r2,0.99,5869.657175654402,59.28946642075159,0.9835843077463282,0.9800664451827242,0.9657567923279295,0.9786482502230386,0.9836822660098522,0.9710325632140516,2.339046337066255,5.0,29.94,ok,
botswana,60,47,FCM,,,,,0.4680232558139535,0.5405029566276895,0.4450220931516636,0.4621305418719212,0.5398551315453076,0.5940044261625971,140.0,1.07,ok,
botswana,60,47,FCM_S1,,,,,0.4738372093023256,0.5551875886325325,0.4659797750665608,0.4630541871921182,0.5560914946246315,0.9040700031899596,100.0,2.31,ok,
botswana,60,47,FCM_S2,,,,,0.4754983388704319,0.555979366873628,0.4620125418995133,0.4692118226600985,0.5563933611483037,0.8725012895821502,100.0,4.73,ok,
botswana,60,47,FLICM,,,,,0.5103820598006644,0.5913571348817712,0.4787876056103989,0.5027709359605911,0.5926565479314742,0.6375590741011201,220.0,25.54,ok,
botswana,60,47,KWFLICM,,,,,0.4435215946843854,0.563177340183539,0.3820666276489355,0.4291871921182266,0.5609074489427697,5.740427101250023,295.0,6.04,ok,
botswana,60,47,SSFCM,,,,,0.4397840531561461,0.5401261734819615,0.4371490497947521,0.4116379310344827,0.5014633688709718,0.6564318043662567,140.0,14.42,ok,
botswana,60,47,eSFCM,,,,,0.5730897009966778,0.6174206146160793,0.5532421103541261,0.4778325123152709,0.541373119838955,0.7490042477987828,265.0,26.61,ok,
botswana,60,47,S3FCM,,,,,0.4713455149501661,0.5425385372544808,0.4493874511624262,0.4759852216748768,0.5362229677039612,0.6177006898100279,81.0,2.79,ok,
botswana,60,47,GS-SPFCM,,,,,0.7084717607973422,0.6748049091302849,0.7112247910946284,0.7275246305418719,0.6870498834266338,1.4983176662853417,238.0,68.34,ok,
botswana,60,47,Softmax,,,,,0.933970099667774,0.9010113147392615,0.9381710245421316,0.9504310344827588,0.9216375331275756,3.689676551747084,,26.53,ok,
botswana,60,47,KFCM,,,,,0.436046511627907,0.5411171760413429,0.4360945011854657,0.4362684729064039,0.5435435249425905,0.6111676449093821,112.0,1.23,ok,
botswana,60,47,SMUC,,,,,0.7861295681063123,0.8046827199221924,0.7144070902135697,0.8044950738916257,0.822149286427619,7.773006798306789,126.0,30.35,ok,
botswana,60,47,S2-PFCM,,,,,0.7138704318936877,0.6725552048612113,0.7135826059734361,0.7878694581280788,0.7321541134240972,1.9614943466098624,94.0,27.71,ok,
botswana,60,47,Sr-SSFCM,0.99,5890.9562193114025,59.504608275872805,0.9810417623206368,0.933970099667774,0.9010113147392615,0.9381710245421316,0.9504310344827588,0.9216375331275756,2.732806468034945,5.0,29.62,ok,
botswana,60,47,Sw-SSFCM_r1,0.99,5890.9562193114025,59.504608275872805,0.982897415372142,0.9700996677740864,0.9537653165390422,0.9744175859537572,0.9778325123152708,0.964018578632466,2.61141181242591,5.0,29.73,ok,
botswana,60,47,Sw-SSFCM_r2,0.99,5890.9562193114025,59.504608275872805,0.9835254917682944,0.9763289036544852,0.9625654309635672,0.9785334623014558,0.981834975369458,0.9701863904189266,2.473005026279941,5.0,29.8,ok,
botswana,60,48,FCM,,,,,0.465531561461794,0.5336011187130987,0.4389272199552653,0.4630541871921182,0.5401801876219833,0.5940532106567356,135.0,1.03,ok,
botswana,60,48,FCM_S1,,,,,0.462624584717608,0.5477212549922138,0.4427396826035625,0.4639778325123153,0.5562258250062058,0.9041067442043343,90.0,2.16,ok,
botswana,60,48,FCM_S2,,,,,0.4663621262458471,0.5481864668855919,0.448456569562409,0.4698275862068966,0.5564735898272706,0.8724469656576216,95.0,4.66,ok,
botswana,60,48,FLICM,,,,,0.4962624584717608,0.5846881664149414,0.4656076948203997,0.5027709359605911,0.5926565479314742,0.6375720622780627,235.0,27.28,ok,
botswana,60,48,KWFLICM,,,,,0.4410299003322259,0.5620267024043166,0.3740905048691011,0.4294950738916256,0.5608827695120003,5.739889975427364,265.0,5.62,ok,
botswana,60,48,SSFCM,,,,,0.4651162790697674,0.5333838033469372,0.4387139596511676,0.4073275862068966,0.47831630300425,0.677813991023248,120.0,12.37,ok,
botswana,60,48,eSFCM,,,,,0.5809800664451827,0.6044500553901477,0.547275545299475,0.4528940886699507,0.5198115438222314,0.7710467565181608,280.0,28.12,ok,
botswana,60,48,S3FCM,,,,,0.4526578073089701,0.5400512640121361,0.4319911557097856,0.4741379310344827,0.5354192914040357,0.8095989578967734,99.0,3.1,ok,
botswana,60,48,GS-SPFCM,,,,,0.7113787375415282,0.6716987310863154,0.7161794934963039,0.7376847290640394,0.6915538722655833,1.7201747318258376,100.0,29.49,ok,
botswana,60,48,Softmax,,,,,0.9343853820598008,0.899916121247098,0.9346167404816575,0.9501231527093597,0.9200673059696934,4.841327319829465,,26.48,ok,
botswana,60,48,KFCM,,,,,0.4667774086378737,0.5337617678752671,0.4425778847419284,0.4679802955665024,0.5411982718424206,0.5922165283097419,73.0,0.86,ok,
botswana,60,48,SMUC,,,,,0.7549833887043189,0.7897570939553072,0.6833687445991805,0.7814039408866995,0.8069508944332198,7.761871246100506,311.0,74.57,ok,
botswana,60,48,S2-PFCM,,,,,0.7105481727574751,0.6703427651441699,0.7137583067564527,0.7854064039408867,0.7307746601670283,1.7442873733680933,106.0,31.13,ok,
botswana,60,48,Sr-SSFCM,0.99,5661.908785641446,57.19099783476213,0.9811751325796888,0.9343853820598008,0.899916121247098,0.9346167404816575,0.9501231527093597,0.9200673059696934,3.496229208505259,5.0,29.58,ok,
botswana,60,48,Sw-SSFCM_r1,0.99,5661.908785641446,57.19099783476213,0.982682397128704,0.9663621262458472,0.94667045500072,0.9668295858285766,0.9744458128078818,0.9575952491595442,3.3074406745739533,5.0,29.7,ok,
botswana,60,48,Sw-SSFCM_r2,0.99,5661.908785641446,57.19099783476213,0.9832673271970648,0.9738372093023256,0.9575898895864908,0.9729827659038454,0.979679802955665,0.9656749775067236,3.2414957727277907,5.0,29.76,ok,
botswana,60,49,FCM,,,,,0.4584717607973422,0.5357995968383338,0.4350188437470197,0.4621305418719212,0.5398551315453076,0.5939796464135946,165.0,1.25,ok,
botswana,60,49,FCM_S1,,,,,0.465531561461794,0.5520248061300346,0.45245805564317,0.4630541871921182,0.5556600000364456,0.9040443770525736,100.0,2.35,ok,
botswana,60,49,FCM_S2,,,,,0.4717607973421927,0.5523366158243812,0.4524404571996662,0.4695197044334975,0.5570263572459945,0.8717591826821043,105.0,4.82,ok,
botswana,60,49,FLICM,,,,,0.5020764119601329,0.5872444288027818,0.4671239583650534,0.5027709359605911,0.5926565479314742,0.6375766345104025,215.0,24.96,ok,
botswana,60,49,KWFLICM,,,,,0.385797342192691,0.5112053086345738,0.323242260771281,0.3679187192118227,0.510668442740495,9.079205556180504,265.0,5.7,ok,
botswana,60,49,SSFCM,,,,,0.4588870431893688,0.5358706559461496,0.4332702721087796,0.3851600985221675,0.4702854421045911,0.6577487328387343,150.0,15.44,ok,
botswana,60,49,eSFCM,,,,,0.5813953488372093,0.6171239705362841,0.5654155096434355,0.4479679802955665,0.5324061676683843,0.7930093445341649,205.0,20.59,ok,
botswana,60,49,S3FCM,,,,,0.4622093023255814,0.5367104974121832,0.4425636606709608,0.4710591133004926,0.5288167168120592,0.6104894780656457,77.0,2.89,ok,
botswana,60,49,GS-SPFCM,,,,,0.7275747508305648,0.6800017744816915,0.7288831289274886,0.7438423645320197,0.6931774771277635,1.7109902380866733,67.0,20.13,ok,
botswana,60,49,Softmax,,,,,0.9414451827242524,0.9079404562766183,0.94488772174835,0.9538177339901478,0.9247268236132978,2.6522544123778844,,26.54,ok,
botswana,60,49,KFCM,,,,,0.4617940199335548,0.5366148191621544,0.4380672420837443,0.4673645320197044,0.5411763219581931,0.5949735038302002,114.0,1.25,ok,
botswana,60,49,SMUC,,,,,0.6951827242524917,0.7711955186407536,0.6050165518496396,0.7241379310344828,0.7820541758345491,7.530595190673138,336.0,80.56,ok,
botswana,60,49,S2-PFCM,,,,,0.728405315614618,0.6810483202817864,0.7294781695325795,0.7986453201970444,0.7406026656811104,1.7317603427850476,61.0,18.38,ok,
botswana,60,49,Sr-SSFCM,0.99,5949.75942230839,60.09858002331712,0.9830863013068594,0.941029900332226,0.9075034774905932,0.9445624689732044,0.9535098522167488,0.924378632270458,1.987072166520907,5.0,29.6,ok,
botswana,60,49,Sw-SSFCM_r1,0.99,5949.75942230839,60.09858002331712,0.9847071085482464,0.9746677740863788,0.9593535098966016,0.9781188026927384,0.979679802955665,0.9661976295922756,1.9944438757101683,5.0,29.72,ok,
botswana,60,49,Sw-SSFCM_r2,0.99,5949.75942230839,60.09858002331712,0.9852586743144396,0.9771594684385382,0.9634617334334958,0.9808937447153908,0.980603448275862,0.968593271543337,1.9932566857720704,5.0,29.78,ok,
botswana,60,50,FCM,,,,,0.4584717607973422,0.5304629884241504,0.4347154613343735,0.4621305418719212,0.5398551315453076,0.5940025029686837,130.0,1.0,ok,
botswana,60,50,FCM_S1,,,,,0.460548172757475,0.5452467054191168,0.4445542158739867,0.4630541871921182,0.5560914946246314,0.9040932622135394,90.0,2.16,ok,
botswana,60,50,FCM_S2,,,,,0.4647009966777408,0.5453128951330127,0.4444139448095398,0.4698275862068966,0.5568888055271092,0.8720321120028872,95.0,4.66,ok,
botswana,60,50,FLICM,,,,,0.4987541528239202,0.5820783907328664,0.4700058148742623,0.5027709359605911,0.5926565479314742,0.6375612227726056,220.0,25.54,ok,
botswana,60,50,KWFLICM,,,,,0.3745847176079734,0.5043833097762658,0.3097086344775359,0.3663793103448275,0.5090408729223456,15064.269204704004,335.0,6.62,ok,
botswana,60,50,SSFCM,,,,,0.4588870431893688,0.5301097701033476,0.4350388471267368,0.3669950738916256,0.4633271326953762,0.6623122091763692,85.0,8.76,ok,
botswana,60,50,eSFCM,,,,,0.5585548172757475,0.6062096422145623,0.5353003957162555,0.4772167487684729,0.5386061026859962,0.8086650496626892,190.0,19.14,ok,
botswana,60,50,S3FCM,,,,,0.462624584717608,0.5326499512275935,0.4408162938625654,0.4639778325123153,0.5260915603604052,0.5996943085444464,114.0,3.35,ok,
botswana,60,50,GS-SPFCM,,,,,0.6989202657807309,0.66212187755748,0.6986259056373445,0.7235221674876847,0.6802367775921401,1.9212315786898653,204.0,58.65,ok,
botswana,60,50,Softmax,,,,,0.9381229235880398,0.900914228012414,0.936164549284886,0.9525862068965516,0.9207317406284484,3.16103223188054,,26.61,ok,
botswana,60,50,KFCM,,,,,0.4593023255813953,0.5302300146810568,0.4354006841086054,0.4621305418719212,0.5391913657171465,0.5955879204412536,71.0,0.84,ok,
botswana,60,50,SMUC,,,,,0.7230066445182725,0.7763816143770974,0.6522662568581865,0.7576970443349754,0.7932781422159869,7.755214281039529,291.0,69.79,ok,
botswana,60,50,S2-PFCM,,,,,0.707641196013289,0.6650710723317678,0.7046100148895192,0.7832512315270936,0.7263180100225748,2.8052793299961487,103.0,30.15,ok,
botswana,60,50,Sr-SSFCM,0.99,5885.184406864657,59.44630714004709,0.9822016301184328,0.9381229235880398,0.900914228012414,0.936164549284886,0.9522783251231528,0.920403669638879,2.2110906586623367,5.0,29.65,ok,
botswana,60,50,Sw-SSFCM_r1,0.99,5885.184406864657,59.44630714004709,0.9837675232165872,0.972591362126246,0.9554566318637336,0.9717560296537222,0.978448275862069,0.9638037885466256,2.203570293347241,5.0,29.76,ok,
botswana,60,50,Sw-SSFCM_r2,0.99,5885.184406864657,59.44630714004709,0.9842988474350812,0.973421926910299,0.9575153803584538,0.9731452770485391,0.979064039408867,0.9653795686111302,2.291980782487371,5.0,29.82,ok,
botswana,60,51,FCM,,,,,0.457641196013289,0.5275260602742282,0.4288292910759669,0.4621305418719212,0.5398551315453076,0.5939906628350199,145.0,1.1,ok,
botswana,60,51,FCM_S1,,,,,0.4609634551495016,0.5433278211547035,0.4413907894324273,0.4630541871921182,0.5556600000364456,0.9040409942808856,110.0,2.48,ok,
botswana,60,51,FCM_S2,,,,,0.4659468438538206,0.5446929439064873,0.4499740348315582,0.4695197044334975,0.5571894130531103,0.8718183698187768,110.0,4.9,ok,
botswana,60,51,FLICM,,,,,0.4950166112956811,0.5793790916532339,0.4648822488156721,0.5027709359605911,0.5926565479314742,0.6375630314783888,200.0,23.25,ok,
botswana,60,51,KWFLICM,,,,,0.404485049833887,0.5525020482394247,0.3528640116436037,0.39685960591133,0.5554172009926085,6.646219550615677,235.0,5.19,ok,
botswana,60,51,SSFCM,,,,,0.4568106312292359,0.5268239732172245,0.4274750672030762,0.3654556650246305,0.4526174239808747,0.683482522169175,125.0,12.88,ok,
botswana,60,51,eSFCM,,,,,0.5053986710963455,0.5915248538138607,0.4785217322872532,0.3894704433497536,0.5027355107993728,0.7942386189019098,235.0,23.61,ok,
botswana,60,51,S3FCM,,,,,0.4613787375415282,0.52849811913021,0.4360629110467965,0.4550492610837438,0.5255546556105799,0.5997508835155553,88.0,2.96,ok,
botswana,60,51,GS-SPFCM,,,,,0.7167774086378738,0.6685748914008234,0.7134182494937695,0.7389162561576355,0.684652637085885,2.529382278380897,58.0,17.52,ok,
botswana,60,51,Softmax,,,,,0.936046511627907,0.8995274673293889,0.931885371879814,0.9504310344827588,0.9183310785496428,3.105255024774062,,26.6,ok,
botswana,60,51,KFCM,,,,,0.4572259136212624,0.5276743299075958,0.4274825023068027,0.4602832512315271,0.5396539742723273,0.5934256725935425,87.0,0.99,ok,
botswana,60,51,SMUC,,,,,0.6561461794019934,0.7374830309075593,0.6012855956709702,0.6831896551724138,0.7513141130409885,11.137114614200271,376.0,90.12,ok,
botswana,60,51,S2-PFCM,,,,,0.7167774086378738,0.6682336980294981,0.7123177242535564,0.7900246305418719,0.7293581053521166,2.557811665663603,54.0,16.38,ok,
botswana,60,51,Sr-SSFCM,0.99,5768.55750409338,58.2682576171049,0.9809148305150746,0.9356312292358804,0.8989989273643135,0.9315546863554331,0.9501231527093597,0.9179151225363936,2.301697250281396,5.0,29.77,ok,
botswana,60,51,Sw-SSFCM_r1,0.99,5768.55750409338,58.2682576171049,0.98279099563924,0.96843853820598,0.9452454743108748,0.9656220336460484,0.9750615763546798,0.9551985736325022,2.2790497517223227,5.0,29.88,ok,
botswana,60,51,Sw-SSFCM_r2,0.99,5768.55750409338,58.2682576171049,0.9834259142569288,0.9767441860465116,0.9599224658168426,0.9748623985311864,0.980603448275862,0.9657945736658298,2.1719697131728903,5.0,29.96,ok,
houston2013,5,42,FCM,,,,,0.4360706165574428,0.5071279202607434,0.340854783395606,0.4352917692461241,0.5069385671233227,0.3113421840035665,475.0,6.98,ok,
houston2013,5,42,FCM_S1,,,,,0.4697071017787882,0.5191944813191147,0.3975196668696584,0.4696919289373877,0.5190794997337159,0.5328100901593353,295.0,9.8,ok,
houston2013,5,42,FCM_S2,,,,,0.470175203958807,0.5204961895231501,0.4084148814212865,0.4696919289373877,0.520320387648186,0.4796887100590672,460.0,18.17,ok,
houston2013,5,42,FLICM,,,,,0.4170790423966831,0.5184624955921693,0.3240042050694944,0.4165280457781622,0.5184059410372894,0.6828087917908561,340.0,70.27,ok,
houston2013,5,42,KWFLICM,,,,,0.4921091346796843,0.5603744965682047,0.4532803491751185,0.4919156297824206,0.5602089782816141,2.121064195101674,175.0,7.62,ok,
houston2013,5,42,SSFCM,,,,,0.4358700013374348,0.5070897178065712,0.3407581115666639,0.4343602368753743,0.4999926249013085,0.3134649414440951,465.0,84.32,ok,
houston2013,5,42,eSFCM,,,,,0.4598100842583924,0.5094840831492773,0.3566539646650042,0.4585135404883891,0.5033299712867122,0.4868731581306406,250.0,44.07,ok,
houston2013,5,42,S3FCM,,,,,0.4318576969372743,0.5044084721901166,0.3505878458304695,0.4313660256836782,0.5033995856576485,0.2959598626998198,218.0,15.31,ok,
houston2013,5,42,GS-SPFCM,,,,,0.4710445365788417,0.5133514898043748,0.4131289482409426,0.4719542218377803,0.5134714445382468,46.34348483703598,50.0,30.77,ok,
houston2013,5,42,Softmax,,,,,0.6881770763675271,0.6745832597975667,0.7012807993964373,0.6888681881695389,0.6752219834685622,8.18780357072116,,5.19,ok,
houston2013,5,42,Sr-SSFCM,0.99,4832.093443262952,48.8090246794238,0.9723336464851297,0.6885783068075432,0.6752753988523301,0.7025882457512185,0.6892674163284317,0.6759156487390526,4.8037110446942215,10.0,6.1,ok,
houston2013,5,42,Sw-SSFCM_r1,0.99,4832.093443262952,48.8090246794238,0.9740880101736852,0.7076367527083055,0.7023163288116742,0.7221746369309838,0.7082972919023222,0.7028848010698,4.541723272916667,10.0,6.31,ok,
houston2013,5,42,Sw-SSFCM_r2,0.99,4832.093443262952,48.8090246794238,0.9748869620102804,0.7111140831884446,0.7064209622094332,0.7233982938616339,0.711690731252911,0.7068463837075062,4.645176628197906,10.0,6.44,ok,
houston2013,5,43,FCM,,,,,0.4355356426374214,0.5071352950765127,0.3407629384538053,0.4352917692461241,0.5069385671233227,0.3113436481838993,410.0,6.07,ok,
houston2013,5,43,FCM_S1,,,,,0.4699077169987963,0.5190151811018773,0.3980347474154074,0.469825004990352,0.5189451093594196,0.5336488158275046,180.0,6.32,ok,
houston2013,5,43,FCM_S2,,,,,0.4584057777183362,0.5344966517229961,0.3825298421005246,0.4581808503559784,0.5343305506593536,0.5879758449635942,390.0,16.05,ok,
houston2013,5,43,FLICM,,,,,0.4169452989166778,0.5185864489086531,0.3239132116583627,0.4165280457781622,0.5184059410372894,0.6828319204914154,330.0,68.19,ok,
houston2013,5,43,KWFLICM,,,,,0.492176006419687,0.5602629041376934,0.4534197797835734,0.4917825537294564,0.5601799323175083,2.1212313216962144,140.0,6.54,ok,
houston2013,5,43,SSFCM,,,,,0.4353350274174134,0.5071531395475168,0.3406681115122966,0.4334952425311065,0.5027963617595311,0.3138933608916481,560.0,101.54,ok,
houston2013,5,43,eSFCM,,,,,0.4425571753377023,0.5048339715367736,0.3535430649509957,0.440681349391177,0.4997194747970558,0.62374183555092,275.0,48.47,ok,
houston2013,5,43,S3FCM,,,,,0.4358700013374348,0.5071466008478162,0.3567059737571967,0.4350256171401956,0.5053568350582924,0.3018290260265862,148.0,11.79,ok,
houston2013,5,43,GS-SPFCM,,,,,0.5056840979002274,0.5380850624738398,0.4188349724017685,0.5066870716614545,0.5383341678314049,18.999142402605063,47.0,29.87,ok,
houston2013,5,43,Softmax,,,,,0.6809549284472382,0.6465141089088026,0.6779386769159099,0.6819482334153969,0.6474838464380442,4.980816246635714,,5.19,ok,
houston2013,5,43,Sr-SSFCM,0.99,2618.540604801324,26.449905099003296,0.9409956349607748,0.6798181088671927,0.6458206577827311,0.6771368771717619,0.6808170869652006,0.6467888352293827,9.03485031876678,10.0,5.92,ok,
houston2013,5,43,Sw-SSFCM_r1,0.99,2618.540604801324,26.449905099003296,0.9460714667389029,0.7010833221880434,0.6770113661187201,0.6954075123787454,0.7019096413600373,0.6777820474864529,12.915064222474427,5.0,6.04,ok,
houston2013,5,43,Sw-SSFCM_r2,0.99,2618.540604801324,26.449905099003296,0.9482575623784292,0.7034238330881369,0.6813350326772011,0.6973134007136346,0.7043050103133941,0.6821728536980761,15.460055641896954,10.0,6.27,ok,
houston2013,5,44,FCM,,,,,0.4355356426374214,0.5069579597527296,0.3403240841983842,0.4352917692461241,0.5069385671233227,0.3113325630044595,470.0,6.81,ok,
houston2013,5,44,FCM_S1,,,,,0.4696402300387856,0.5189220588196485,0.3972956773252541,0.469825004990352,0.5188611177751675,0.5338840335910523,275.0,9.21,ok,
houston2013,5,44,FCM_S2,,,,,0.4693058713387722,0.5199599225653911,0.4075281790545279,0.4692261627520128,0.5198891132328257,0.482590639895658,505.0,19.54,ok,
houston2013,5,44,FLICM,,,,,0.4166109402166644,0.5185370621219976,0.3236175309125443,0.4165280457781622,0.5184059410372894,0.6828071979503274,335.0,69.23,ok,
houston2013,5,44,KWFLICM,,,,,0.4920422629396817,0.5603355125826845,0.453146410307679,0.4917825537294564,0.560203106321913,2.121304032205862,130.0,6.24,ok,
houston2013,5,44,SSFCM,,,,,0.435401899157416,0.5069653497073114,0.3402865380235361,0.4333621664781422,0.5008812900106598,0.3137434211900356,445.0,80.69,ok,
houston2013,5,44,eSFCM,,,,,0.4424903035976996,0.5046310993006667,0.3530719112482296,0.4406148113646949,0.4979875824201925,0.6233627215554681,230.0,40.54,ok,
houston2013,5,44,S3FCM,,,,,0.4288484686371539,0.5045439544311904,0.3482668875580482,0.4282387384390179,0.5028311064603678,0.2985265384769137,104.0,11.0,ok,
houston2013,5,44,GS-SPFCM,,,,,0.4983282064999331,0.5252417391085591,0.4396099107682079,0.4987025084835984,0.5252446985041267,45.36716730883741,42.0,27.89,ok,
houston2013,5,44,Softmax,,,,,0.6947973786277919,0.6875698143051789,0.7019358549253982,0.6959877570031273,0.6883444931443832,4.194247268728033,,5.17,ok,
houston2013,5,44,Sr-SSFCM,0.99,4925.221802159093,49.74971517332422,0.9654803024611156,0.6944630199277785,0.6865590265652088,0.7010857380328404,0.6956550668707167,0.6873404761647504,4.359190494972188,10.0,5.97,ok,
houston2013,5,44,Sw-SSFCM_r1,0.99,4925.221802159093,49.74971517332422,0.9678402216908238,0.7059649592082387,0.7073498309049273,0.7167301758857035,0.707232683478608,0.7080722135479139,35.33084659429068,10.0,6.19,ok,
houston2013,5,44,Sw-SSFCM_r2,0.99,4925.221802159093,49.74971517332422,0.9690696845075653,0.7077036244483081,0.7076955436142132,0.7170117764965552,0.7088961341406614,0.7084023026728157,36.04423678461015,10.0,6.32,ok,
houston2013,5,45,FCM,,,,,0.4360037448174401,0.5072597015686772,0.341095921187929,0.4352917692461241,0.5069385671233227,0.3113435407117841,545.0,7.87,ok,
houston2013,5,45,FCM_S1,,,,,0.4697739735187909,0.5192254184479678,0.397779137760919,0.4696919289373877,0.5191391658568296,0.5328945055087269,290.0,9.64,ok,
houston2013,5,45,FCM_S2,,,,,0.4586063929383442,0.534654278834394,0.3826592850888609,0.4582473883824606,0.5343671017856908,0.5880307726607725,345.0,14.68,ok,
houston2013,5,45,FLICM,,,,,0.4172796576166911,0.5185823132820037,0.3240302840694209,0.4165280457781622,0.5184059410372894,0.6828125425052392,335.0,69.22,ok,
houston2013,5,45,KWFLICM,,,,,0.4284472381971378,0.5268381593707886,0.3577826948987946,0.4283718144919822,0.5267708209838703,7.691474075539756,285.0,10.85,ok,
houston2013,5,45,SSFCM,,,,,0.4358700013374348,0.5072708313675044,0.3410585305732457,0.4336948566105529,0.5019617527700705,0.313808947081202,560.0,101.53,ok,
houston2013,5,45,eSFCM,,,,,0.4425571753377023,0.5044840325801777,0.3524344572492264,0.4403486592587664,0.4983792788515334,0.6240699542256226,165.0,29.09,ok,
houston2013,5,45,S3FCM,,,,,0.4341982078373679,0.5064463970182416,0.3550509705642733,0.4332956284516601,0.504174300673408,0.3001400395803913,151.0,13.81,ok,
houston2013,5,45,GS-SPFCM,,,,,0.503076100040123,0.5422878153924611,0.4593060130775022,0.50342670836383,0.5427209986965015,31.747914766546213,28.0,21.14,ok,
houston2013,5,45,Softmax,,,,,0.6251838972850073,0.6364285080724144,0.6316530317225929,0.6268547474881895,0.6373729606849446,15.265565846741152,,5.18,ok,
houston2013,5,45,Sr-SSFCM,0.99,3121.202041048644,31.527293343925724,0.9503447575894176,0.6258526146850341,0.6364826922197199,0.6322945064090282,0.6274535897265288,0.637421191102352,8.775415909121346,10.0,5.96,ok,
houston2013,5,45,Sw-SSFCM_r1,0.99,3121.202041048644,31.527293343925724,0.9543276185715358,0.643573625785743,0.6634692318610919,0.6540675849038021,0.6450196287178123,0.6643368559809507,13.540255747645212,10.0,6.19,ok,
houston2013,5,45,Sw-SSFCM_r2,0.99,3121.202041048644,31.527293343925724,0.9559333066966438,0.6426374214257055,0.6671406145227933,0.6553209069294632,0.6440880963470623,0.6679971116190166,14.273639787191756,10.0,6.32,ok,
houston2013,5,46,FCM,,,,,0.4355356426374214,0.5068028880297977,0.340631126187095,0.4353583072726062,0.5069339004899986,0.3113277884661391,470.0,6.81,ok,
houston2013,5,46,FCM_S1,,,,,0.4695064865587802,0.518938075490057,0.3974575849333167,0.4696919289373877,0.5191391658568296,0.53276865924148,260.0,8.73,ok,
houston2013,5,46,FCM_S2,,,,,0.4692389995987696,0.5197375532567657,0.407754059245237,0.4692261627520128,0.5198891132328256,0.4825781765217466,415.0,16.81,ok,
houston2013,5,46,FLICM,,,,,0.4166778119566671,0.518275592300915,0.323648038793438,0.4165280457781622,0.5184059410372894,0.6828254330955561,330.0,68.19,ok,
houston2013,5,46,KWFLICM,,,,,0.4656279256386251,0.5499122618046223,0.4281549659818286,0.4656331093219775,0.5500008713291821,1.93458735757162,285.0,10.84,ok,
houston2013,5,46,SSFCM,,,,,0.4353350274174134,0.5068173707204884,0.3405505038731021,0.4338279326635172,0.500131012781725,0.3135139095499246,450.0,81.61,ok,
houston2013,5,46,eSFCM,,,,,0.4264410859970576,0.5106293331798862,0.3457588275620775,0.424312994876572,0.5051240920932358,0.6295536452873113,115.0,20.29,ok,
houston2013,5,46,S3FCM,,,,,0.4348669252373947,0.5060133293176308,0.3558717667445222,0.4341606227959279,0.5040511188188819,0.2989259747928676,111.0,11.26,ok,
houston2013,5,46,GS-SPFCM,,,,,0.5012036913200482,0.528464682512096,0.4755304005932549,0.501962871781223,0.5285264667296717,9.53076988108254,43.0,28.25,ok,
houston2013,5,46,Softmax,,,,,0.722147920288886,0.680417138118546,0.7275621274788613,0.723068733781356,0.6811289753550547,5.123156392460099,,5.18,ok,
houston2013,5,46,Sr-SSFCM,0.99,3430.2442923276167,34.64893224573353,0.9620269910266692,0.722348535508894,0.6806591607516818,0.7277262057950614,0.7232683478608024,0.6813722048161259,3.2619557735877884,10.0,5.97,ok,
houston2013,5,46,Sw-SSFCM_r1,0.99,3430.2442923276167,34.64893224573353,0.9644216231565744,0.7444162097097766,0.7101112070458303,0.7512718659242152,0.7451593585734247,0.7107020640052265,3.110163718241284,10.0,6.29,ok,
houston2013,5,46,Sw-SSFCM_r2,0.99,3430.2442923276167,34.64893224573353,0.9653192010103984,0.7458873879898354,0.7129565983097677,0.7517970825073176,0.7466897331825139,0.7135907038329983,3.264721086961613,10.0,6.32,ok,
houston2013,5,47,FCM,,,,,0.4356693861174268,0.5068469589198479,0.3407442544195884,0.435225231219642,0.506885628256278,0.3113726784481619,475.0,6.89,ok,
houston2013,5,47,FCM_S1,,,,,0.4697071017787882,0.5189938640335784,0.3977670561145798,0.4696919289373877,0.5190794997337159,0.5329120795392608,375.0,12.23,ok,
houston2013,5,47,FCM_S2,,,,,0.4584726494583389,0.535546287097695,0.3868401213159066,0.4582473883824606,0.5356848989748542,0.5679500060959838,135.0,8.3,ok,
houston2013,5,47,FLICM,,,,,0.4169452989166778,0.5186441991722938,0.32378361320689,0.4165280457781622,0.5184059410372894,0.6828153965799405,325.0,67.16,ok,
houston2013,5,47,KWFLICM,,,,,0.4656279256386251,0.5514177204899328,0.4283015153577045,0.4656331093219775,0.5515604084767417,1.9346112168183809,250.0,9.8,ok,
houston2013,5,47,SSFCM,,,,,0.4355356426374214,0.5068669347682337,0.3407057644167156,0.4340275467429636,0.5005808940783529,0.313861645242896,495.0,89.76,ok,
houston2013,5,47,eSFCM,,,,,0.4424903035976996,0.5044810272207185,0.3526201085391488,0.4409475014971056,0.4975949775748816,0.623907148076298,195.0,34.38,ok,
houston2013,5,47,S3FCM,,,,,0.4311889795372475,0.5052829576883964,0.350487403087887,0.430301417259964,0.5037271917441628,0.297954584349752,197.0,14.52,ok,
houston2013,5,47,GS-SPFCM,,,,,0.54299852882172,0.5493486857506581,0.5297542714717544,0.543549138332557,0.5496031189835887,21.15006923009416,27.0,20.88,ok,
houston2013,5,47,Softmax,,,,,0.6568811020462753,0.6497007748546122,0.6697690267202839,0.6583272340142391,0.650467569374394,21.30753093773088,,5.19,ok,
houston2013,5,47,Sr-SSFCM,0.99,3455.663129742237,34.90568817921454,0.9549635539531371,0.6590209977263608,0.6502548595564543,0.6712282249916534,0.6603899128351853,0.6510047028363997,11.52276961366316,10.0,5.98,ok,
houston2013,5,47,Sw-SSFCM_r1,0.99,3455.663129742237,34.90568817921454,0.9578517885864064,0.6800187240872008,0.6757561115275322,0.6914483239689228,0.6810832390711291,0.6764198286173011,11.862551330171849,10.0,6.21,ok,
houston2013,5,47,Sw-SSFCM_r2,0.99,3455.663129742237,34.90568817921454,0.9593932912199372,0.6885783068075432,0.6846245031884199,0.6985044725999642,0.6896666444873245,0.6852547011467143,12.716232952418771,10.0,6.34,ok,
houston2013,5,48,FCM,,,,,0.4356025143774241,0.5069306162614606,0.3407429179359258,0.4352917692461241,0.5069385671233227,0.3113481325447575,500.0,7.23,ok,
houston2013,5,48,FCM_S1,,,,,0.4697071017787882,0.5187350344341948,0.3975174432854164,0.4697584669638698,0.518815359013826,0.5338032686845555,180.0,6.31,ok,
houston2013,5,48,FCM_S2,,,,,0.4693058713387722,0.5199537662005438,0.4077018939523934,0.4692261627520128,0.5198972320432037,0.4825356252202404,465.0,18.34,ok,
houston2013,5,48,FLICM,,,,,0.4170790423966831,0.5186056734933672,0.3240949647430143,0.4165280457781622,0.5184059410372894,0.6828247134878771,330.0,68.19,ok,
houston2013,5,48,KWFLICM,,,,,0.4419553296776782,0.5326748445305574,0.3687605976554269,0.4417459578148912,0.5325325348953192,3.9140231609188767,205.0,8.46,ok,
houston2013,5,48,SSFCM,,,,,0.4353350274174134,0.5068990063595461,0.3406029260960692,0.4334952425311065,0.4997007101610787,0.3139910000365773,460.0,83.42,ok,
houston2013,5,48,eSFCM,,,,,0.4420222014176809,0.5042175752348594,0.351807143438822,0.4408144254441413,0.4986241527685678,0.6241394793154494,220.0,38.78,ok,
houston2013,5,48,S3FCM,,,,,0.4307877490972315,0.5048380513945651,0.3499154662016647,0.4300352651540355,0.5033675505077193,0.2974314021832336,234.0,16.26,ok,
houston2013,5,48,GS-SPFCM,,,,,0.4834158084793366,0.5263488063687664,0.4167801288321949,0.4839976046310466,0.5265436683135412,32.66493099498796,23.0,17.84,ok,
houston2013,5,48,Softmax,,,,,0.6701217065668049,0.6574286940996726,0.6889272178287359,0.6710359970723269,0.6580705730068662,7.896308208685112,,5.26,ok,
houston2013,5,48,Sr-SSFCM,0.99,2892.9730383843307,29.22194988267003,0.9505251429154258,0.6711916544068477,0.6588413312258786,0.6925873460805243,0.6722336815490052,0.6594783039669558,6.119254858325784,10.0,5.94,ok,
houston2013,5,48,Sw-SSFCM_r1,0.99,2892.9730383843307,29.22194988267003,0.9536727440250268,0.6976728634479069,0.6952556969552793,0.7198795193852353,0.6986492780624126,0.6957952878060395,6.06093440860339,10.0,6.16,ok,
houston2013,5,48,Sw-SSFCM_r2,0.99,2892.9730383843307,29.22194988267003,0.9554463288297784,0.7047612678881905,0.7003582553861106,0.7266280584069783,0.7057023088695189,0.7008753405221863,6.461245809245346,10.0,6.29,ok,
houston2013,5,49,FCM,,,,,0.4356693861174268,0.5069050136496513,0.3408240648835722,0.4352917692461241,0.5069385671233227,0.3113370694905707,530.0,7.67,ok,
houston2013,5,49,FCM_S1,,,,,0.4694396148187776,0.5189711369494099,0.3974236393975254,0.4696919289373877,0.5190794997337159,0.53289714620095,370.0,12.12,ok,
houston2013,5,49,FCM_S2,,,,,0.4694396148187776,0.5200110771667892,0.4079882798039414,0.4694257768314592,0.5201327549385216,0.4800552496569307,375.0,15.6,ok,
houston2013,5,49,FLICM,,,,,0.4171459141366858,0.5185639604427612,0.32405262267591,0.4165280457781622,0.5184059410372894,0.6828181300213119,315.0,65.1,ok,
houston2013,5,49,KWFLICM,,,,,0.4737194061789487,0.5555176018305402,0.4329189990569851,0.4738172865792801,0.5556437973636933,3.014533042941467,235.0,9.36,ok,
houston2013,5,49,SSFCM,,,,,0.4355356426374214,0.5069135896337427,0.3407866041031274,0.4336948566105529,0.4999702785499271,0.3137180375292471,445.0,80.7,ok,
houston2013,5,49,eSFCM,,,,,0.4422228166376889,0.5047248420199696,0.352945581151563,0.4400159691263557,0.4983907004994839,0.6233755275050591,305.0,53.76,ok,
houston2013,5,49,S3FCM,,,,,0.4315233382372609,0.5052476790188842,0.3530674723580275,0.4316987158160889,0.5038697632441769,0.2991886097851264,120.0,12.44,ok,
houston2013,5,49,GS-SPFCM,,,,,0.5046141500601846,0.5340120963380312,0.4254021575931907,0.5050901590258833,0.5340414346369348,48.165693796432606,66.0,39.38,ok,
houston2013,5,49,Softmax,,,,,0.7033569613481343,0.6599385880185822,0.7101725123072008,0.7044380863663584,0.6608349300840355,25.85130141419269,,5.22,ok,
houston2013,5,49,Sr-SSFCM,0.99,4717.916589531266,47.655723126578486,0.9711337934112408,0.7021532700280861,0.659269512818794,0.7091713819674842,0.70324040188968,0.6601662432958352,11.550858205375032,5.0,5.87,ok,
houston2013,5,49,Sw-SSFCM_r1,0.99,4717.916589531266,47.655723126578486,0.9734099333545848,0.7215460746288619,0.6879647666586566,0.7323726839604923,0.7224698915430169,0.6887514734148223,12.729515940908565,10.0,6.2,ok,
houston2013,5,49,Sw-SSFCM_r2,0.99,4717.916589531266,47.655723126578486,0.9744083784764834,0.723351611608934,0.69262553309871,0.7361211455497949,0.7242664182580345,0.6933924334493106,12.634184653423514,10.0,6.32,ok,
houston2013,5,50,FCM,,,,,0.4354687708974187,0.5070878851291805,0.3404499001129361,0.4354248452990884,0.5069293050834566,0.311316425465911,490.0,7.1,ok,
houston2013,5,50,FCM_S1,,,,,0.4698408452587936,0.5191683272595671,0.3977340427180595,0.4696919289373877,0.5190794997337159,0.532909449196036,330.0,10.86,ok,
houston2013,5,50,FCM_S2,,,,,0.4697739735187909,0.5203259643668733,0.4082941634286582,0.4697584669638698,0.5203306275967993,0.4796492528388765,240.0,11.49,ok,
houston2013,5,50,FLICM,,,,,0.4167446836966698,0.5184361473936846,0.3236941278537416,0.4165280457781622,0.5184059410372894,0.6828204379198904,330.0,68.19,ok,
houston2013,5,50,KWFLICM,,,,,0.4447639427577906,0.5319575808962392,0.3651711588426422,0.4446736309801051,0.5320190900144889,2.425495454331056,470.0,16.31,ok,
houston2013,5,50,SSFCM,,,,,0.435201283937408,0.507105657379314,0.3403262924092623,0.4336948566105529,0.5004606537946861,0.3135059765063306,445.0,80.73,ok,
houston2013,5,50,eSFCM,,,,,0.4418884579376755,0.5044015300140888,0.3514700943761293,0.4403486592587664,0.497602752466987,0.6243314822335524,195.0,34.38,ok,
houston2013,5,50,S3FCM,,,,,0.4337969773973519,0.5061203951133888,0.3548934847941046,0.4331625523986958,0.5037468069326997,0.2991928549019996,136.0,12.46,ok,
houston2013,5,50,GS-SPFCM,,,,,0.508024608800321,0.5152200931823,0.4400051480354971,0.5082839842970257,0.514962229255153,27.90158391637338,55.0,34.1,ok,
houston2013,5,50,Softmax,,,,,0.686973385047479,0.655009044838578,0.7003412644540333,0.687936655798789,0.655836204475655,6.364346830360945,,5.19,ok,
houston2013,5,50,Sr-SSFCM,0.99,4195.284338893851,42.37660948377631,0.9657531213535896,0.6858365654674334,0.6546171480921739,0.7001956665852536,0.6868055093485927,0.655451518446992,6.372161921678464,10.0,5.97,ok,
houston2013,5,50,Sw-SSFCM_r1,0.99,4195.284338893851,42.37660948377631,0.9673682991815812,0.7016851678480674,0.6749585998813316,0.7186668529916517,0.7026415596513408,0.6757466831063873,7.267408263704947,10.0,6.2,ok,
houston2013,5,50,Sw-SSFCM_r2,0.99,4195.284338893851,42.37660948377631,0.9679496535419098,0.704226293968169,0.67928960563994,0.7191892271579331,0.7051700046576619,0.6800630446337596,8.247372759665645,10.0,6.33,ok,
houston2013,5,51,FCM,,,,,0.4356693861174268,0.5068407612542376,0.3407016446654891,0.4352917692461241,0.5069385671233227,0.3113331375999805,455.0,6.59,ok,
houston2013,5,51,FCM_S1,,,,,0.4695064865587802,0.5185175683927029,0.3975107276221434,0.469825004990352,0.5188611177751675,0.5338843408200117,400.0,12.99,ok,
houston2013,5,51,FCM_S2,,,,,0.4693727430787749,0.5196950372749626,0.4078098906927146,0.4692261627520128,0.5198891132328257,0.482595165966471,480.0,18.79,ok,
houston2013,5,51,FLICM,,,,,0.4167446836966698,0.5183207636702172,0.3237595665555678,0.4165280457781622,0.5184059410372894,0.6828236039140061,330.0,68.17,ok,
houston2013,5,51,KWFLICM,,,,,0.4279791360171192,0.5294120207102956,0.358406080621709,0.4281056623860536,0.5296965905404207,7.509957183254835,235.0,9.35,ok,
houston2013,5,51,SSFCM,,,,,0.4355356426374214,0.5068496502661703,0.3406644322026808,0.4336948566105529,0.5002487951503897,0.3140452813841188,455.0,82.51,ok,
houston2013,5,51,eSFCM,,,,,0.4424903035976996,0.5045088850031204,0.3529826757316425,0.4406148113646949,0.4982695130545554,0.6240701735055639,265.0,46.7,ok,
houston2013,5,51,S3FCM,,,,,0.4303196469172128,0.5037256808810497,0.3491685899939951,0.4296360369951427,0.5021307184518077,0.2960464491246405,147.0,12.38,ok,
houston2013,5,51,GS-SPFCM,,,,,0.5540323659221613,0.5540343539989695,0.5242815139873408,0.5545279127021092,0.5541350575308194,50.86720964931374,32.0,22.54,ok,
houston2013,5,51,Softmax,,,,,0.7041594222281664,0.6860303485588278,0.7128008658477553,0.7055026947900725,0.6869571946164041,6.036141842190792,,5.22,ok,
houston2013,5,51,Sr-SSFCM,0.99,6065.364153834843,61.26630458419039,0.9790718827220284,0.704226293968169,0.6856022410977789,0.7126559194635516,0.7055692328165547,0.6865329156638763,5.113216547782371,10.0,5.97,ok,
houston2013,5,51,Sw-SSFCM_r1,0.99,6065.364153834843,61.26630458419039,0.9806023898099896,0.7289688377691588,0.7178878441717792,0.7421016262566092,0.7301217645884623,0.718732025304443,6.254800481317689,10.0,6.19,ok,
houston2013,5,51,Sw-SSFCM_r2,0.99,6065.364153834843,61.26630458419039,0.9811858998443502,0.7359903704694396,0.7234794047866756,0.7506243118824468,0.7370417193426043,0.7241816671452921,6.68071304393002,10.0,6.32,ok,
houston2013,10,42,FCM,,,,,0.4363868539552389,0.5071211123169495,0.3409173515563443,0.4352917692461241,0.5069385671233227,0.3113421840035665,475.0,6.88,ok,
houston2013,10,42,FCM_S1,,,,,0.4697896364002957,0.5193182580207998,0.3907612631930565,0.4696919289373877,0.5190794997337159,0.5328100901593353,295.0,9.8,ok,
houston2013,10,42,FCM_S2,,,,,0.4700584716714833,0.5205233317110206,0.4081985136130635,0.4696919289373877,0.520320387648186,0.4796887100590672,460.0,18.18,ok,
houston2013,10,42,FLICM,,,,,0.4174339673365145,0.5187618531525261,0.324014356576675,0.4165280457781622,0.5184059410372894,0.6828087917908561,340.0,70.26,ok,
houston2013,10,42,KWFLICM,,,,,0.4923717991800524,0.5605688807821128,0.4533677171020468,0.4919156297824206,0.5602089782816141,2.121064195101674,175.0,7.57,ok,
houston2013,10,42,SSFCM,,,,,0.4362524363196451,0.507129212967452,0.3408797991642885,0.433229090425178,0.4950587714926907,0.3150780475304176,470.0,85.23,ok,
houston2013,10,42,eSFCM,,,,,0.4607836548155118,0.5096552800186742,0.3568161629029761,0.4581808503559784,0.499187996995337,0.4880344714351151,250.0,44.16,ok,
houston2013,10,42,S3FCM,,,,,0.4353115128704886,0.5066337581746804,0.3559283992230684,0.4338944706899993,0.5036512996207873,0.2996761007698876,124.0,11.81,ok,
houston2013,10,42,GS-SPFCM,,,,,0.5205995026547483,0.5412434219949758,0.520764444919705,0.5213919755140063,0.5414512642155274,4.3768601407806536,34.0,22.9,ok,
houston2013,10,42,Softmax,,,,,0.7633577525371329,0.7056537293061005,0.7564410180227455,0.7643223102002794,0.7066931901713541,5.789502459329172,,7.05,ok,
houston2013,10,42,Sr-SSFCM,0.99,3437.717557817753,34.72441977593693,0.9639475402809418,0.7631561260837422,0.7063967981612849,0.7568186533445527,0.7641892341473152,0.7075090615727522,3.164963892418668,10.0,8.05,ok,
houston2013,10,42,Sw-SSFCM_r1,0.99,3437.717557817753,34.72441977593693,0.9660642145146268,0.7876873445796089,0.7369474539610019,0.7857743274251315,0.78834253776033,0.7377746707059537,3.9650282707307967,10.0,8.31,ok,
houston2013,10,42,Sw-SSFCM_r2,0.99,3437.717557817753,34.72441977593693,0.9669861359167444,0.794609852812689,0.7426694136347504,0.792573879348306,0.7951294164615077,0.7434182408791811,4.443372469759463,10.0,8.44,ok,
houston2013,10,43,FCM,,,,,0.4355131393238793,0.5069513863105901,0.3406191878581675,0.4352917692461241,0.5069385671233227,0.3113436481838993,410.0,5.96,ok,
houston2013,10,43,FCM_S1,,,,,0.4693863834935143,0.5185321707810564,0.3974973372497604,0.469825004990352,0.5189451093594196,0.5336488158275046,180.0,6.31,ok,
houston2013,10,43,FCM_S2,,,,,0.4581625109214329,0.5341182406454155,0.3822307745836122,0.4581808503559784,0.5343305506593536,0.5879758449635942,390.0,16.06,ok,
houston2013,10,43,FLICM,,,,,0.4168290879763425,0.5184503868747157,0.3236424675259041,0.4165280457781622,0.5184059410372894,0.6828319204914154,330.0,68.17,ok,
houston2013,10,43,KWFLICM,,,,,0.4914980845486928,0.5598985491405805,0.452699806962037,0.4917825537294564,0.5601799323175083,2.1212313216962144,140.0,6.54,ok,
houston2013,10,43,SSFCM,,,,,0.4353787216882855,0.5069619495704772,0.3405819040690325,0.4320314059484996,0.4995656412101544,0.3153775923124233,560.0,101.55,ok,
houston2013,10,43,eSFCM,,,,,0.4430405269171315,0.504663617360767,0.3535672515633757,0.4392840508350522,0.4958246187355392,0.6252308967220788,265.0,46.71,ok,
houston2013,10,43,S3FCM,,,,,0.4314806102560656,0.5046325301012549,0.3503905703399975,0.4310333355512675,0.5021649388306765,0.2974247065916716,305.0,17.62,ok,
houston2013,10,43,GS-SPFCM,,,,,0.5376033335573627,0.5378825432687714,0.4770464370468892,0.5389580145052898,0.5384554592398733,22.88778865834149,40.0,26.43,ok,
houston2013,10,43,Softmax,,,,,0.6985684521809261,0.6801925639357651,0.7209397091367701,0.700312728724466,0.6817332356156549,27.194430003224213,,7.01,ok,
houston2013,10,43,Sr-SSFCM,0.99,3653.202728430371,36.90103766091287,0.9624642608102344,0.6968882317360038,0.6792942909604884,0.7211110010283047,0.6987823541153769,0.6807735158118874,15.224342683543725,10.0,8.05,ok,
houston2013,10,43,Sw-SSFCM_r1,0.99,3653.202728430371,36.90103766091287,0.9643272344299704,0.718462262248807,0.7061198117575346,0.7437808528017834,0.72007452258966,0.707485525719747,20.270347524662903,10.0,8.29,ok,
houston2013,10,43,Sw-SSFCM_r2,0.99,3653.202728430371,36.90103766091287,0.9652629347752738,0.7222259560454332,0.7106148722282148,0.7511119208396234,0.7238671900991417,0.7119879890350491,51.379683859189605,10.0,8.41,ok,
houston2013,10,44,FCM,,,,,0.4356475569594731,0.5067739711695831,0.3407440886768287,0.4352917692461241,0.5069385671233227,0.3113325630044595,470.0,6.81,ok,
houston2013,10,44,FCM_S1,,,,,0.4699912628536864,0.5188476769249334,0.3978682150097539,0.469825004990352,0.5188611177751675,0.5338840335910523,275.0,9.27,ok,
houston2013,10,44,FCM_S2,,,,,0.4694535923113112,0.5198314587767349,0.4077958403807068,0.4692261627520128,0.5198891132328257,0.482590639895658,505.0,19.55,ok,
houston2013,10,44,FLICM,,,,,0.4170979232475301,0.5184258574513791,0.3239125907831198,0.4165280457781622,0.5184059410372894,0.6828071979503274,335.0,69.22,ok,
houston2013,10,44,KWFLICM,,,,,0.4921029639088648,0.5600941108600168,0.4532811157651742,0.4917825537294564,0.560203106321913,2.121304032205862,130.0,6.25,ok,
houston2013,10,44,SSFCM,,,,,0.4353787216882855,0.506743534157891,0.3406035394608592,0.4312329496307139,0.4963195328139494,0.315863115514972,450.0,81.59,ok,
houston2013,10,44,eSFCM,,,,,0.4424356475569594,0.504301380688928,0.3528047953999104,0.438685208596713,0.4928212849795531,0.6252161115693833,220.0,38.78,ok,
houston2013,10,44,S3FCM,,,,,0.4308085220780966,0.5049412249582027,0.3525209479849184,0.4298356510745891,0.5022864188314399,0.2987575628902744,108.0,11.15,ok,
houston2013,10,44,GS-SPFCM,,,,,0.5236238994556086,0.5385719583955019,0.4537829507665222,0.5250515669705237,0.539046315822261,12.991689138147672,48.0,30.78,ok,
houston2013,10,44,Softmax,,,,,0.7620135761811949,0.7170225271408771,0.7672728605223033,0.7632577017765653,0.7182494817544223,4.782190186425771,,7.12,ok,
houston2013,10,44,Sr-SSFCM,0.99,3777.763480273312,38.15922707346783,0.9672081133711828,0.7624840379057732,0.7174772626953729,0.7676873659865004,0.7637234679619402,0.718700841832886,2.8016291104960227,10.0,8.09,ok,
houston2013,10,44,Sw-SSFCM_r1,0.99,3777.763480273312,38.15922707346783,0.968529258719496,0.788897103299953,0.7466641162443016,0.7967558467438839,0.789806374342937,0.7477203430486549,3.095689901190361,10.0,8.31,ok,
houston2013,10,44,Sw-SSFCM_r2,0.99,3777.763480273312,38.15922707346783,0.9693079250007484,0.790174070838094,0.7503510342703326,0.7978067121564479,0.7909375207931333,0.7512455573201252,3.3722599316733826,10.0,8.44,ok,
houston2013,10,45,FCM,,,,,0.4355803481416762,0.507049484228369,0.3405717843538693,0.4352917692461241,0.5069385671233227,0.3113435407117841,545.0,7.87,ok,
houston2013,10,45,FCM_S1,,,,,0.4697224275824988,0.5188540323538208,0.3976946311297949,0.4696919289373877,0.5191391658568296,0.5328945055087269,290.0,9.65,ok,
houston2013,10,45,FCM_S2,,,,,0.4587673902816049,0.534298006039912,0.382645293786306,0.4582473883824606,0.5343671017856908,0.5880307726607725,345.0,14.69,ok,
houston2013,10,45,FLICM,,,,,0.4174339673365145,0.5183817969006639,0.3241156232204624,0.4165280457781622,0.5184059410372894,0.6828125425052392,335.0,69.25,ok,
houston2013,10,45,KWFLICM,,,,,0.4287250487263929,0.526718565569344,0.3579974045057693,0.4283718144919822,0.5267708209838703,7.691474075539756,285.0,10.83,ok,
houston2013,10,45,SSFCM,,,,,0.4353115128704886,0.5070168404991084,0.3404314199468761,0.4309667975247854,0.4978794825602027,0.316285793213209,555.0,100.63,ok,
houston2013,10,45,eSFCM,,,,,0.442099603467975,0.5040707699337473,0.3520371650521941,0.437687138199481,0.4935559795027576,0.6260573409394863,160.0,28.22,ok,
houston2013,10,45,S3FCM,,,,,0.4325559513408159,0.505753528141126,0.3539381658931965,0.4309002594983033,0.5034111431183851,0.2990044115982841,174.0,14.67,ok,
houston2013,10,45,GS-SPFCM,,,,,0.5126016533369178,0.5276260297760964,0.4462402967965895,0.5136735644420787,0.5277352192458016,14.0583787018948,46.0,30.06,ok,
houston2013,10,45,Softmax,,,,,0.7444048659184085,0.7139611798884039,0.7523269253477041,0.7459578148912104,0.7151759950717792,8.964264669652874,,7.01,ok,
houston2013,10,45,Sr-SSFCM,0.99,3688.30849367247,37.255641350227,0.9661769568517012,0.7435983601048457,0.7141768493196731,0.752056923182617,0.7451593585734247,0.7154011980393267,21.546977258367697,10.0,8.0,ok,
houston2013,10,45,Sw-SSFCM_r1,0.99,3688.30849367247,37.255641350227,0.9684280817891492,0.7630217084481484,0.7436038188794247,0.772090304456304,0.7642557721737974,0.7445179776163849,41.78548758842849,10.0,8.23,ok,
houston2013,10,45,Sw-SSFCM_r2,0.99,3688.30849367247,37.255641350227,0.96945930377602,0.7628200819947577,0.7450935146738059,0.7734551518979735,0.7641226961208331,0.7461048099809044,68.40353490001355,10.0,8.36,ok,
houston2013,10,46,FCM,,,,,0.4359163922306606,0.5067623654639324,0.3406572759323951,0.4353583072726062,0.5069339004899986,0.3113277884661391,470.0,6.8,ok,
houston2013,10,46,FCM_S1,,,,,0.4693863834935143,0.5188984408392979,0.3971225919274549,0.4696919289373877,0.5191391658568296,0.53276865924148,260.0,8.73,ok,
houston2013,10,46,FCM_S2,,,,,0.4696552187647019,0.5197912446836982,0.4078311471396016,0.4692261627520128,0.5198891132328256,0.4825781765217466,415.0,16.81,ok,
houston2013,10,46,FLICM,,,,,0.4172995497009207,0.5187849231210331,0.3241024095603846,0.4165280457781622,0.5184059410372894,0.6828254330955561,330.0,68.18,ok,
houston2013,10,46,KWFLICM,,,,,0.4656226896968882,0.5495331135834205,0.4280812670162444,0.4656331093219775,0.5500008713291821,1.93458735757162,285.0,10.84,ok,
houston2013,10,46,SSFCM,,,,,0.4356475569594731,0.5067272104947713,0.340503007660986,0.4326302481868387,0.4951965273725446,0.3152728117223543,450.0,81.6,ok,
houston2013,10,46,eSFCM,,,,,0.4269104106458767,0.5103297207292691,0.3460870138024876,0.4226495442145186,0.5007405154769596,0.630719562133638,120.0,21.17,ok,
houston2013,10,46,S3FCM,,,,,0.4315478190738624,0.5044628945724776,0.3503857253443932,0.429769113048107,0.5028102885378102,0.297652642704104,155.0,12.89,ok,
houston2013,10,46,GS-SPFCM,,,,,0.5078970360911351,0.5261844951598423,0.4566838349766762,0.50934859272074,0.5265847216823004,137.20144477984795,41.0,27.26,ok,
houston2013,10,46,Softmax,,,,,0.7257208145708717,0.6890082830319387,0.7421010729839808,0.7273937055026948,0.6903397369054065,18.90725321095485,,7.05,ok,
houston2013,10,46,Sr-SSFCM,0.99,3587.900788209469,36.24142210312598,0.9649765127265312,0.7278042879225755,0.6915839467028329,0.7437902389165202,0.7293233082706767,0.6927641376823381,4.961571757697157,10.0,8.09,ok,
houston2013,10,46,Sw-SSFCM_r1,0.99,3587.900788209469,36.24142210312598,0.9669524390226666,0.7525371328718328,0.7241209358305527,0.7707538053346867,0.75374276398962,0.724979090532124,5.578838866386263,10.0,8.31,ok,
houston2013,10,46,Sw-SSFCM_r2,0.99,3587.900788209469,36.24142210312598,0.9679055586820126,0.7557631561260837,0.7271023321064111,0.7729421197948666,0.7569365892607626,0.7280235831804917,5.25077073373674,10.0,8.44,ok,
houston2013,10,47,FCM,,,,,0.4360508098662544,0.5069199576815664,0.3408165420216396,0.435225231219642,0.506885628256278,0.3113726784481619,475.0,6.88,ok,
houston2013,10,47,FCM_S1,,,,,0.4696552187647019,0.5191407302600228,0.3975299721369011,0.4696919289373877,0.5190794997337159,0.5329120795392608,375.0,12.35,ok,
houston2013,10,47,FCM_S2,,,,,0.4581625109214329,0.5355419646016043,0.3864736440533997,0.4582473883824606,0.5356848989748542,0.5679500060959838,135.0,8.31,ok,
houston2013,10,47,FLICM,,,,,0.4178372202432959,0.5186598779323962,0.3244222508083066,0.4165280457781622,0.5184059410372894,0.6828153965799405,325.0,67.15,ok,
houston2013,10,47,KWFLICM,,,,,0.4659587337858727,0.5512094342106532,0.4285564897783496,0.4656331093219775,0.5515604084767417,1.9346112168183809,250.0,9.8,ok,
houston2013,10,47,SSFCM,,,,,0.4359836010484575,0.5069824510702216,0.3408376482800443,0.4329629383192494,0.4963230535013458,0.3164002294497838,495.0,89.76,ok,
houston2013,10,47,eSFCM,,,,,0.4425700651925532,0.504391696436073,0.3526093724215076,0.4394836649144986,0.4926484338442815,0.6256370305004952,195.0,34.38,ok,
houston2013,10,47,S3FCM,,,,,0.4312789838026749,0.5038936482956669,0.3498481146366225,0.4300352651540355,0.50243985571066,0.2958150760129887,165.0,13.34,ok,
houston2013,10,47,GS-SPFCM,,,,,0.5312184958666577,0.5459702863324435,0.4751037883456687,0.5323042118570763,0.5460487207423101,12.701040437336028,48.0,31.24,ok,
houston2013,10,47,Softmax,,,,,0.7302910141810606,0.684138148141735,0.7401647077683217,0.73191829130348,0.6854864370088183,8.011772215004873,,7.0,ok,
houston2013,10,47,Sr-SSFCM,0.99,4517.892854061166,45.63528135415323,0.9691160235614436,0.7298205524564823,0.6848250238365208,0.7389894042417997,0.7315856011710693,0.686284034115601,4.32523845695409,10.0,8.03,ok,
houston2013,10,47,Sw-SSFCM_r1,0.99,4517.892854061166,45.63528135415323,0.9711485402345166,0.7591235970159285,0.7212180020896714,0.7719778736926031,0.760662718743762,0.7223816483071308,4.0731676092184985,10.0,8.31,ok,
houston2013,10,47,Sw-SSFCM_r2,0.99,4517.892854061166,45.63528135415323,0.9720666476240222,0.7585187176557564,0.7224330860905416,0.7688853694751244,0.7599308004524585,0.7236236109486422,4.063304871461779,10.0,8.38,ok,
houston2013,10,48,FCM,,,,,0.4363868539552389,0.5071858913193713,0.3412262881494615,0.4352917692461241,0.5069385671233227,0.3113481325447575,500.0,7.24,ok,
houston2013,10,48,FCM_S1,,,,,0.4700584716714833,0.5190253796255938,0.3979041427868428,0.4697584669638698,0.518815359013826,0.5338032686845555,180.0,6.3,ok,
houston2013,10,48,FCM_S2,,,,,0.4696552187647019,0.5201543688132013,0.4078819515113053,0.4692261627520128,0.5198972320432037,0.4825356252202404,465.0,18.33,ok,
houston2013,10,48,FLICM,,,,,0.4168290879763425,0.5186609762593767,0.3235644047575525,0.4165280457781622,0.5184059410372894,0.6828247134878771,330.0,68.18,ok,
houston2013,10,48,KWFLICM,,,,,0.4421668122857718,0.532797437340725,0.3687908292215531,0.4417459578148912,0.5325325348953192,3.9140231609188767,205.0,8.51,ok,
houston2013,10,48,SSFCM,,,,,0.4362524363196451,0.5071947932665658,0.3411886360696161,0.4325637101603566,0.4949180350718501,0.3154509678400828,460.0,83.41,ok,
houston2013,10,48,eSFCM,,,,,0.4425700651925532,0.5045452173524138,0.3521319184124291,0.4401490451793199,0.4948994826200832,0.6258927029008748,215.0,37.9,ok,
houston2013,10,48,S3FCM,,,,,0.4313461926204718,0.5056814259924206,0.3530315786214035,0.4301683412069998,0.5021939230824144,0.2983857238755926,212.0,15.43,ok,
houston2013,10,48,GS-SPFCM,,,,,0.4993615162309295,0.532468792289979,0.4799900785338336,0.4999001929602768,0.5324242917272238,27.433545179609474,33.0,22.77,ok,
houston2013,10,48,Softmax,,,,,0.7241078029437462,0.7025484153137203,0.7384742961063941,0.7251314126023022,0.7036579105503734,15.760549875130016,,6.99,ok,
houston2013,10,48,Sr-SSFCM,0.99,2361.8408435644224,23.85697821782247,0.942253471846457,0.7244438470327307,0.7033315855982626,0.7387073021575801,0.725530640761195,0.704544853006508,8.213938475412162,10.0,8.04,ok,
houston2013,10,48,Sw-SSFCM_r1,0.99,2361.8408435644224,23.85697821782247,0.9458993430283978,0.7425230190200954,0.7302115348693629,0.7583841560605582,0.7434959079113713,0.7314197842176839,11.071431664897895,15.0,8.36,ok,
houston2013,10,48,Sw-SSFCM_r2,0.99,2361.8408435644224,23.85697821782247,0.9473062827730092,0.7450769540963774,0.7353547011349378,0.7614587652624577,0.7459578148912104,0.7364626281845881,11.478841199531503,10.0,8.39,ok,
houston2013,10,49,FCM,,,,,0.4359836010484575,0.5075910065780112,0.340939964440861,0.4352917692461241,0.5069385671233227,0.3113370694905707,530.0,7.65,ok,
houston2013,10,49,FCM_S1,,,,,0.4701256804892802,0.5193411007512849,0.3981129036498148,0.4696919289373877,0.5190794997337159,0.53289714620095,370.0,12.07,ok,
houston2013,10,49,FCM_S2,,,,,0.4698568452180926,0.5203816833216742,0.4083176640138263,0.4694257768314592,0.5201327549385216,0.4800552496569307,375.0,15.59,ok,
houston2013,10,49,FLICM,,,,,0.4171651320653269,0.5186909870961972,0.324017387922586,0.4165280457781622,0.5184059410372894,0.6828181300213119,315.0,65.08,ok,
houston2013,10,49,KWFLICM,,,,,0.4744270448282814,0.5556625010152744,0.4335728377937143,0.4738172865792801,0.5556437973636933,3.014533042941467,235.0,9.48,ok,
houston2013,10,49,SSFCM,,,,,0.4357819745950668,0.5075479120207357,0.3408286509247016,0.4323640960809102,0.4956894737841139,0.3154216246059137,440.0,79.79,ok,
houston2013,10,49,eSFCM,,,,,0.442704482828147,0.5047053657363177,0.352580321574152,0.4382859804378202,0.4938073014596558,0.6253959096118965,285.0,50.23,ok,
houston2013,10,49,S3FCM,,,,,0.434370589421332,0.5067022414361603,0.3551479447942359,0.4332956284516601,0.5035053241625272,0.3000267424846761,130.0,12.81,ok,
houston2013,10,49,GS-SPFCM,,,,,0.5497681295786007,0.5511798701196475,0.5105151537612429,0.5494044846629849,0.5502336830871467,33.59037728977157,92.0,52.23,ok,
houston2013,10,49,Softmax,,,,,0.7448753276429868,0.697239091066964,0.7559312490634027,0.7460243529176924,0.6982843078373546,6.134265555682534,,6.99,ok,
houston2013,10,49,Sr-SSFCM,0.99,3103.39719017777,31.347446365432045,0.9604361331368624,0.7451441629141743,0.6977909555813911,0.7559958470502279,0.7461574289706567,0.6986763709606038,5.205973910317464,10.0,8.07,ok,
houston2013,10,49,Sw-SSFCM_r1,0.99,3103.39719017777,31.347446365432045,0.9623260911512892,0.770952348948182,0.7292073016948564,0.7838418897426057,0.7721072592986892,0.7302376948458359,7.095011902050227,10.0,8.29,ok,
houston2013,10,49,Sw-SSFCM_r2,0.99,3103.39719017777,31.347446365432045,0.963275268540722,0.7773371866388871,0.7349073147071563,0.7889707921291105,0.7782952957615277,0.7356941894512657,7.741546481967643,10.0,8.42,ok,
houston2013,10,50,FCM,,,,,0.4364540627730358,0.5072469112993487,0.341382271089639,0.4354248452990884,0.5069293050834566,0.311316425465911,490.0,7.09,ok,
houston2013,10,50,FCM_S1,,,,,0.4703945157604677,0.5195376230721774,0.3982473740822524,0.4696919289373877,0.5190794997337159,0.532909449196036,330.0,10.86,ok,
houston2013,10,50,FCM_S2,,,,,0.4702600981248739,0.5205946514371984,0.4084275499342969,0.4697584669638698,0.5203306275967993,0.4796492528388765,240.0,11.5,ok,
houston2013,10,50,FLICM,,,,,0.4172995497009207,0.5184866839504406,0.3239389598243978,0.4165280457781622,0.5184059410372894,0.6828204379198904,330.0,68.19,ok,
houston2013,10,50,KWFLICM,,,,,0.4451240002688352,0.5318568134523908,0.3653477693091323,0.4446736309801051,0.5320190900144889,2.425495454331056,470.0,16.31,ok,
houston2013,10,50,SSFCM,,,,,0.4361180186840513,0.5072156940068242,0.3411846272141718,0.4330960143722137,0.4958382703772348,0.3150395248052685,445.0,80.69,ok,
houston2013,10,50,eSFCM,,,,,0.4426372740103501,0.5042898800410409,0.3522822955336664,0.4395502029409808,0.492713019045881,0.6259938970886375,190.0,33.5,ok,
houston2013,10,50,S3FCM,,,,,0.4314806102560656,0.5055449526206421,0.3509308731255562,0.4300352651540355,0.5025969300781634,0.2983438794552298,130.0,12.24,ok,
houston2013,10,50,GS-SPFCM,,,,,0.539350762820082,0.5459937196136257,0.4573556482662853,0.5401556989819682,0.5457528538555116,24.903288434404143,55.0,34.09,ok,
houston2013,10,50,Softmax,,,,,0.7451441629141743,0.6992480430848922,0.751105922021101,0.7467562712089959,0.7006335643080019,11.96053576383866,,7.02,ok,
houston2013,10,50,Sr-SSFCM,0.99,3506.551029443135,35.419707368112505,0.958948399502878,0.7458834599099402,0.6999053903882447,0.7524028163691378,0.7474881895002994,0.701293580028384,6.647657898563768,10.0,8.03,ok,
houston2013,10,50,Sw-SSFCM_r1,0.99,3506.551029443135,35.419707368112505,0.9605569577857468,0.7693393373210565,0.728069084412365,0.775302019760123,0.7707764987690465,0.7292656697682564,9.18577155343351,10.0,8.25,ok,
houston2013,10,50,Sw-SSFCM_r2,0.99,3506.551029443135,35.419707368112505,0.9614652749706702,0.774850460380402,0.7313268188073783,0.7796807215412398,0.7760995408876172,0.732435686839156,9.081544922940314,10.0,8.38,ok,
houston2013,10,51,FCM,,,,,0.4359836010484575,0.5070965918783321,0.3408971384890431,0.4352917692461241,0.5069385671233227,0.3113331375999805,455.0,6.59,ok,
houston2013,10,51,FCM_S1,,,,,0.4699912628536864,0.5190911523092963,0.3978451302775846,0.469825004990352,0.5188611177751675,0.5338843408200117,400.0,13.04,ok,
houston2013,10,51,FCM_S2,,,,,0.4699912628536864,0.5202571569164536,0.4083620035451868,0.4692261627520128,0.5198891132328257,0.482595165966471,480.0,18.78,ok,
houston2013,10,51,FLICM,,,,,0.4178372202432959,0.5188984069205378,0.3244835872234041,0.4165280457781622,0.5184059410372894,0.6828236039140061,330.0,68.22,ok,
houston2013,10,51,KWFLICM,,,,,0.4287250487263929,0.5302211951203049,0.3590063507114082,0.4281056623860536,0.5296965905404207,7.509957183254835,235.0,9.39,ok,
houston2013,10,51,SSFCM,,,,,0.4358491834128637,0.5071039495350944,0.3408592525669248,0.4321644820014638,0.4958975165989119,0.3155474674383894,450.0,81.68,ok,
houston2013,10,51,eSFCM,,,,,0.4425028563747564,0.5043965431268699,0.352227520636049,0.4387517466231951,0.4937174475231043,0.6259422206275993,255.0,44.94,ok,
houston2013,10,51,S3FCM,,,,,0.431211774984878,0.50377558576682,0.3495772553544157,0.4298356510745891,0.500939731992836,0.2953407859452941,140.0,12.12,ok,
houston2013,10,51,GS-SPFCM,,,,,0.5247664493581558,0.5419242081266337,0.4865758150365908,0.5255838711823807,0.5416405356026581,8.419442702549755,47.0,29.95,ok,
houston2013,10,51,Softmax,,,,,0.7373479400497345,0.6994006460698402,0.7464159838938301,0.7388382460576219,0.7006053443320734,6.42128992786173,,6.99,ok,
houston2013,10,51,Sr-SSFCM,0.99,3067.3348895461727,30.983180702486617,0.9547621816660904,0.7403723368505948,0.7024804097642335,0.7488185548156923,0.7416993811963537,0.7035891221884598,3.809639274137989,10.0,8.07,ok,
houston2013,10,51,Sw-SSFCM_r1,0.99,3067.3348895461727,30.983180702486617,0.9569897098864568,0.7546206062235365,0.7259858874116195,0.7648470754975661,0.7560050568900126,0.7270794901037226,4.03808765725403,10.0,8.29,ok,
houston2013,10,51,Sw-SSFCM_r2,0.99,3067.3348895461727,30.983180702486617,0.958084748919484,0.7542173533167552,0.7276777592353338,0.7644205535164104,0.7554727526781556,0.7286622800129559,4.3398949467318095,10.0,8.42,ok,
houston2013,20,42,FCM,,,,,0.4365537375246113,0.5071378331634903,0.3407584970419433,0.4352917692461241,0.5069385671233227,0.3113421840035665,475.0,6.88,ok,
houston2013,20,42,FCM_S1,,,,,0.46954986760812,0.5190405356700849,0.3902006136672476,0.4696919289373877,0.5190794997337159,0.5328100901593353,295.0,9.81,ok,
houston2013,20,42,FCM_S2,,,,,0.4700251205105574,0.5201371801442285,0.4078119566848446,0.4696919289373877,0.520320387648186,0.4796887100590672,460.0,18.17,ok,
houston2013,20,42,FLICM,,,,,0.417407834883563,0.518665563641906,0.3237288675827136,0.4165280457781622,0.5184059410372894,0.6828087917908561,340.0,70.26,ok,
houston2013,20,42,KWFLICM,,,,,0.4920225405662299,0.559688704221512,0.4529023147403908,0.4919156297824206,0.5602089782816141,2.121064195101674,175.0,7.62,ok,
houston2013,20,42,SSFCM,,,,,0.4364179509810578,0.5071079025506156,0.3406829056557997,0.4303679552864462,0.4872476888831628,0.3183449340231386,470.0,85.23,ok,
houston2013,20,42,eSFCM,,,,,0.4618100346255686,0.5096103143579414,0.3571920660280223,0.4565839377204072,0.4924267100869789,0.4905697344614704,260.0,45.83,ok,
houston2013,20,42,S3FCM,,,,,0.4325480344897821,0.5056458855776067,0.3535559955699247,0.4295029609421784,0.4997143196856226,0.2996346068231522,228.0,15.68,ok,
houston2013,20,42,GS-SPFCM,,,,,0.5290243736845679,0.5287422093452084,0.4558876233780343,0.5306407611950229,0.5288491851722859,38.43268526490716,51.0,31.28,ok,
houston2013,20,42,Softmax,,,,,0.765496639283047,0.7150485793840453,0.772753382866181,0.7671834453390113,0.7169243074553407,8.759819618995188,,10.66,ok,
houston2013,20,42,Sr-SSFCM,0.99,3111.3857430339517,31.428138818524783,0.9580082269574348,0.765496639283047,0.7150356255271777,0.7725822055369959,0.7671169073125291,0.7168619399911267,5.016790111521623,10.0,12.24,ok,
houston2013,20,42,Sw-SSFCM_r1,0.99,3111.3857430339517,31.428138818524783,0.9603352365419756,0.7887161382307013,0.7440687507971429,0.7971399394681099,0.7898729123694191,0.7454150383273298,5.465249966073944,10.0,12.47,ok,
houston2013,20,42,Sw-SSFCM_r2,0.99,3111.3857430339517,31.428138818524783,0.9615363114338686,0.7925181614502003,0.7461475146681796,0.8002259474966781,0.793798655931865,0.7477059689534402,5.468888785036902,10.0,12.59,ok,
houston2013,20,43,FCM,,,,,0.4360784846221739,0.5071200358853258,0.3403910738064483,0.4352917692461241,0.5069385671233227,0.3113436481838993,410.0,5.96,ok,
houston2013,20,43,FCM_S1,,,,,0.4696177608798968,0.5188924261205066,0.3970989796036667,0.469825004990352,0.5189451093594196,0.5336488158275046,180.0,6.3,ok,
houston2013,20,43,FCM_S2,,,,,0.4589585172109444,0.5344898097252659,0.382789868587036,0.4581808503559784,0.5343305506593536,0.5879758449635942,390.0,16.06,ok,
houston2013,20,43,FLICM,,,,,0.4176115146988933,0.5189770953346795,0.32401163665898,0.4165280457781622,0.5184059410372894,0.6828319204914154,330.0,68.19,ok,
houston2013,20,43,KWFLICM,,,,,0.4924977934686672,0.5597208349614216,0.453342468662974,0.4917825537294564,0.5601799323175083,2.1212313216962144,140.0,6.54,ok,
houston2013,20,43,SSFCM,,,,,0.4359426980786204,0.507196918874527,0.3403494658168543,0.4297025750216248,0.4950503620139841,0.3194245537584472,560.0,101.54,ok,
houston2013,20,43,eSFCM,,,,,0.4432072781587344,0.5044290696673258,0.3536944295993641,0.435690997405017,0.489718434670352,0.628970276133604,250.0,44.06,ok,
houston2013,20,43,S3FCM,,,,,0.4339737931970941,0.5060412322599745,0.354973012215208,0.4323640960809102,0.501878757981807,0.2994106088226915,367.0,19.92,ok,
houston2013,20,43,GS-SPFCM,,,,,0.5225066195939982,0.5309944814765457,0.4547491635946327,0.524718876838113,0.5314139706670875,159.09578999046897,56.0,34.31,ok,
houston2013,20,43,Softmax,,,,,0.76753343743635,0.7276901875422208,0.7766053196468119,0.7697784283718145,0.7298656008594278,4.183594288123029,,10.77,ok,
houston2013,20,43,Sr-SSFCM,0.99,3235.241623815128,32.67920832136496,0.9596444842158456,0.768416049969448,0.7283656928113512,0.777465797265264,0.7705768846896001,0.7304912628035382,2.929878059293666,10.0,12.24,ok,
houston2013,20,43,Sw-SSFCM_r1,0.99,3235.241623815128,32.67920832136496,0.9618635289015892,0.7921108018195396,0.7584805625159867,0.8038263406278081,0.7935990418524187,0.7600446061976847,4.735850378093105,10.0,12.46,ok,
houston2013,20,43,Sw-SSFCM_r2,0.99,3235.241623815128,32.67920832136496,0.9630359223219692,0.7977459433770113,0.7639493847292659,0.808874150927601,0.7991882360769179,0.7655476527055675,5.836299954725487,10.0,12.59,ok,
houston2013,20,44,FCM,,,,,0.4359426980786204,0.5073190053155455,0.3406526513921993,0.4352917692461241,0.5069385671233227,0.3113325630044595,470.0,6.82,ok,
houston2013,20,44,FCM_S1,,,,,0.4698214406952271,0.5189173206954334,0.3976161082351097,0.469825004990352,0.5188611177751675,0.5338840335910523,275.0,9.18,ok,
houston2013,20,44,FCM_S2,,,,,0.4694140810645665,0.519915801268274,0.4072310185299087,0.4692261627520128,0.5198891132328257,0.482590639895658,505.0,19.55,ok,
houston2013,20,44,FLICM,,,,,0.4175436214271166,0.5184862634715873,0.3239120572943439,0.4165280457781622,0.5184059410372894,0.6828071979503274,335.0,69.22,ok,
houston2013,20,44,KWFLICM,,,,,0.4924299001968905,0.5599473267477328,0.4533497033351232,0.4917825537294564,0.560203106321913,2.121304032205862,130.0,6.24,ok,
houston2013,20,44,SSFCM,,,,,0.4358069115350669,0.5073170056538144,0.3406221182567798,0.4281056623860536,0.4901779828444893,0.3191208754915797,440.0,79.79,ok,
houston2013,20,44,eSFCM,,,,,0.4434788512458415,0.5043923759766016,0.3526009864062438,0.4359571495109455,0.4853258143271395,0.6284582875403164,215.0,37.9,ok,
houston2013,20,44,S3FCM,,,,,0.4326838210333356,0.5055416768731013,0.3539445546965883,0.4305010313394105,0.501178056603729,0.2953778326600031,230.0,15.68,ok,
houston2013,20,44,GS-SPFCM,,,,,0.4884241971620612,0.5198654171223142,0.4209733219523758,0.4909175593851886,0.5203535926927637,25.89628501437833,40.0,26.89,ok,
houston2013,20,44,Softmax,,,,,0.7386787969312241,0.6926982305914374,0.7499483251560144,0.7410340009315324,0.6946175418682622,17.769760723849913,,10.75,ok,
houston2013,20,44,Sr-SSFCM,0.99,2298.495292084439,23.2171241624691,0.9447532492565272,0.7400366623667595,0.6958372044095825,0.7507635485162126,0.7422982234346929,0.6976539250370425,8.653953485120871,15.0,12.39,ok,
houston2013,20,44,Sw-SSFCM_r1,0.99,2298.495292084439,23.2171241624691,0.9473671426755266,0.7624414420530925,0.7290523562664362,0.7728604322854268,0.7641892341473152,0.7303172111630787,10.834610858357175,15.0,12.62,ok,
houston2013,20,44,Sw-SSFCM_r2,0.99,2298.495292084439,23.2171241624691,0.9489047583152334,0.7657003190983773,0.7324235301210167,0.774932907204189,0.7677157495508683,0.733773415661788,11.107035472822302,15.0,12.75,ok,
houston2013,20,45,FCM,,,,,0.4366216307963881,0.50724119969133,0.3412623814932605,0.4352917692461241,0.5069385671233227,0.3113435407117841,545.0,7.87,ok,
houston2013,20,45,FCM_S1,,,,,0.4696856541516735,0.5191560696324656,0.3905316299879525,0.4696919289373877,0.5191391658568296,0.5328945055087269,290.0,9.64,ok,
houston2013,20,45,FCM_S2,,,,,0.4592300902980514,0.5345360147769375,0.3828581594954799,0.4582473883824606,0.5343671017856908,0.5880307726607725,345.0,14.68,ok,
houston2013,20,45,FLICM,,,,,0.4184941272319913,0.5189489168810617,0.324374502174247,0.4165280457781622,0.5184059410372894,0.6828125425052392,335.0,69.22,ok,
houston2013,20,45,KWFLICM,,,,,0.4291533709009437,0.5265792047969742,0.3580355909754807,0.4283718144919822,0.5267708209838703,7.691474075539756,285.0,10.85,ok,
houston2013,20,45,SSFCM,,,,,0.4364858442528345,0.5073153800899388,0.3412105180114501,0.4277729722536429,0.4921069302597067,0.3201179596428068,545.0,98.83,ok,
houston2013,20,45,eSFCM,,,,,0.4432751714305112,0.503858047713403,0.3523156549274327,0.4344267749018564,0.4864537367633815,0.6300056814980899,155.0,27.33,ok,
houston2013,20,45,S3FCM,,,,,0.4342453662842012,0.5061708873668795,0.354906615237885,0.4314991017366424,0.5001609783814844,0.2997794751205532,261.0,17.89,ok,
houston2013,20,45,GS-SPFCM,,,,,0.5351347681444769,0.5326956211394184,0.4736221682038009,0.5368287976578615,0.5327272809748324,15.136314757351585,38.0,26.07,ok,
houston2013,20,45,Softmax,,,,,0.7487948944259624,0.7060371489586681,0.759084859916286,0.7510812429303347,0.7077874884807357,9.32634410352154,,10.72,ok,
houston2013,20,45,Sr-SSFCM,0.99,2954.2017101543247,29.840421314690172,0.9563030430931806,0.7477764953493109,0.7058105163492886,0.7584711663622461,0.7499500964801384,0.7073980458606777,5.533941218565106,10.0,12.2,ok,
houston2013,20,45,Sw-SSFCM_r1,0.99,2954.2017101543247,29.840421314690172,0.9585232290794716,0.7651571729241632,0.7314981583483258,0.7766493715095524,0.7672499833654933,0.7332387075730428,4.47345051277266,10.0,12.43,ok,
houston2013,20,45,Sw-SSFCM_r2,0.99,2954.2017101543247,29.840421314690172,0.959800852952136,0.7725575395478308,0.7366414900775649,0.7827257396879903,0.7746357043050103,0.7385223275535573,4.288738073260174,10.0,12.56,ok,
houston2013,20,46,FCM,,,,,0.4362821644375042,0.5070519704549322,0.3409174404079379,0.4353583072726062,0.5069339004899986,0.3113277884661391,470.0,6.81,ok,
houston2013,20,46,FCM_S1,,,,,0.4700251205105574,0.5192021527876037,0.39792015453649,0.4696919289373877,0.5191391658568296,0.53276865924148,260.0,8.73,ok,
houston2013,20,46,FCM_S2,,,,,0.46954986760812,0.5198607115531353,0.4078286792170741,0.4692261627520128,0.5198891132328256,0.4825781765217466,415.0,16.82,ok,
houston2013,20,46,FLICM,,,,,0.4176794079706701,0.5182367509289538,0.3238466048831863,0.4165280457781622,0.5184059410372894,0.6828254330955561,330.0,68.18,ok,
houston2013,20,46,KWFLICM,,,,,0.4660194174757281,0.5498303332230721,0.4280577980993555,0.4656331093219775,0.5500008713291821,1.93458735757162,285.0,10.83,ok,
houston2013,20,46,SSFCM,,,,,0.4359426980786204,0.5070182035810378,0.34072709822731,0.4299021891010712,0.4878521600115994,0.3185654372802062,440.0,79.79,ok,
houston2013,20,46,eSFCM,,,,,0.4274560391065245,0.5108017984926387,0.3461417264025497,0.418923414731519,0.4946418360620027,0.6326237878357216,130.0,22.93,ok,
houston2013,20,46,S3FCM,,,,,0.4389300020367981,0.5077861302017415,0.3586488981612302,0.4366225297757669,0.5031929542988481,0.3057639355914998,92.0,10.55,ok,
houston2013,20,46,GS-SPFCM,,,,,0.5186367031027225,0.5278970946557591,0.4479153333178854,0.5198616009049172,0.5276112755878976,88.36538701439623,28.0,20.86,ok,
houston2013,20,46,Softmax,,,,,0.7813157716070337,0.7305427530491692,0.7898595332395142,0.7829529576152772,0.7320514474876757,10.222910806511404,,10.69,ok,
houston2013,20,46,Sr-SSFCM,0.99,3390.8733687863846,34.25124614935745,0.9644094013841638,0.780636838889266,0.7301206673243155,0.7890790068018341,0.7822875773504557,0.7316392876586281,6.487521665255247,10.0,12.2,ok,
houston2013,20,46,Sw-SSFCM_r1,0.99,3390.8733687863846,34.25124614935745,0.9659548255534544,0.8115282775476951,0.7666583054811819,0.8207160468000001,0.8128285315057555,0.7679080762651908,7.500417561356451,10.0,12.42,ok,
houston2013,20,46,Sw-SSFCM_r2,0.99,3390.8733687863846,34.25124614935745,0.9667590179816916,0.818521284540702,0.7719328140749522,0.827347950698127,0.8198815623128618,0.7733000570578608,7.556591514284211,10.0,12.55,ok,
houston2013,20,47,FCM,,,,,0.4371647769706022,0.5072550971234963,0.3414459809366391,0.435225231219642,0.506885628256278,0.3113726784481619,475.0,6.87,ok,
houston2013,20,47,FCM_S1,,,,,0.4701609070541109,0.5188896186479055,0.3977896913218224,0.4696919289373877,0.5190794997337159,0.5329120795392608,375.0,12.23,ok,
houston2013,20,47,FCM_S2,,,,,0.4588906239391676,0.5357358672196012,0.3870891350671316,0.4582473883824606,0.5356848989748542,0.5679500060959838,135.0,8.3,ok,
houston2013,20,47,FLICM,,,,,0.4173399416117863,0.5184020099191624,0.3237130576713089,0.4165280457781622,0.5184059410372894,0.6828153965799405,325.0,67.15,ok,
houston2013,20,47,KWFLICM,,,,,0.4657478443886211,0.5510252962558597,0.4279479845369017,0.4656331093219775,0.5515604084767417,1.9346112168183809,250.0,9.91,ok,
houston2013,20,47,SSFCM,,,,,0.4371647769706022,0.5072119976925912,0.3414619862762365,0.4310998735777497,0.4897354018276668,0.3196573838436304,490.0,88.85,ok,
houston2013,20,47,eSFCM,,,,,0.4438183176047254,0.5041013992035934,0.3526628123477374,0.4376206001729988,0.48479498820112,0.6301529266543525,185.0,32.61,ok,
houston2013,20,47,S3FCM,,,,,0.4364179509810578,0.5064975556857713,0.3569421183290307,0.4330960143722137,0.5029386383171093,0.2998421020266461,220.0,15.37,ok,
houston2013,20,47,GS-SPFCM,,,,,0.5355421277751374,0.540501279023925,0.4462391116607077,0.5372280258167543,0.5403367952817126,31.751548780769458,43.0,28.75,ok,
houston2013,20,47,Softmax,,,,,0.7608120035304501,0.706444763616712,0.7663588922265864,0.7626588595382261,0.7082880011551235,6.943360116257137,,10.69,ok,
houston2013,20,47,Sr-SSFCM,0.99,2645.8591766536124,26.72585026922843,0.9503719805949268,0.7591825650078077,0.7052368359815641,0.7650829003788714,0.761128484929137,0.7070637330829916,7.632063800028134,10.0,12.2,ok,
houston2013,20,47,Sw-SSFCM_r1,0.99,2645.8591766536124,26.72585026922843,0.9530544130993416,0.783556249575667,0.7359718107792951,0.7944678627530521,0.7854814026215983,0.7377725356716368,8.026121443841134,10.0,12.42,ok,
houston2013,20,47,Sw-SSFCM_r2,0.99,2645.8591766536124,26.72585026922843,0.9544877840316042,0.7871545929798357,0.7413917523766902,0.7983309606680412,0.7892075321045978,0.74334510650614,8.02305851548932,10.0,12.55,ok,
houston2013,20,48,FCM,,,,,0.4366216307963881,0.5076781961161448,0.3411966716513314,0.4352917692461241,0.5069385671233227,0.3113481325447575,500.0,7.23,ok,
houston2013,20,48,FCM_S1,,,,,0.4708398397718786,0.5195802181202902,0.3983620913415413,0.4697584669638698,0.518815359013826,0.5338032686845555,180.0,6.3,ok,
houston2013,20,48,FCM_S2,,,,,0.4700251205105574,0.5203013185921583,0.4078078490833412,0.4692261627520128,0.5198972320432037,0.4825356252202404,465.0,18.33,ok,
houston2013,20,48,FLICM,,,,,0.4175436214271166,0.5189135428621752,0.3238485323654436,0.4165280457781622,0.5184059410372894,0.6828247134878771,330.0,68.18,ok,
houston2013,20,48,KWFLICM,,,,,0.4429357050716274,0.5328505015535318,0.3693042011746923,0.4417459578148912,0.5325325348953192,3.9140231609188767,205.0,8.46,ok,
houston2013,20,48,SSFCM,,,,,0.4365537375246113,0.5077025136719348,0.3411963304340497,0.4291702708097678,0.4875070910917108,0.3189022013986213,460.0,83.41,ok,
houston2013,20,48,eSFCM,,,,,0.4436146377893951,0.5045622882838353,0.3524306467892036,0.4387517466231951,0.4884774357219488,0.6298088837702537,210.0,37.02,ok,
houston2013,20,48,S3FCM,,,,,0.4357390182632901,0.5070318879549688,0.3561325627851091,0.432763324239803,0.5011282884046449,0.3015461215016271,134.0,12.54,ok,
houston2013,20,48,GS-SPFCM,,,,,0.5383936451897617,0.5466160276048991,0.479454929415886,0.5400226229290039,0.546229633217455,37.30465649781552,24.0,18.31,ok,
houston2013,20,48,Softmax,,,,,0.7732364722655984,0.7208014464948442,0.779493116202701,0.7751014704903852,0.7222460461587162,12.823240627473629,,10.7,ok,
houston2013,20,48,Sr-SSFCM,0.99,2760.996824795189,27.888856816113044,0.9518808357649308,0.7721501799171702,0.7205969852842518,0.7795083148810951,0.7740368620666711,0.7221132779182612,6.273535684638731,10.0,12.26,ok,
houston2013,20,48,Sw-SSFCM_r1,0.99,2760.996824795189,27.888856816113044,0.9539847026260349,0.8027021522167154,0.7548915356171624,0.8139594153756009,0.8041785880630781,0.7563424170017464,4.649840501475658,10.0,12.52,ok,
houston2013,20,48,Sw-SSFCM_r2,0.99,2760.996824795189,27.888856816113044,0.9551731290544834,0.8067757485233213,0.7579074814826628,0.8170988318272987,0.8081708696520061,0.7592580508948585,4.253001089791333,10.0,12.62,ok,
houston2013,20,49,FCM,,,,,0.4371647769706022,0.507366115646152,0.3414466826803484,0.4352917692461241,0.5069385671233227,0.3113370694905707,530.0,7.66,ok,
houston2013,20,49,FCM_S1,,,,,0.4705682666847715,0.5194102838343958,0.3983066412055738,0.4696919289373877,0.5190794997337159,0.53289714620095,370.0,12.07,ok,
houston2013,20,49,FCM_S2,,,,,0.4703645868694412,0.5201488204221251,0.4085600150861411,0.4694257768314592,0.5201327549385216,0.4800552496569307,375.0,15.61,ok,
houston2013,20,49,FLICM,,,,,0.4175436214271166,0.5185051496409909,0.3236535593587691,0.4165280457781622,0.5184059410372894,0.6828181300213119,315.0,65.1,ok,
houston2013,20,49,KWFLICM,,,,,0.4738950370018331,0.555230037310276,0.432853712388274,0.4738172865792801,0.5556437973636933,3.014533042941467,235.0,9.36,ok,
houston2013,20,49,SSFCM,,,,,0.4370289904270487,0.5073815231965771,0.3414079243411979,0.430301417259964,0.4878722050874355,0.3190934719179363,445.0,80.7,ok,
houston2013,20,49,eSFCM,,,,,0.4436825310611718,0.5043833443741427,0.3525547000153811,0.4348260030607492,0.4863145998818232,0.629301173023075,260.0,45.82,ok,
houston2013,20,49,S3FCM,,,,,0.4311901690542467,0.5046427358068964,0.3500071453965329,0.4287710426508749,0.5012727099065096,0.2979153530160954,148.0,13.5,ok,
houston2013,20,49,GS-SPFCM,,,,,0.5214882205173468,0.5253717306869359,0.4507682486308934,0.5237873444673631,0.5258967923947425,44.86760825057916,50.0,31.49,ok,
houston2013,20,49,Softmax,,,,,0.7697060221332066,0.7234117473705717,0.7734696919094115,0.7718411071927607,0.725519479673032,7.142536870539319,,10.73,ok,
houston2013,20,49,Sr-SSFCM,0.99,3265.9256221297937,32.989147698280775,0.95933987827085,0.7686876230565551,0.7228136095540848,0.7728468087509506,0.7707764987690465,0.7248689107252145,6.301275851372825,10.0,12.2,ok,
houston2013,20,49,Sw-SSFCM_r1,0.99,3265.9256221297937,32.989147698280775,0.9614142068972444,0.7896666440355761,0.7529211583483046,0.7963265316001504,0.7914698250049903,0.7546446225817123,11.253008209498889,10.0,12.43,ok,
houston2013,20,49,Sw-SSFCM_r2,0.99,3265.9256221297937,32.989147698280775,0.9626934686511054,0.79462285287528,0.7563702848066749,0.8004248715337189,0.7963271009381861,0.7580413177557774,13.774769983782445,10.0,12.55,ok,
houston2013,20,50,FCM,,,,,0.4370968836988254,0.5076789158392108,0.3384731475474705,0.4354248452990884,0.5069293050834566,0.311316425465911,490.0,7.09,ok,
houston2013,20,50,FCM_S1,,,,,0.4697535474234503,0.5195811639878152,0.3904098818818896,0.4696919289373877,0.5190794997337159,0.532909449196036,330.0,10.86,ok,
houston2013,20,50,FCM_S2,,,,,0.4705682666847715,0.5210306674941089,0.4086093609850799,0.4697584669638698,0.5203306275967993,0.4796492528388765,240.0,11.49,ok,
houston2013,20,50,FLICM,,,,,0.4184262339602145,0.5192423110160084,0.324605276211299,0.4165280457781622,0.5184059410372894,0.6828204379198904,330.0,68.23,ok,
houston2013,20,50,KWFLICM,,,,,0.4451082897684839,0.5321843259136578,0.3649722075438284,0.4446736309801051,0.5320190900144889,2.425495454331056,470.0,16.33,ok,
houston2013,20,50,SSFCM,,,,,0.4368253106117183,0.5077144790944192,0.3408375212633022,0.430767183445339,0.4888822655682586,0.3183714407735644,435.0,78.88,ok,
houston2013,20,50,eSFCM,,,,,0.4439541041482789,0.5047123660018656,0.3516697737981366,0.4377536762259631,0.4856487725804754,0.6301138423252712,180.0,31.74,ok,
houston2013,20,50,S3FCM,,,,,0.4352637653608527,0.506728696538441,0.3556640310319052,0.4328298622662851,0.4977591181529318,0.3004280244699485,155.0,13.17,ok,
houston2013,20,50,GS-SPFCM,,,,,0.5264444293570507,0.5373039742238539,0.5273512276831412,0.5272473218444341,0.5372158144201192,56.6094601379646,46.0,29.65,ok,
houston2013,20,50,Softmax,,,,,0.7888519247742549,0.7331357611436226,0.7926800511806106,0.7901390644753477,0.7344402455467262,6.853161163824044,,10.61,ok,
houston2013,20,50,Sr-SSFCM,0.99,3423.8168443060804,34.58400852834428,0.9624339898084112,0.7874940593387195,0.7325797175781805,0.7916480569436157,0.7886752278927407,0.733793969147905,4.516414532724465,10.0,12.25,ok,
houston2013,20,50,Sw-SSFCM_r1,0.99,3423.8168443060804,34.58400852834428,0.9645245982301462,0.8136329689727748,0.764026762042433,0.8209456492945356,0.8149577483531838,0.765427193493076,6.478476911542232,10.0,12.47,ok,
houston2013,20,50,Sw-SSFCM_r2,0.99,3423.8168443060804,34.58400852834428,0.9654517662121124,0.8160092334849617,0.764788325456836,0.8220733815752254,0.8172865792800585,0.766153638667282,7.907384164859416,10.0,12.6,ok,
houston2013,20,51,FCM,,,,,0.4364179509810578,0.5065980254252079,0.3408333206329142,0.4352917692461241,0.5069385671233227,0.3113331375999805,455.0,6.6,ok,
houston2013,20,51,FCM_S1,,,,,0.469278294521013,0.5179930606570321,0.3899498109257744,0.469825004990352,0.5188611177751675,0.5338843408200117,400.0,13.01,ok,
houston2013,20,51,FCM_S2,,,,,0.4690746147056827,0.5193635672071935,0.4069331654249618,0.4692261627520128,0.5198891132328257,0.482595165966471,480.0,18.8,ok,
houston2013,20,51,FLICM,,,,,0.4176115146988933,0.5180557574372763,0.3238424001374044,0.4165280457781622,0.5184059410372894,0.6828236039140061,330.0,68.19,ok,
houston2013,20,51,KWFLICM,,,,,0.4285423314549528,0.5292558157490986,0.3586176639913352,0.4281056623860536,0.5296965905404207,7.509957183254835,235.0,9.35,ok,
houston2013,20,51,SSFCM,,,,,0.436350057709281,0.5066188867017067,0.3408175765356886,0.4289706567303213,0.4882882981580886,0.3193779223574435,450.0,81.6,ok,
houston2013,20,51,eSFCM,,,,,0.4427320252562971,0.5030461634043984,0.3511961967404304,0.435225231219642,0.4854653948111871,0.6301878546271217,245.0,43.18,ok,
houston2013,20,51,S3FCM,,,,,0.4351279788172992,0.505624366181734,0.3555791187649048,0.432763324239803,0.5002642311694184,0.3007510669974901,204.0,14.51,ok,
houston2013,20,51,GS-SPFCM,,,,,0.5389367913639759,0.539199935304524,0.4606142381189772,0.5414864595116109,0.5401075785361424,22.21246335467168,42.0,27.48,ok,
houston2013,20,51,Softmax,,,,,0.7542942494398805,0.7102516771740733,0.765592339389274,0.7569365892607626,0.7126716012426316,5.516232742236069,,10.73,ok,
houston2013,20,51,Sr-SSFCM,0.99,2952.019538660044,29.81837917838431,0.9542234378116072,0.7547695023423179,0.7122146488585563,0.7662703201867129,0.7574023554461374,0.7146084896517197,3.5931092899732344,10.0,12.31,ok,
houston2013,20,51,Sw-SSFCM_r1,0.99,2952.019538660044,29.81837917838431,0.9566222909231475,0.7760879896802227,0.7384375135961917,0.7919587089564254,0.7777629915496707,0.7401322424490313,4.313450917494838,10.0,12.54,ok,
houston2013,20,51,Sw-SSFCM_r2,0.99,2952.019538660044,29.81837917838431,0.9578664243708628,0.7802294792586054,0.7431477908378105,0.7944748590455124,0.7821545012974915,0.7450304759041583,4.935359679998046,10.0,12.68,ok,
houston2013,40,42,FCM,,,,,0.4387691454709266,0.5076765862926125,0.3425598916606828,0.4352917692461241,0.5069385671233227,0.3113421840035665,475.0,6.88,ok,
houston2013,40,42,FCM_S1,,,,,0.4703721671633515,0.5190389241403671,0.3908131775062312,0.4696919289373877,0.5190794997337159,0.5328100901593353,295.0,9.8,ok,
houston2013,40,42,FCM_S2,,,,,0.4710652158846767,0.5205325922097138,0.4088629972344223,0.4696919289373877,0.520320387648186,0.4796887100590672,460.0,18.18,ok,
houston2013,40,42,FLICM,,,,,0.4206805738443412,0.519208673685,0.3256533114720695,0.4165280457781622,0.5184059410372894,0.6828087917908561,340.0,70.24,ok,
houston2013,40,42,KWFLICM,,,,,0.4915794580358999,0.5590213122783922,0.4518827918605042,0.4919156297824206,0.5602089782816141,2.121064195101674,175.0,7.73,ok,
houston2013,40,42,SSFCM,,,,,0.4386305357266616,0.5074711580032263,0.3424823925085701,0.4267749018564109,0.4764179965831706,0.3252817621134295,450.0,81.6,ok,
houston2013,40,42,eSFCM,,,,,0.4658673504747384,0.5099704860584453,0.3599850288412549,0.4563843236409608,0.4833236457609519,0.4955145781917218,305.0,53.75,ok,
houston2013,40,42,S3FCM,,,,,0.4368979139233488,0.5065968281758698,0.3569620353837689,0.433229090425178,0.4977843476332405,0.3025110454720601,206.0,14.86,ok,
houston2013,40,42,GS-SPFCM,,,,,0.5422413195647654,0.5349033751398462,0.4560406541094737,0.5461441213653603,0.5357414688773182,37.264627079272856,43.0,27.34,ok,
houston2013,40,42,Softmax,,,,,0.7778778848153025,0.7276190373204848,0.7862136911340232,0.7820214252445272,0.7315152539445625,7.2478346285508675,,19.58,ok,
houston2013,40,42,Sr-SSFCM,0.99,2742.297587659388,27.69997563292313,0.9432402271637048,0.7770462263497124,0.7277988148497111,0.784880485258928,0.7810233548472952,0.7315571158714311,5.141171067345174,10.0,22.26,ok,
houston2013,40,42,Sw-SSFCM_r1,0.99,2742.297587659388,27.69997563292313,0.9477815095216028,0.8021345900616813,0.7591829102375298,0.8120400985979226,0.8053762725397565,0.7624267757045525,8.536731525509335,10.0,22.49,ok,
houston2013,40,42,Sw-SSFCM_r2,0.99,2742.297587659388,27.69997563292313,0.9495289535287696,0.8072631505994872,0.7646773932560487,0.8160634237584773,0.8107658526848094,0.7680367936540182,10.195826600215243,10.0,22.62,ok,
houston2013,40,43,FCM,,,,,0.4380760967496015,0.5075732022259589,0.3417665647963088,0.4352917692461241,0.5069385671233227,0.3113436481838993,410.0,5.96,ok,
houston2013,40,43,FCM_S1,,,,,0.4708573012682792,0.5186919018056575,0.3906398717349136,0.469825004990352,0.5189451093594196,0.5336488158275046,180.0,6.3,ok,
houston2013,40,43,FCM_S2,,,,,0.4594913022385474,0.534174612993043,0.3826580517796201,0.4581808503559784,0.5343305506593536,0.5879758449635942,390.0,16.05,ok,
houston2013,40,43,FLICM,,,,,0.419433086145956,0.5190367819380879,0.3246191140298464,0.4165280457781622,0.5184059410372894,0.6828319204914154,330.0,68.19,ok,
houston2013,40,43,KWFLICM,,,,,0.4915101531637674,0.5592637054835712,0.4515878790388379,0.4917825537294564,0.5601799323175083,2.1212313216962144,140.0,6.53,ok,
houston2013,40,43,SSFCM,,,,,0.4380760967496015,0.5074424418902049,0.3418363691686185,0.4253110652738039,0.4887097151181428,0.3265153780194058,555.0,100.64,ok,
houston2013,40,43,eSFCM,,,,,0.4453531083235151,0.5041457511302785,0.3532184809225057,0.432763324239803,0.4813703873785548,0.636682562043497,245.0,43.18,ok,
houston2013,40,43,S3FCM,,,,,0.4363434749462887,0.5059472861052455,0.3559793096154368,0.4314991017366424,0.4953104829079875,0.2999526488639212,182.0,13.06,ok,
houston2013,40,43,GS-SPFCM,,,,,0.5188162727839767,0.534831912750321,0.4519521105886432,0.5214585135404884,0.5354012356832726,73.05152569914121,46.0,29.48,ok,
houston2013,40,43,Softmax,,,,,0.7841153233072286,0.7381194636297002,0.7930968572770538,0.7872113913101337,0.7410400589696431,64.79078422844997,,19.64,ok,
houston2013,40,43,Sr-SSFCM,0.99,2524.8601263422165,25.50363763982039,0.9456376350439076,0.7829371404809758,0.7376674019836053,0.7919123705060102,0.7858806307804911,0.7404781938379054,36.46901455133972,10.0,22.19,ok,
houston2013,40,43,Sw-SSFCM_r1,0.99,2524.8601263422165,25.50363763982039,0.947905853460785,0.806292882389632,0.7658036099267672,0.8146488842718415,0.8089027879433096,0.7683732721893466,46.67058320250143,10.0,22.43,ok,
houston2013,40,43,Sw-SSFCM_r2,0.99,2524.8601263422165,25.50363763982039,0.949058190231808,0.8089264675306674,0.7699519593597955,0.8164046108488846,0.8114312329496307,0.7724225118703487,48.66134502954547,10.0,22.54,ok,
houston2013,40,44,FCM,,,,,0.4375216577725414,0.5075819469145997,0.3411729913048994,0.4352917692461241,0.5069385671233227,0.3113325630044595,470.0,6.81,ok,
houston2013,40,44,FCM_S1,,,,,0.4705800817797491,0.5183609826186725,0.3904182216814911,0.469825004990352,0.5188611177751675,0.5338840335910523,275.0,9.19,ok,
houston2013,40,44,FCM_S2,,,,,0.4703028622912191,0.5196973537408062,0.4073987009363884,0.4692261627520128,0.5198891132328257,0.482590639895658,505.0,19.54,ok,
houston2013,40,44,FLICM,,,,,0.4190865617852935,0.5186349547005847,0.3244613153682558,0.4165280457781622,0.5184059410372894,0.6828071979503274,335.0,69.21,ok,
houston2013,40,44,KWFLICM,,,,,0.4913715434195024,0.5591335916285853,0.4516690304539607,0.4917825537294564,0.560203106321913,2.121304032205862,130.0,6.33,ok,
houston2013,40,44,SSFCM,,,,,0.4373830480282764,0.5074389469422736,0.3411233811136653,0.4224499301350722,0.4808346078931816,0.327577679009449,435.0,78.88,ok,
houston2013,40,44,eSFCM,,,,,0.4450758888349851,0.5036349609347857,0.3526817660416091,0.4299687271275534,0.4735839263114848,0.6367131514213812,200.0,35.26,ok,
houston2013,40,44,S3FCM,,,,,0.4373830480282764,0.5069968265053367,0.3569206731807321,0.4322975580544281,0.49776344970303,0.3022169448245828,171.0,13.49,ok,
houston2013,40,44,GS-SPFCM,,,,,0.5285882597546607,0.5288113997450022,0.4461863438176333,0.5319049836981835,0.5293448082298393,22.078336955092485,49.0,31.27,ok,
houston2013,40,44,Softmax,,,,,0.7977683831173331,0.7408024956483331,0.8059400678296236,0.800718610686007,0.7441709909461137,8.233344780206217,,19.63,ok,
houston2013,40,44,Sr-SSFCM,0.99,3010.0887380554027,30.4049367480344,0.9500008439379476,0.7970753343960081,0.7410553468401468,0.8052190884015804,0.7999201543682214,0.7442739267074567,7.176530653213384,10.0,22.24,ok,
houston2013,40,44,Sw-SSFCM_r1,0.99,3010.0887380554027,30.4049367480344,0.952555609280881,0.8313119412294684,0.7796909987881757,0.8410742322551122,0.8339210859005922,0.7827682976955863,10.371907675920584,10.0,22.46,ok,
houston2013,40,44,Sw-SSFCM_r2,0.99,3010.0887380554027,30.4049367480344,0.954089887329402,0.8375493797213944,0.7862509094627226,0.8467364984534773,0.8400425843369486,0.7893692238711328,11.7920426538533,10.0,22.59,ok,
houston2013,40,45,FCM,,,,,0.4373830480282764,0.5073480810655858,0.3380345152013999,0.4352917692461241,0.5069385671233227,0.3113435407117841,545.0,7.87,ok,
houston2013,40,45,FCM_S1,,,,,0.4709959110125442,0.5190696895180307,0.3901428903330544,0.4696919289373877,0.5191391658568296,0.5328945055087269,290.0,9.68,ok,
houston2013,40,45,FCM_S2,,,,,0.4596299119828124,0.5353678066606407,0.3825191159625759,0.4582473883824606,0.5343671017856908,0.5880307726607725,345.0,14.68,ok,
houston2013,40,45,FLICM,,,,,0.4197796105066186,0.5192838324184907,0.3249791306194619,0.4165280457781622,0.5184059410372894,0.6828125425052392,335.0,69.23,ok,
houston2013,40,45,KWFLICM,,,,,0.4297595120937001,0.5266242897504472,0.3579443073739517,0.4283718144919822,0.5267708209838703,7.691474075539756,285.0,10.89,ok,
houston2013,40,45,SSFCM,,,,,0.4373137431561438,0.50730313582439,0.3405514376743128,0.4198549471022689,0.4833910504133364,0.3280910493820735,550.0,99.73,ok,
houston2013,40,45,eSFCM,,,,,0.4454224131956477,0.5039728912440788,0.3525616701215224,0.4276398962006787,0.4764655622132754,0.6373783688362874,150.0,26.45,ok,
houston2013,40,45,S3FCM,,,,,0.4374523529004089,0.5060032776357617,0.356462693189039,0.4329629383192494,0.4959573903344349,0.3005732638640781,187.0,15.14,ok,
houston2013,40,45,GS-SPFCM,,,,,0.5110541271051355,0.5201900629731059,0.4371057508446841,0.5136735644420787,0.520881474220248,46.48630274674007,58.0,35.92,ok,
houston2013,40,45,Softmax,,,,,0.7976990782452006,0.7466454724989997,0.8051495862830503,0.8003859205535964,0.749118440783544,15.266455652774706,,19.65,ok,
houston2013,40,45,Sr-SSFCM,0.99,2761.3500856083665,27.89242510715524,0.9515580091279944,0.7981842123501283,0.7478690024408469,0.8049516144552384,0.8008516867389713,0.7502956521042279,11.445447151908038,10.0,22.27,ok,
houston2013,40,45,Sw-SSFCM_r1,0.99,2761.3500856083665,27.89242510715524,0.9541240037359106,0.8211241250259893,0.7783513224597792,0.8287603370593924,0.823940381928272,0.7814219172124528,13.14168326831188,10.0,22.48,ok,
houston2013,40,45,Sw-SSFCM_r2,0.99,2761.3500856083665,27.89242510715524,0.9554649643223,0.8236191004227598,0.7824505679919299,0.8311469165076099,0.8261361368021825,0.7849760641571478,13.541471299712716,10.0,22.61,ok,
houston2013,40,46,FCM,,,,,0.4378681821332039,0.5070895951675906,0.3414992849980189,0.4353583072726062,0.5069339004899986,0.3113277884661391,470.0,6.81,ok,
houston2013,40,46,FCM_S1,,,,,0.4694712038256289,0.5181393470775467,0.3892813094504619,0.4696919289373877,0.5191391658568296,0.53276865924148,260.0,8.73,ok,
houston2013,40,46,FCM_S2,,,,,0.4695405086977614,0.5194418015791904,0.406992545571846,0.4692261627520128,0.5198891132328256,0.4825781765217466,415.0,16.81,ok,
houston2013,40,46,FLICM,,,,,0.4190865617852935,0.5186502440057449,0.3243012865119765,0.4165280457781622,0.5184059410372894,0.6828254330955561,330.0,68.19,ok,
houston2013,40,46,KWFLICM,,,,,0.4654515212419433,0.5487332012454988,0.4271779247361283,0.4656331093219775,0.5500008713291821,1.93458735757162,285.0,10.83,ok,
houston2013,40,46,SSFCM,,,,,0.4377295723889389,0.5069095619940691,0.3414482876738622,0.4255772173797325,0.4767581737873198,0.3259595526820737,450.0,81.6,ok,
houston2013,40,46,eSFCM,,,,,0.4299674267100977,0.510027539707829,0.3471476739098597,0.4131346064275734,0.4842856146682945,0.6364754887875208,245.0,43.18,ok,
houston2013,40,46,S3FCM,,,,,0.4374523529004089,0.5060679014773973,0.3565765663081021,0.4334287045046244,0.4972353161085872,0.2989888571765737,168.0,13.42,ok,
houston2013,40,46,GS-SPFCM,,,,,0.5432115877746205,0.5414377681526382,0.4709285498527954,0.5470756537361102,0.5421737312063527,25.275031121508384,36.0,24.88,ok,
houston2013,40,46,Softmax,,,,,0.7953427125926953,0.7408129935477191,0.8066804500568776,0.7985893938385787,0.7437781667489087,6.285164113259804,,19.61,ok,
houston2013,40,46,Sr-SSFCM,0.99,2720.245579168212,27.4772280724062,0.9481799260770952,0.7931249566844549,0.740247157105983,0.8041834072662465,0.7963271009381861,0.7431915947077928,6.024062335313708,10.0,22.26,ok,
houston2013,40,46,Sw-SSFCM_r1,0.99,2720.245579168212,27.4772280724062,0.9505003427319316,0.8181440155242914,0.7713491346487402,0.8327349786529383,0.8210792467895403,0.7742556784269502,6.839044760380539,10.0,22.48,ok,
houston2013,40,46,Sw-SSFCM_r2,0.99,2720.245579168212,27.4772280724062,0.9518293787111214,0.8273615635179153,0.7748481950429792,0.8408846642829353,0.8306607226029676,0.7785722553707036,6.577074852838501,10.0,22.61,ok,
houston2013,40,47,FCM,,,,,0.4377988772610715,0.5068248568323381,0.3414240697432952,0.435225231219642,0.506885628256278,0.3113726784481619,475.0,6.88,ok,
houston2013,40,47,FCM_S1,,,,,0.469748423314159,0.518368849655068,0.3893066243122701,0.4696919289373877,0.5190794997337159,0.5329120795392608,375.0,12.24,ok,
houston2013,40,47,FCM_S2,,,,,0.4589368632614873,0.5356194061390485,0.3860994690029835,0.4582473883824606,0.5356848989748542,0.5679500060959838,135.0,8.3,ok,
houston2013,40,47,FLICM,,,,,0.4177004643426433,0.5182441641192479,0.3233118139633216,0.4165280457781622,0.5184059410372894,0.6828153965799405,325.0,67.15,ok,
houston2013,40,47,KWFLICM,,,,,0.4655208261140758,0.5498817995027085,0.4275384469677726,0.4656331093219775,0.5515604084767417,1.9346112168183809,250.0,9.8,ok,
houston2013,40,47,SSFCM,,,,,0.4377988772610715,0.5067514599060361,0.341508477189937,0.4259764455386253,0.479678640143663,0.3282593590620853,485.0,87.95,ok,
houston2013,40,47,eSFCM,,,,,0.4447293644743225,0.5040341813962181,0.3522067672094152,0.4322975580544281,0.4738606873010403,0.637067153534752,175.0,30.85,ok,
houston2013,40,47,S3FCM,,,,,0.428512024395315,0.5040466775772978,0.3473816265052303,0.4209860935524652,0.4967910732929852,0.2992260005403626,125.0,11.85,ok,
houston2013,40,47,GS-SPFCM,,,,,0.5263011989742878,0.5269513715325433,0.4482012346855883,0.5299753809302016,0.5279646258802753,17.446329703372573,55.0,34.66,ok,
houston2013,40,47,Softmax,,,,,0.7825906161203132,0.736649645842122,0.793731731961986,0.7864129349923481,0.7400958568023063,6.166081985120974,,19.6,ok,
houston2013,40,47,Sr-SSFCM,0.99,2945.3314306665497,29.750822531985374,0.95043210425681,0.7823827015039158,0.7370668048992782,0.7938727091657601,0.7861467828864196,0.7404551602584856,4.358073142171944,10.0,22.17,ok,
houston2013,40,47,Sw-SSFCM_r1,0.99,2945.3314306665497,29.750822531985374,0.9529216080498852,0.80927299189133,0.7694145647211953,0.8247734129572121,0.8128285315057555,0.773048193308911,6.00266160375469,10.0,22.4,ok,
houston2013,40,47,Sw-SSFCM_r2,0.99,2945.3314306665497,29.750822531985374,0.954432443963029,0.812946150114353,0.7728222249478128,0.8279219581109547,0.8164215849357908,0.7763264029701449,7.237807941043634,10.0,22.52,ok,
houston2013,40,48,FCM,,,,,0.4376602675168064,0.5073706461662787,0.3413007588242231,0.4352917692461241,0.5069385671233227,0.3113481325447575,500.0,7.32,ok,
houston2013,40,48,FCM_S1,,,,,0.470164252546954,0.5185033849935428,0.389932268155178,0.4697584669638698,0.518815359013826,0.5338032686845555,180.0,6.32,ok,
houston2013,40,48,FCM_S2,,,,,0.4700949476748215,0.5202751048558193,0.4073068991666205,0.4692261627520128,0.5198972320432037,0.4825356252202404,465.0,18.33,ok,
houston2013,40,48,FLICM,,,,,0.419155866657426,0.5190123887946614,0.3244218618711757,0.4165280457781622,0.5184059410372894,0.6828247134878771,330.0,68.2,ok,
houston2013,40,48,KWFLICM,,,,,0.4430660475431422,0.5320752979351507,0.3688508131914582,0.4417459578148912,0.5325325348953192,3.9140231609188767,205.0,8.6,ok,
houston2013,40,48,SSFCM,,,,,0.4376602675168064,0.5072395114709549,0.3413681416462992,0.4254441413267682,0.4758522502248513,0.3261367549479403,445.0,80.69,ok,
houston2013,40,48,eSFCM,,,,,0.4454224131956477,0.5042346131757817,0.3534229634710545,0.4356244593785348,0.4788241624957122,0.6367885053785755,200.0,35.26,ok,
houston2013,40,48,S3FCM,,,,,0.4416106452283596,0.5078091976887903,0.3602566759663446,0.4354913833255706,0.4949731904454021,0.3069907047249346,134.0,12.53,ok,
houston2013,40,48,GS-SPFCM,,,,,0.5256774551250953,0.5216712282875661,0.4550640950629025,0.5289773105329696,0.5225037168340716,67.32077657589862,28.0,20.3,ok,
houston2013,40,48,Softmax,,,,,0.8040058216092592,0.7486493345103692,0.8157848522927486,0.8057755006986492,0.7506500307484352,9.720595507673655,,19.78,ok,
houston2013,40,48,Sr-SSFCM,0.99,2740.6060477596293,27.68288937130941,0.9529105913138616,0.8015801510846212,0.7473271325031139,0.8125390305387834,0.8034466697717746,0.7493865237897606,5.88868239310511,10.0,22.23,ok,
houston2013,40,48,Sw-SSFCM_r1,0.99,2740.6060477596293,27.68288937130941,0.9545967994125476,0.8250745027375425,0.7735344630250224,0.8347755869619088,0.8266684410140396,0.7753473938359945,7.694188868242748,10.0,22.46,ok,
houston2013,40,48,Sw-SSFCM_r2,0.99,2740.6060477596293,27.68288937130941,0.9557797609921416,0.8313812461016009,0.7784815130801815,0.8397387384409762,0.8328564774768781,0.7802938661252788,8.251898945843386,10.0,22.59,ok,
houston2013,40,49,FCM,,,,,0.438284011365999,0.5078174013928255,0.3421296101130807,0.4352917692461241,0.5069385671233227,0.3113370694905707,530.0,7.66,ok,
houston2013,40,49,FCM_S1,,,,,0.4707186915240141,0.5191276249999638,0.3908742903709897,0.4696919289373877,0.5190794997337159,0.53289714620095,370.0,12.07,ok,
houston2013,40,49,FCM_S2,,,,,0.4706493866518816,0.5205319897415596,0.4084269357817701,0.4694257768314592,0.5201327549385216,0.4800552496569307,375.0,15.6,ok,
houston2013,40,49,FLICM,,,,,0.4196410007623536,0.5191526180267452,0.3250391215850089,0.4165280457781622,0.5184059410372894,0.6828181300213119,315.0,65.09,ok,
houston2013,40,49,KWFLICM,,,,,0.4755700325732899,0.5553345069113568,0.4336616398688279,0.4738172865792801,0.5556437973636933,3.014533042941467,235.0,9.4,ok,
houston2013,40,49,SSFCM,,,,,0.4382147064938665,0.5076300531680341,0.3421230375769338,0.4253110652738039,0.477173346608684,0.3258969207113854,440.0,79.79,ok,
houston2013,40,49,eSFCM,,,,,0.44466005960219,0.504042991597811,0.3517688125242385,0.4269079779093752,0.4755788564014979,0.63626782443727,235.0,41.42,ok,
houston2013,40,49,S3FCM,,,,,0.4368286090512163,0.5069485092300787,0.3565056150691655,0.4324971721338745,0.4968222734789225,0.3017981380755019,193.0,15.15,ok,
houston2013,40,49,GS-SPFCM,,,,,0.5328851618268764,0.5326778419880056,0.4602055630800582,0.5345665047574689,0.5316871805635476,11.79512054033391,54.0,33.5,ok,
houston2013,40,49,Softmax,,,,,0.7940952248943101,0.7537241705774131,0.8027631999018429,0.796194024885222,0.7551003410891985,5.9918940848422935,,19.65,ok,
houston2013,40,49,Sr-SSFCM,0.99,2667.278362817256,26.94220568502281,0.9493642672331531,0.7931942615565875,0.7534797598920411,0.801656267797605,0.795262492514472,0.7548299632658176,4.687270881880306,10.0,22.2,ok,
houston2013,40,49,Sw-SSFCM_r1,0.99,2667.278362817256,26.94220568502281,0.9522235140616754,0.8208469055374593,0.7846813002476515,0.8327523944431791,0.8226761594251114,0.7857558074616858,6.628789540751703,10.0,22.42,ok,
houston2013,40,49,Sw-SSFCM_r2,0.99,2667.278362817256,26.94220568502281,0.9535031779232744,0.8281932219835054,0.7900615113446665,0.8400520438491751,0.8301284183911105,0.7912602794082022,7.372823103610092,10.0,22.55,ok,
houston2013,40,50,FCM,,,,,0.4380760967496015,0.5072110542848564,0.3411460504469545,0.4354248452990884,0.5069293050834566,0.311316425465911,490.0,7.09,ok,
houston2013,40,50,FCM_S1,,,,,0.470025642802689,0.5181513850510834,0.3893722378460052,0.4696919289373877,0.5190794997337159,0.532909449196036,330.0,10.86,ok,
houston2013,40,50,FCM_S2,,,,,0.4703721671633515,0.5196397264460052,0.4077148113307972,0.4697584669638698,0.5203306275967993,0.4796492528388765,240.0,11.49,ok,
houston2013,40,50,FLICM,,,,,0.4201954397394137,0.5185670161388318,0.3251347283209489,0.4165280457781622,0.5184059410372894,0.6828204379198904,330.0,68.17,ok,
houston2013,40,50,KWFLICM,,,,,0.4453531083235151,0.5311601582516624,0.3646391092799611,0.4446736309801051,0.5320190900144889,2.425495454331056,470.0,16.31,ok,
houston2013,40,50,SSFCM,,,,,0.4377988772610715,0.507037645892332,0.3409818903970197,0.4256437554062146,0.4777762388272191,0.3246648469760709,440.0,79.8,ok,
houston2013,40,50,eSFCM,,,,,0.4443828401136599,0.5028500678886937,0.3508644099635775,0.4319648679220174,0.4735905267124639,0.6376722531872154,170.0,29.97,ok,
houston2013,40,50,S3FCM,,,,,0.4346108531429759,0.5055927710963023,0.3543950804649229,0.4291037327832857,0.4936578254468219,0.301175885820948,180.0,14.1,ok,
houston2013,40,50,GS-SPFCM,,,,,0.5264398087185529,0.5297399567000088,0.4522406002282635,0.5289773105329696,0.5297702324191249,16.334140115789175,57.0,35.08,ok,
houston2013,40,50,Softmax,,,,,0.8080948090650772,0.7536700955699684,0.8173133672922238,0.81109854281722,0.756760033297414,5.911482452584056,,19.79,ok,
houston2013,40,50,Sr-SSFCM,0.99,2944.475207564985,29.74217381378775,0.9519053424861912,0.8074710652158846,0.7535781061623652,0.8164421363574715,0.8104997005788809,0.7567621423556176,3.2732139384090315,10.0,22.19,ok,
houston2013,40,50,Sw-SSFCM_r1,0.99,2944.475207564985,29.74217381378775,0.9536961542557528,0.8283318317277705,0.7806345034522453,0.8376097366133552,0.8310599507618605,0.783490979486607,5.339692866389134,10.0,22.42,ok,
houston2013,40,50,Sw-SSFCM_r2,0.99,2944.475207564985,29.74217381378775,0.9548614954126574,0.8326287337999861,0.7851289466026048,0.8415187281685061,0.835318384456717,0.7880655385616796,6.367340964157161,10.0,22.54,ok,
houston2013,40,51,FCM,,,,,0.4388384503430591,0.5076027656174399,0.3393850505672612,0.4352917692461241,0.5069385671233227,0.3113331375999805,455.0,6.59,ok,
houston2013,40,51,FCM_S1,,,,,0.4709959110125442,0.5192945739670054,0.3908976141919318,0.469825004990352,0.5188611177751675,0.5338843408200117,400.0,13.01,ok,
houston2013,40,51,FCM_S2,,,,,0.4707186915240141,0.5200866584852087,0.4082367190637291,0.4692261627520128,0.5198891132328257,0.482595165966471,480.0,18.78,ok,
houston2013,40,51,FLICM,,,,,0.418878647168896,0.5184063372432361,0.3244478963505505,0.4165280457781622,0.5184059410372894,0.6828236039140061,330.0,68.16,ok,
houston2013,40,51,KWFLICM,,,,,0.4292050731166401,0.529226476902376,0.3584067288866365,0.4281056623860536,0.5296965905404207,7.509957183254835,235.0,9.38,ok,
houston2013,40,51,SSFCM,,,,,0.4386305357266616,0.5074183367243489,0.3392422870263505,0.4247122230354647,0.4789293751382661,0.3271077926431761,450.0,81.6,ok,
houston2013,40,51,eSFCM,,,,,0.4443828401136599,0.5031783695718335,0.3500985841874839,0.4308337214718211,0.4756307813231932,0.6374580914353294,225.0,39.66,ok,
houston2013,40,51,S3FCM,,,,,0.4387691454709266,0.5072092353390938,0.3572882661856597,0.4331625523986958,0.4956237850938468,0.302527307454068,158.0,12.79,ok,
houston2013,40,51,GS-SPFCM,,,,,0.5201330653544944,0.5202463751906679,0.4498328809939372,0.5223900459112383,0.5204269013231834,28.45778532790468,52.0,32.4,ok,
houston2013,40,51,Softmax,,,,,0.8186984545013515,0.7621346567911318,0.8274500807376819,0.8213453988954688,0.7642285158113389,6.667361449225115,,19.78,ok,
houston2013,40,51,Sr-SSFCM,0.99,2839.5968571669177,28.6827965370396,0.9508940157818552,0.8175202716750988,0.7612650638095441,0.8259585519527082,0.8200811763923082,0.763247972621995,5.271765749310302,10.0,22.24,ok,
houston2013,40,51,Sw-SSFCM_r1,0.99,2839.5968571669177,28.6827965370396,0.952794159294992,0.847390671564211,0.7957403139964111,0.8566502099130439,0.849624060150376,0.7978119097904924,7.078394936988847,10.0,22.46,ok,
houston2013,40,51,Sw-SSFCM_r2,0.99,2839.5968571669177,28.6827965370396,0.9540590912054794,0.8533508905676069,0.7982152673138141,0.861834031767016,0.8558120966132144,0.8010443746519335,7.854364897424197,10.0,22.6,ok,
houston2013,60,42,FCM,,,,,0.4385306815768985,0.5064488939824361,0.3410572246423439,0.4352917692461241,0.5069385671233227,0.3113421840035665,475.0,6.87,ok,
houston2013,60,42,FCM_S1,,,,,0.4700969636916979,0.5180783792057135,0.3886321446286719,0.4696919289373877,0.5190794997337159,0.5328100901593353,295.0,9.8,ok,
houston2013,60,42,FCM_S2,,,,,0.4700969636916979,0.5193048270711255,0.4063466867623798,0.4696919289373877,0.520320387648186,0.4796887100590672,460.0,18.18,ok,
houston2013,60,42,FLICM,,,,,0.4205534715832684,0.5186367832726377,0.3246803845412258,0.4165280457781622,0.5184059410372894,0.6828087917908561,340.0,70.29,ok,
houston2013,60,42,KWFLICM,,,,,0.4925330879750867,0.5587190255875341,0.4521220310942713,0.4919156297824206,0.5602089782816141,2.121064195101674,175.0,7.66,ok,
houston2013,60,42,SSFCM,,,,,0.438389128742303,0.5064270863919617,0.3409881780069359,0.421851087896733,0.4677137962366005,0.3328443617394997,450.0,81.6,ok,
houston2013,60,42,eSFCM,,,,,0.4451836648028877,0.5016891068537207,0.3477152269293073,0.4355579213520527,0.4697133794684388,0.640732946427726,245.0,43.18,ok,
houston2013,60,42,S3FCM,,,,,0.4399462099228537,0.5069285530996633,0.3578760050645584,0.4344933129283385,0.4967078975539463,0.3045397811943261,206.0,14.85,ok,
houston2013,60,42,GS-SPFCM,,,,,0.5238162644206951,0.5318579974841524,0.442046952861869,0.5293765386918624,0.534486489749109,26.8343578206912,52.0,31.77,ok,
houston2013,60,42,Softmax,,,,,0.8120886120744568,0.7558812131626937,0.8160042121545096,0.8142923680883625,0.7583673975254533,7.502443225148532,,28.53,ok,
houston2013,60,42,KFCM,,,,,0.4412201854342133,0.5070977773350669,0.3587768522598277,0.4375540621465167,0.5068566029926456,0.3022808971505892,224.0,4.72,ok,
houston2013,60,42,SMUC,,,,,0.4432019251185505,0.5515314965183425,0.3658024368277216,0.4552531771907645,0.5552658851848086,2.7522409574696747,316.0,132.55,ok,
houston2013,60,42,S2-PFCM,,,,,0.5244532521763748,0.5318999134777251,0.4419328930821342,0.5529310000665381,0.5456648465297217,27.14901163886267,52.0,31.67,ok,
houston2013,60,42,Sr-SSFCM,0.99,2976.0073440959395,30.060680243393357,0.9533180421744474,0.8105315308939062,0.7555099421775984,0.8145982953112871,0.8127619934792734,0.7578998356806383,4.916654483196829,10.0,32.28,ok,
houston2013,60,42,Sw-SSFCM_r1,0.99,2976.0073440959395,30.060680243393357,0.955619216044742,0.8360110411210985,0.7900503434582122,0.8409733100515624,0.8386452857808238,0.7925548626118178,6.20297364170089,10.0,32.51,ok,
houston2013,60,42,Sw-SSFCM_r2,0.99,2976.0073440959395,30.060680243393357,0.9568391689009716,0.8459197395427843,0.799337319087333,0.8499665470260095,0.8484263756736975,0.8018748889911477,7.475897610606916,10.0,32.63,ok,
houston2013,60,43,FCM,,,,,0.440441644843938,0.5074549051165118,0.3401623818299751,0.4352917692461241,0.5069385671233227,0.3113436481838993,410.0,5.96,ok,
houston2013,60,43,FCM_S1,,,,,0.471229386368462,0.5186855471176256,0.3902165548451554,0.469825004990352,0.5189451093594196,0.5336488158275046,180.0,6.3,ok,
houston2013,60,43,FCM_S2,,,,,0.4606129237737986,0.5344669263791525,0.3838394190660271,0.4581808503559784,0.5343305506593536,0.5879758449635942,390.0,16.05,ok,
houston2013,60,43,FLICM,,,,,0.421261235756246,0.5191847560586712,0.325474560520028,0.4165280457781622,0.5184059410372894,0.6828319204914154,330.0,68.19,ok,
houston2013,60,43,KWFLICM,,,,,0.4926038643923844,0.560034864092371,0.4525835697619026,0.4917825537294564,0.5601799323175083,2.1212313216962144,140.0,6.55,ok,
houston2013,60,43,SSFCM,,,,,0.4403000920093425,0.5074950230163963,0.3425860003995539,0.4217845498702508,0.4844735219720709,0.3338359918457387,550.0,99.73,ok,
houston2013,60,43,eSFCM,,,,,0.4465991931488428,0.5038977058109981,0.3535067659654002,0.4292368088362499,0.4755692119940187,0.6436106796338793,235.0,41.42,ok,
houston2013,60,43,S3FCM,,,,,0.4432727015358482,0.5083136858679375,0.3611448350259595,0.4344933129283385,0.4951911148019678,0.3045841211916367,222.0,14.53,ok,
houston2013,60,43,GS-SPFCM,,,,,0.523533158751504,0.5321355838307531,0.4449956525328243,0.5277796260562911,0.532766065385504,25.87855640134729,54.0,33.46,ok,
houston2013,60,43,Softmax,,,,,0.8186708188831482,0.7594606898937754,0.8268577291234175,0.8216780890278794,0.763097080660659,6.343330109443507,,28.42,ok,
houston2013,60,43,KFCM,,,,,0.4423526081109774,0.5080582382917704,0.3603934711274855,0.4372879100405882,0.507139091682815,0.3033265207651962,287.0,5.97,ok,
houston2013,60,43,SMUC,,,,,0.4473777337391181,0.5564478231317633,0.3342135568637113,0.4705569232816555,0.5613629677082907,3.5096331745636937,316.0,132.64,ok,
houston2013,60,43,S2-PFCM,,,,,0.5243116993417793,0.5328105982640458,0.4476276174370752,0.5527979240135737,0.546445611546112,26.21941278313472,53.0,32.74,ok,
houston2013,60,43,Sr-SSFCM,0.99,2260.998738667866,22.83837109765523,0.9378466396458764,0.817255290537193,0.7589529681742966,0.8255130015260488,0.8200811763923082,0.7624158497382084,4.809688441883701,10.0,32.2,ok,
houston2013,60,43,Sw-SSFCM_r1,0.99,2260.998738667866,22.83837109765523,0.9403305762696302,0.8452827517871045,0.7934867566405174,0.8572612384351598,0.8474948433029477,0.7966006828715015,5.7624126607359365,10.0,32.42,ok,
houston2013,60,43,Sw-SSFCM_r2,0.99,2260.998738667866,22.83837109765523,0.942077285515966,0.8487507962346946,0.7971540946534765,0.8605025655623845,0.8512209727859472,0.8002450011900508,5.860089770703464,10.0,32.55,ok,
houston2013,60,44,FCM,,,,,0.4382475759077076,0.5073184802367138,0.3412147911350737,0.4352917692461241,0.5069385671233227,0.3113325630044595,470.0,6.8,ok,
houston2013,60,44,FCM_S1,,,,,0.4705923986127822,0.5182486194187828,0.3896384295814478,0.469825004990352,0.5188611177751675,0.5338840335910523,275.0,9.19,ok,
houston2013,60,44,FCM_S2,,,,,0.4702385165262934,0.519665668384701,0.4069091102851078,0.4692261627520128,0.5198891132328257,0.482590639895658,505.0,19.54,ok,
houston2013,60,44,FLICM,,,,,0.4210489065043527,0.5190174631513309,0.3252045391897886,0.4165280457781622,0.5184059410372894,0.6828071979503274,335.0,69.23,ok,
houston2013,60,44,KWFLICM,,,,,0.4932408521480643,0.559384697855677,0.4529456784810181,0.4917825537294564,0.560203106321913,2.121304032205862,130.0,6.25,ok,
houston2013,60,44,SSFCM,,,,,0.4381767994904098,0.5071528995602672,0.3412066088499156,0.4159957415663051,0.4740810330146539,0.3345495129722057,425.0,77.07,ok,
houston2013,60,44,eSFCM,,,,,0.4453252176374832,0.5034587870802516,0.3505266882641351,0.422849158293965,0.4657945147569047,0.6423022461138997,195.0,34.38,ok,
houston2013,60,44,S3FCM,,,,,0.4322315804373982,0.5043604696723146,0.3516954610877505,0.4293698848892142,0.4895796707374471,0.3007327732243549,114.0,11.39,ok,
houston2013,60,44,GS-SPFCM,,,,,0.5362729138651001,0.5344798761959144,0.4580644391475005,0.5421518397764322,0.5365405108741501,24.997819762964124,39.0,26.35,ok,
houston2013,60,44,Softmax,,,,,0.8080543562884847,0.7533630509220197,0.8204042849098373,0.8127619934792734,0.7582922589485007,8.622653242048123,,28.52,ok,
houston2013,60,44,KFCM,,,,,0.4421402788590841,0.5080481938359733,0.3597972804363413,0.4384855945172666,0.5076649229665701,0.3042440628983542,131.0,2.88,ok,
houston2013,60,44,SMUC,,,,,0.5081746761978909,0.6015182375705462,0.3971636210310669,0.5151374010246856,0.6007038283422536,3.9647496876031822,151.0,63.53,ok,
houston2013,60,44,S2-PFCM,,,,,0.5372637837072687,0.5346950903936705,0.4586909119830598,0.5569898196819483,0.5482733147878744,25.29250766932413,39.0,26.26,ok,
houston2013,60,44,Sr-SSFCM,0.99,2670.8030068877947,26.977808150381787,0.9430639752788066,0.8077712506192937,0.7539277842099388,0.8195975552096113,0.8124958413733449,0.7587682691004873,4.811458323525726,10.0,32.12,ok,
houston2013,60,44,Sw-SSFCM_r1,0.99,2670.8030068877947,26.977808150381787,0.9459525720709172,0.8351617241135254,0.7886386565662422,0.8503020171283954,0.8391775899926808,0.7930840855331102,5.793003000082469,10.0,32.34,ok,
houston2013,60,44,Sw-SSFCM_r2,0.99,2670.8030068877947,26.977808150381787,0.9477072897655758,0.8408238374973459,0.7947042811335937,0.8549109653687913,0.8447667842171801,0.798848252515076,5.458020581232353,10.0,32.47,ok,
houston2013,60,45,FCM,,,,,0.4399462099228537,0.5079168695119082,0.34180181905699,0.4352917692461241,0.5069385671233227,0.3113435407117841,545.0,7.87,ok,
houston2013,60,45,FCM_S1,,,,,0.4710170571165687,0.518414573904791,0.3894605893078525,0.4696919289373877,0.5191391658568296,0.5328945055087269,290.0,9.69,ok,
houston2013,60,45,FCM_S2,,,,,0.4596220539316299,0.5341434877335255,0.381882660057682,0.4582473883824606,0.5343671017856908,0.5880307726607725,345.0,14.72,ok,
houston2013,60,45,FLICM,,,,,0.4206242480005662,0.5188105850494976,0.3248582859363804,0.4165280457781622,0.5184059410372894,0.6828125425052392,335.0,69.2,ok,
houston2013,60,45,KWFLICM,,,,,0.4301790643357633,0.5262627508069114,0.3576586128717599,0.4283718144919822,0.5267708209838703,7.691474075539756,285.0,10.83,ok,
houston2013,60,45,SSFCM,,,,,0.4398046570882581,0.5078228989000438,0.3417325691043428,0.4143988289307339,0.4780448630452346,0.3370681177334974,540.0,97.92,ok,
houston2013,60,45,eSFCM,,,,,0.4475192865737136,0.5045237200583896,0.3538910338287919,0.4207199414465367,0.4700652353001375,0.6443989315808445,150.0,26.45,ok,
houston2013,60,45,S3FCM,,,,,0.4401585391747469,0.507021040680651,0.3586059550842773,0.432763324239803,0.4932813369801718,0.3011067900813218,138.0,13.32,ok,
houston2013,60,45,GS-SPFCM,,,,,0.531672446740746,0.5312037384329806,0.4568633850994306,0.5363630314724865,0.5328224071780421,21.0143754714028,59.0,36.4,ok,
houston2013,60,45,Softmax,,,,,0.806497275107934,0.7597598569917159,0.8170108295925531,0.8108989287377736,0.7637975432356865,5.612981887375024,,28.5,ok,
houston2013,60,45,KFCM,,,,,0.4408663033477245,0.507033714591704,0.35911120735147,0.4371548339876239,0.5065289030525283,0.3001110664980499,303.0,6.3,ok,
houston2013,60,45,SMUC,,,,,0.4495010262580508,0.5412491127302121,0.3471845160418813,0.4553862532437288,0.5400286357117619,6.515369576635347,186.0,78.18,ok,
houston2013,60,45,S2-PFCM,,,,,0.5323802109137236,0.5314080082291985,0.4570073891502554,0.5523986958546809,0.5445653180593936,21.2480289172569,58.0,35.84,ok,
houston2013,60,45,Sr-SSFCM,0.99,2857.8614303656364,28.86728717541049,0.9459757668524392,0.8060726166041475,0.7608756076471989,0.8165195249813808,0.8104997005788809,0.7649555119586863,3.925607943515911,10.0,32.14,ok,
houston2013,60,45,Sw-SSFCM_r1,0.99,2857.8614303656364,28.86728717541049,0.9490119192253392,0.8384882157265199,0.7967885970057343,0.852253925895003,0.8419056490784483,0.8005577299249234,5.4770014451579,10.0,32.37,ok,
houston2013,60,45,Sw-SSFCM_r2,0.99,2857.8614303656364,28.86728717541049,0.9508180068910356,0.8479722556444192,0.8021686453089995,0.8601595511581767,0.8518198150242864,0.806551774726566,6.252578080310904,10.0,32.52,ok,
houston2013,60,46,FCM,,,,,0.4395215514190672,0.5078402439178998,0.3393635545512906,0.4353583072726062,0.5069339004899986,0.3113277884661391,470.0,6.8,ok,
houston2013,60,46,FCM_S1,,,,,0.471512492037653,0.5182524182266715,0.389919627929545,0.4696919289373877,0.5191391658568296,0.53276865924148,260.0,8.73,ok,
houston2013,60,46,FCM_S2,,,,,0.4707339514473777,0.520078893036219,0.4064728119741069,0.4692261627520128,0.5198891132328256,0.4825781765217466,415.0,16.8,ok,
houston2013,60,46,FLICM,,,,,0.4209073536697572,0.5187313611697133,0.3254506268880303,0.4165280457781622,0.5184059410372894,0.6828254330955561,330.0,68.18,ok,
houston2013,60,46,KWFLICM,,,,,0.4670535777478944,0.5487921540234149,0.4282461012865917,0.4656331093219775,0.5500008713291821,1.93458735757162,285.0,10.86,ok,
houston2013,60,46,SSFCM,,,,,0.4393092221671739,0.5076502048546238,0.3414448752810791,0.4209860935524652,0.469528507223687,0.3325485621695328,440.0,79.79,ok,
houston2013,60,46,eSFCM,,,,,0.4372567060655389,0.5113488093115579,0.3516185170353568,0.4126688402421984,0.4789675938467697,0.640918822452856,115.0,20.29,ok,
houston2013,60,46,S3FCM,,,,,0.4418571731898931,0.5080082430213598,0.359569065304317,0.4368221438552132,0.4943645446814909,0.3059310606449147,209.0,14.9,ok,
houston2013,60,46,GS-SPFCM,,,,,0.5244532521763748,0.5332122426379897,0.4533798476733727,0.5287111584270411,0.5345450808328479,32.682093236163766,35.0,24.31,ok,
houston2013,60,46,Softmax,,,,,0.8018968079835799,0.7513575273347277,0.808254611382802,0.8057089626721672,0.7552317889486189,5.041689550418747,,28.44,ok,
houston2013,60,46,KFCM,,,,,0.4418571731898931,0.5080123768761088,0.359542187370545,0.4376206001729988,0.5074233353013993,0.3042923261515298,143.0,3.12,ok,
houston2013,60,46,SMUC,,,,,0.4173685328048694,0.5376668612009875,0.3197479049858979,0.4424113380797125,0.5456697694812949,4.028902849449472,376.0,157.79,ok,
houston2013,60,46,S2-PFCM,,,,,0.5236039351688018,0.5333159795958716,0.4532479165301176,0.537560715949165,0.5458271787458023,33.41357534853648,35.0,24.23,ok,
houston2013,60,46,Sr-SSFCM,0.99,2682.08980842221,27.09181624668901,0.9413534830516668,0.800693608889518,0.7511602515572395,0.8072214567789644,0.804644354248453,0.755103334564332,2.947509848948332,10.0,32.06,ok,
houston2013,60,46,Sw-SSFCM_r1,0.99,2682.08980842221,27.09181624668901,0.9439657965270872,0.8234128388420978,0.7803298159171804,0.8318362180979445,0.8269345931199681,0.7842219920996162,4.66119620504559,10.0,32.28,ok,
houston2013,60,46,Sw-SSFCM_r2,0.99,2682.08980842221,27.09181624668901,0.9456198737216972,0.8242621558496709,0.7809879957876208,0.8325980124484774,0.8281322775966465,0.7850550822668231,5.508593815627841,10.0,32.41,ok,
houston2013,60,47,FCM,,,,,0.4398754335055559,0.5079942437004916,0.3422133353751487,0.435225231219642,0.506885628256278,0.3113726784481619,475.0,6.99,ok,
houston2013,60,47,FCM_S1,,,,,0.4710878335338665,0.5186300290163673,0.3897929803021311,0.4696919289373877,0.5190794997337159,0.5329120795392608,375.0,12.23,ok,
houston2013,60,47,FCM_S2,,,,,0.460471370939203,0.5365802763462667,0.3851641400606015,0.4582473883824606,0.5356848989748542,0.5679500060959838,135.0,8.3,ok,
houston2013,60,47,FLICM,,,,,0.4209073536697572,0.5193053511660563,0.3252617233969921,0.4165280457781622,0.5184059410372894,0.6828153965799405,325.0,67.17,ok,
houston2013,60,47,KWFLICM,,,,,0.4647887323943662,0.5500805188774157,0.425873910318652,0.4656331093219775,0.5515604084767417,1.9346112168183809,250.0,9.81,ok,
houston2013,60,47,SSFCM,,,,,0.4397338806709604,0.5077899605969549,0.3421487223359977,0.4234480005323042,0.474122138403832,0.3354404259114245,475.0,86.14,ok,
houston2013,60,47,eSFCM,,,,,0.4473069573218203,0.5045957940591952,0.3530634813932655,0.4287710426508749,0.4670853450840678,0.6435633141089991,180.0,31.73,ok,
houston2013,60,47,S3FCM,,,,,0.4402293155920447,0.5072091996974067,0.3584758639013673,0.4314325637101603,0.4933261083450516,0.3027475568750242,276.0,17.46,ok,
houston2013,60,47,GS-SPFCM,,,,,0.5162431877698351,0.5213845524834575,0.4422190578302032,0.5207265952491849,0.5228282301474638,69.80045694527696,49.0,31.7,ok,
houston2013,60,47,Softmax,,,,,0.8056479581003609,0.7508077140319462,0.8142210458328977,0.8093685541286846,0.7552853489498231,8.567930261220567,,28.65,ok,
houston2013,60,47,KFCM,,,,,0.4407955269304268,0.5073604184590251,0.3588702573605335,0.4373544480670703,0.5068812356014395,0.3034644170456814,266.0,5.55,ok,
houston2013,60,47,SMUC,,,,,0.4070351758793969,0.5238578506604025,0.3330765983825229,0.429769113048107,0.5307204135234693,6.5995868626264205,181.0,76.1,ok,
houston2013,60,47,S2-PFCM,,,,,0.5173756104465992,0.5217313757424887,0.4424889162363391,0.5462771974183246,0.5368746431095075,71.21070488984603,49.0,31.62,ok,
houston2013,60,47,Sr-SSFCM,0.99,2589.7173589178005,26.158761201189925,0.941192310626373,0.8045155354235969,0.7503474368313928,0.812883012028036,0.8084370217579346,0.7549749254285069,6.574625172274944,10.0,32.05,ok,
houston2013,60,47,Sw-SSFCM_r1,0.99,2589.7173589178005,26.158761201189925,0.944272878533818,0.8253945785264349,0.7769693438267691,0.8327351683732162,0.8289972719409142,0.7812816068210467,8.20915260900867,10.0,32.27,ok,
houston2013,60,47,Sw-SSFCM_r2,0.99,2589.7173589178005,26.158761201189925,0.9459056828943424,0.8340293014367612,0.7851188333598065,0.8390235713192365,0.8374476013041453,0.789330028900334,8.222283915342585,10.0,32.45,ok,
houston2013,60,48,FCM,,,,,0.4381767994904098,0.5067762926133417,0.3383352320315209,0.4352917692461241,0.5069385671233227,0.3113481325447575,500.0,7.24,ok,
houston2013,60,48,FCM_S1,,,,,0.4703092929435912,0.518358238848224,0.3889516928309555,0.4697584669638698,0.518815359013826,0.5338032686845555,180.0,6.3,ok,
houston2013,60,48,FCM_S2,,,,,0.4701677401089957,0.5192556887248041,0.4062643081253189,0.4692261627520128,0.5198972320432037,0.4825356252202404,465.0,18.34,ok,
houston2013,60,48,FLICM,,,,,0.4201995894967796,0.5190085251854786,0.3246801673516657,0.4165280457781622,0.5184059410372894,0.6828247134878771,330.0,68.17,ok,
houston2013,60,48,KWFLICM,,,,,0.4428480430320617,0.5312065378817973,0.3678770084144366,0.4417459578148912,0.5325325348953192,3.9140231609188767,205.0,8.61,ok,
houston2013,60,48,SSFCM,,,,,0.438106023073112,0.5066564556191018,0.3408196838065015,0.4225164681615543,0.467482510813633,0.3330469337226975,450.0,81.6,ok,
houston2013,60,48,eSFCM,,,,,0.4465991931488428,0.5041142366993296,0.3521196697013072,0.433229090425178,0.4722329753673445,0.6435149564047645,195.0,34.37,ok,
houston2013,60,48,S3FCM,,,,,0.4412201854342133,0.5078568691348232,0.3590404247644335,0.4357575354314991,0.4930380140291396,0.3087969332722365,156.0,13.37,ok,
houston2013,60,48,GS-SPFCM,,,,,0.5291952721353245,0.5292380921366708,0.4557823905240644,0.5333022822543083,0.5310459762424115,35.728144072222655,33.0,22.75,ok,
houston2013,60,48,Softmax,,,,,0.8106023073112039,0.7512073030013702,0.8195134016523385,0.8143589061148446,0.7554491735903082,8.487758004284528,,28.51,ok,
houston2013,60,48,KFCM,,,,,0.4424941609455729,0.5083409622996761,0.3597266972022321,0.4403486592587664,0.508515193033568,0.3076810582581774,127.0,2.8,ok,
houston2013,60,48,SMUC,,,,,0.3901196121452332,0.5341828282694643,0.2842100679197848,0.4102734712888415,0.5415156561330872,9.763964714886336,281.0,117.94,ok,
houston2013,60,48,S2-PFCM,,,,,0.5304692476466841,0.5292875346604929,0.4574172016791262,0.5506021691396633,0.5432013115791875,36.17777293301103,33.0,22.67,ok,
houston2013,60,48,Sr-SSFCM,0.99,2982.702320175635,30.12830626440038,0.9487258976544168,0.8102484252247151,0.7516521425437906,0.8188075534538863,0.8136935258500233,0.7556362646769207,4.838373024042838,10.0,32.09,ok,
houston2013,60,48,Sw-SSFCM_r1,0.99,2982.702320175635,30.12830626440038,0.9509057584637142,0.8321183381697218,0.7809324997741626,0.8427533293577002,0.8350522323507885,0.7845085613651589,7.330029157357087,10.0,32.37,ok,
houston2013,60,48,Sw-SSFCM_r2,0.99,2982.702320175635,30.12830626440038,0.9523094794697792,0.8381343336400311,0.7883086840926831,0.8479065305465965,0.8409741167076985,0.7917048025207959,8.350658293972192,10.0,32.44,ok,
houston2013,60,49,FCM,,,,,0.4393092221671739,0.5074019062135247,0.3423990698624846,0.4352917692461241,0.5069385671233227,0.3113370694905707,530.0,7.66,ok,
houston2013,60,49,FCM_S1,,,,,0.4710170571165687,0.5191020758923294,0.3898806407270304,0.4696919289373877,0.5190794997337159,0.53289714620095,370.0,12.12,ok,
houston2013,60,49,FCM_S2,,,,,0.4722910326279284,0.5203779870969532,0.4090426770891391,0.4694257768314592,0.5201327549385216,0.4800552496569307,375.0,15.59,ok,
houston2013,60,49,FLICM,,,,,0.4206242480005662,0.5186966863291794,0.325021666360708,0.4165280457781622,0.5184059410372894,0.6828181300213119,315.0,65.07,ok,
houston2013,60,49,KWFLICM,,,,,0.4737773373911813,0.5543114329536942,0.4311315084518152,0.4738172865792801,0.5556437973636933,3.014533042941467,235.0,9.36,ok,
houston2013,60,49,SSFCM,,,,,0.4391676693325784,0.5074416945089593,0.3423286072348492,0.4207199414465367,0.4694902255012165,0.3338693617260648,440.0,79.79,ok,
houston2013,60,49,eSFCM,,,,,0.4451836648028877,0.5032825176048127,0.3489092687761329,0.4204537893406082,0.467944489220767,0.6431641272195145,210.0,37.02,ok,
houston2013,60,49,S3FCM,,,,,0.4411494090169156,0.5072645733419456,0.3590348376015518,0.4334287045046244,0.4977667307636041,0.3026738625166845,164.0,14.07,ok,
houston2013,60,49,GS-SPFCM,,,,,0.5247363578455658,0.5265150220809184,0.4521989556417226,0.5285115443475946,0.5268227303756661,29.005435074326154,54.0,33.46,ok,
houston2013,60,49,Softmax,,,,,0.8139287989241984,0.7612734638828694,0.8218874111589421,0.8165546609887551,0.7645212356675202,10.794889691837302,,28.44,ok,
houston2013,60,49,KFCM,,,,,0.4453959940547809,0.5091699137682104,0.3620119926375,0.4418790338678555,0.5087917827364296,0.308798213284233,104.0,2.34,ok,
houston2013,60,49,SMUC,,,,,0.4618868992851582,0.5520323818510066,0.386843543416475,0.4796726329097079,0.554396125272112,5.830451779560097,331.0,138.87,ok,
houston2013,60,49,S2-PFCM,,,,,0.526151886191521,0.5266560933062752,0.45359357916762,0.5465433495242531,0.5399836859267154,29.43175407119347,54.0,33.41,ok,
houston2013,60,49,Sr-SSFCM,0.99,2793.2686997173582,28.21483535068041,0.9500921229149012,0.8129379290820299,0.7614216455653302,0.821098944519758,0.8156231286180052,0.7646085498471412,7.84644614837612,10.0,32.04,ok,
houston2013,60,49,Sw-SSFCM_r1,0.99,2793.2686997173582,28.21483535068041,0.9526915511309496,0.8376388987189468,0.7934813297290033,0.8461987815491465,0.8403087364428771,0.7965478893682704,6.879559720138874,10.0,32.26,ok,
houston2013,60,49,Sw-SSFCM_r2,0.99,2793.2686997173582,28.21483535068041,0.9541905744925554,0.8432302356854696,0.8001885079685025,0.850469578297534,0.8461640827733049,0.8036875858077533,7.605767030803972,10.0,32.39,ok,
houston2013,60,50,FCM,,,,,0.4400169863401514,0.5080605036089514,0.3425325750878211,0.4354248452990884,0.5069293050834566,0.311316425465911,490.0,7.09,ok,
houston2013,60,50,FCM_S1,,,,,0.471512492037653,0.5192259275736998,0.3904052391348784,0.4696919289373877,0.5190794997337159,0.532909449196036,330.0,10.86,ok,
houston2013,60,50,FCM_S2,,,,,0.471512492037653,0.5205289339848583,0.4083560750852461,0.4697584669638698,0.5203306275967993,0.4796492528388765,240.0,11.5,ok,
houston2013,60,50,FLICM,,,,,0.420978130087055,0.5196027890504582,0.3254475490101669,0.4165280457781622,0.5184059410372894,0.6828204379198904,330.0,68.19,ok,
houston2013,60,50,KWFLICM,,,,,0.4453252176374832,0.5306505231686909,0.3637340552648301,0.4446736309801051,0.5320190900144889,2.425495454331056,470.0,16.31,ok,
houston2013,60,50,SSFCM,,,,,0.4398046570882581,0.5079081907394708,0.3424347194639383,0.4214518597378401,0.4712319626930628,0.3313760831910928,425.0,77.07,ok,
houston2013,60,50,eSFCM,,,,,0.4463160874796518,0.5033980731126081,0.3510967296506859,0.4275733581741965,0.4670264664008691,0.643746795141047,165.0,29.09,ok,
houston2013,60,50,S3FCM,,,,,0.4394507750017694,0.5068253681764331,0.3582479448075596,0.430767183445339,0.4939809574905961,0.3019364861025653,175.0,13.92,ok,
houston2013,60,50,GS-SPFCM,,,,,0.5309646825677684,0.528912943924109,0.4620108910545362,0.5341672765985761,0.5288590114676298,23.218691203284585,59.0,36.06,ok,
houston2013,60,50,Softmax,,,,,0.8070634864463161,0.753560497201374,0.8170136948402321,0.8103666245259166,0.7567299095685923,11.350133947743103,,28.43,ok,
houston2013,60,50,KFCM,,,,,0.4421402788590841,0.5090253222642198,0.3603067822950366,0.4383525184643023,0.5079960848274999,0.3058838406688175,132.0,2.9,ok,
houston2013,60,50,SMUC,,,,,0.4238091867789652,0.5212505452648962,0.3207399118473117,0.4474682280923547,0.5267830103277515,5.459783590121606,196.0,82.33,ok,
houston2013,60,50,S2-PFCM,,,,,0.532521763748319,0.5284991886086825,0.4631385471706861,0.5525317719076452,0.542358170670557,23.553984962968237,59.0,35.96,ok,
houston2013,60,50,Sr-SSFCM,0.99,2986.748255780242,30.16917430081055,0.946810510837129,0.8068511571944228,0.7539564123164124,0.8168687365397169,0.8101670104464701,0.7570438346190835,6.684151148895488,10.0,32.05,ok,
houston2013,60,50,Sw-SSFCM_r1,0.99,2986.748255780242,30.16917430081055,0.9496900083423864,0.8336046429329748,0.7866778894486843,0.8441454192668948,0.8371149111717346,0.7904791402187777,5.953752024810665,10.0,32.28,ok,
houston2013,60,50,Sw-SSFCM_r2,0.99,2986.748255780242,30.16917430081055,0.9513233509463216,0.8396914148205817,0.792363801087948,0.8490749740212673,0.8433029476345731,0.7963295375525671,6.108095463116873,10.0,32.41,ok,
houston2013,60,51,FCM,,,,,0.4398754335055559,0.507220480603658,0.3417912673926269,0.4352917692461241,0.5069385671233227,0.3113331375999805,455.0,6.59,ok,
houston2013,60,51,FCM_S1,,,,,0.4714417156203553,0.518394915012592,0.3899776779976163,0.469825004990352,0.5188611177751675,0.5338843408200117,400.0,12.99,ok,
houston2013,60,51,FCM_S2,,,,,0.4705923986127822,0.5189426233287279,0.4065155417310334,0.4692261627520128,0.5198891132328257,0.482595165966471,480.0,18.78,ok,
houston2013,60,51,FLICM,,,,,0.4191379432373133,0.5185415083271238,0.323942394968595,0.4165280457781622,0.5184059410372894,0.6828236039140061,330.0,68.17,ok,
houston2013,60,51,KWFLICM,,,,,0.4281973246514261,0.5283706593365511,0.3572870837450485,0.4281056623860536,0.5296965905404207,7.509957183254835,235.0,9.36,ok,
houston2013,60,51,SSFCM,,,,,0.4397338806709604,0.5070099551077629,0.341711662792893,0.4213187836848759,0.4718865275316186,0.3344115428607644,435.0,78.88,ok,
houston2013,60,51,eSFCM,,,,,0.4458914289758652,0.5020969956915787,0.3503478006736479,0.4260429835651074,0.4681268791151186,0.6444564515725254,210.0,37.02,ok,
houston2013,60,51,S3FCM,,,,,0.4388845636633873,0.506091346705069,0.3575107747488179,0.4311664116042318,0.4939494631788803,0.3051606458000804,225.0,15.29,ok,
houston2013,60,51,GS-SPFCM,,,,,0.518578809540661,0.5211792216811122,0.4461771468120398,0.5231219642025418,0.5229405767499,177.7324919470513,50.0,31.42,ok,
houston2013,60,51,Softmax,,,,,0.8056479581003609,0.7475152286117112,0.8169856705729989,0.8103000864994344,0.7519374601008705,15.377511368807337,,28.62,ok,
houston2013,60,51,KFCM,,,,,0.4403708684266402,0.5067151689234712,0.3586152163132175,0.437687138199481,0.5068895901106462,0.3025427042323044,124.0,2.74,ok,
houston2013,60,51,SMUC,,,,,0.5003184938778399,0.5868744629301303,0.3897954046304413,0.4969725197950629,0.5779097206461162,5.326883002929135,176.0,74.0,ok,
houston2013,60,51,S2-PFCM,,,,,0.5218345247363578,0.5217802042933596,0.4489681726957135,0.5424845299088429,0.5356708441381838,189.9991054625713,50.0,31.33,ok,
houston2013,60,51,Sr-SSFCM,0.99,2628.9681581616237,26.5552339208245,0.9450721150889528,0.8060726166041475,0.7476628905736038,0.8176249063691307,0.8106993146583272,0.7522004719044758,9.316584028555704,10.0,32.05,ok,
houston2013,60,51,Sw-SSFCM_r1,0.99,2628.9681581616237,26.5552339208245,0.9473550451476004,0.833533866515677,0.7820971505832559,0.8506596929388316,0.8378468294630381,0.7869185956651646,8.285223053308046,10.0,32.26,ok,
houston2013,60,51,Sw-SSFCM_r2,0.99,2628.9681581616237,26.5552339208245,0.9487424559583718,0.8413192724184302,0.7869664052690378,0.8572873138367919,0.8452990884290372,0.791609139762664,7.622326449129845,10.0,32.39,ok,
indian_pines,5,42,FCM,,,,,0.3072081817287835,0.3996469372571657,0.2694495277495899,0.3074446287442677,0.400039311615701,132832873.96569549,285.0,0.23,ok,
indian_pines,5,42,FCM_S1,,,,,0.3201888091257744,0.407567062094204,0.267450837199727,0.3200312225582983,0.4080423078778037,1148.9299604268974,290.0,0.32,ok,
indian_pines,5,42,FCM_S2,,,,,0.3201888091257744,0.4065962050802152,0.2664876538645263,0.3201287930529807,0.4069595687755211,29690257.478159636,300.0,0.55,ok,
indian_pines,5,42,FLICM,,,,,0.32903923689645,0.4144298152202244,0.2679827984682614,0.3290077080690799,0.4149647269184589,676.8681656388396,660.0,2.62,ok,
indian_pines,5,42,KWFLICM,,,,,0.3650309764971973,0.4221213711682094,0.2094977783479931,0.3638403746706996,0.4220025495118226,6698676054220.078,120.0,0.17,ok,
indian_pines,5,42,SSFCM,,,,,0.3072081817287835,0.399529785521405,0.2692638875645764,0.3061762123133964,0.3943196906278733,44267188967.873566,315.0,1.26,ok,
indian_pines,5,42,eSFCM,,,,,0.3769298849444389,0.4510787711265654,0.3646115977092124,0.374475558591082,0.4439662588949564,0.7925556402529722,160.0,0.56,ok,
indian_pines,5,42,S3FCM,,,,,0.3083882387648736,0.4026239016555517,0.2699560707512649,0.3091033271538687,0.4020940600715395,751.1115633160737,149.0,0.3,ok,
indian_pines,5,42,GS-SPFCM,,,,,0.4212803618841577,0.439207882315923,0.3731455323342117,0.4216021075226851,0.4404421365088308,1.994143097448477,15.0,0.26,ok,
indian_pines,5,42,Softmax,,,,,0.4282623660143573,0.4169071837768114,0.4422161718246892,0.4327251439164796,0.4205806052885478,4.772977720051968,,8.33,ok,
indian_pines,5,42,Sr-SSFCM,0.99,4862.832738961301,49.11952261577076,0.9675982570748748,0.4292457468777657,0.4174858882399819,0.4437888651925202,0.4337008488633037,0.4211668508500663,3.412703626941855,5.0,5.56,ok,
indian_pines,5,42,Sw-SSFCM_r1,0.99,4862.832738961301,49.11952261577076,0.975877625153544,0.4976890549709902,0.4744429213469759,0.5183859880788622,0.5016099131622598,0.4780365946726623,3.5224201606663925,5.0,5.56,ok,
indian_pines,5,42,Sw-SSFCM_r2,0.99,4862.832738961301,49.11952261577076,0.9769345827014564,0.5081128921231193,0.4872205677042833,0.5308321754449681,0.511952385598595,0.4907633537864705,3.4469177376882607,5.0,5.57,ok,
indian_pines,5,43,FCM,,,,,0.3083882387648736,0.3991984217104807,0.2705977558154269,0.3084203336910918,0.3996123185814454,4280030989.611007,285.0,0.12,ok,
indian_pines,5,43,FCM_S1,,,,,0.3198937948667519,0.4075199405934584,0.2673335086586266,0.3201287930529807,0.4081193641773494,6091.742365721041,280.0,0.32,ok,
indian_pines,5,43,FCM_S2,,,,,0.3189104140033434,0.4066358710450628,0.2661840120431634,0.3189579471167919,0.4069474743346031,24254.233334471897,185.0,0.44,ok,
indian_pines,5,43,FLICM,,,,,0.3294325892418133,0.4142827639002376,0.2677081887136107,0.3290077080690799,0.41488119927594,378.4897020828116,315.0,1.26,ok,
indian_pines,5,43,KWFLICM,,,,,0.3794866751893008,0.4163914968396447,0.2333498821878676,0.3781832373890135,0.416772149366477,7856705289622.805,165.0,0.2,ok,
indian_pines,5,43,SSFCM,,,,,0.307503195987806,0.3995388335021494,0.2700374130303649,0.3052005073665723,0.3918125804060337,357569923316.0577,305.0,1.14,ok,
indian_pines,5,43,eSFCM,,,,,0.3764381945127348,0.4346475467297966,0.3147771403672726,0.373499853644258,0.4266089032649591,0.7575724458716875,135.0,0.47,ok,
indian_pines,5,43,S3FCM,,,,,0.3055364342609892,0.3997571261659443,0.2696347102221812,0.3054932188506196,0.400004270044787,6800.270687107894,123.0,0.27,ok,
indian_pines,5,43,GS-SPFCM,,,,,0.4086930868325302,0.4412626791460002,0.3704921710784002,0.410088789150161,0.4428071995184924,4.404352982464111,14.0,0.22,ok,
indian_pines,5,43,Softmax,,,,,0.4107581866456878,0.421262285327541,0.4406696339682073,0.4143818909161869,0.4247032202072888,4.436453532887388,,8.39,ok,
indian_pines,5,43,Sr-SSFCM,0.99,5232.766068634674,52.85622291550181,0.9710035966820942,0.4102664962139837,0.4214339242129734,0.4403292120131493,0.4138940384427749,0.4248724736638258,2.741698796503423,5.0,5.43,ok,
indian_pines,5,43,Sw-SSFCM_r1,0.99,5232.766068634674,52.85622291550181,0.9776958675579068,0.4559937063624741,0.4722967597195071,0.4893783827428437,0.4592643184700946,0.4755973786945388,2.451314811300658,5.0,5.44,ok,
indian_pines,5,43,Sw-SSFCM_r2,0.99,5232.766068634674,52.85622291550181,0.9788816235183936,0.4664175435146032,0.4844980511243802,0.5031823916093991,0.4695092204117475,0.4876157712721033,2.783754303357216,5.0,5.44,ok,
indian_pines,5,44,FCM,,,,,0.307503195987806,0.3995907849429724,0.2700578108532984,0.3075421992389501,0.4001283289339394,293363015.27884823,265.0,0.11,ok,
indian_pines,5,44,FCM_S1,,,,,0.3203854852984561,0.4078676772099466,0.2678893043185422,0.3200312225582983,0.4083322459358422,254903974.54274037,330.0,0.36,ok,
indian_pines,5,44,FCM_S2,,,,,0.3193037663487068,0.4063641987105778,0.2670544003059765,0.3190555176114742,0.4069338760038933,236646.24785699908,215.0,0.47,ok,
indian_pines,5,44,FLICM,,,,,0.3295309273281542,0.4145906604951374,0.2687662192971827,0.3289101375743975,0.4150384849691911,175.25549244325865,420.0,1.68,ok,
indian_pines,5,44,KWFLICM,,,,,0.3262857704789065,0.3669668711578974,0.1773846216422433,0.3255927407551956,0.3665178788782575,8867922487732.814,100.0,0.15,ok,
indian_pines,5,44,SSFCM,,,,,0.3073065198151244,0.3994063465107119,0.2697302470191022,0.3063713533027612,0.3916215082847071,14273883983320.174,360.0,1.32,ok,
indian_pines,5,44,eSFCM,,,,,0.3630642147703806,0.4335213184212496,0.3361472396954257,0.3616938237876866,0.4270287259384495,0.9107982868441126,85.0,0.3,ok,
indian_pines,5,44,S3FCM,,,,,0.3091749434556003,0.4006575126942482,0.2717153223791284,0.3085179041857742,0.3999409454507874,2748.1675986420664,193.0,0.34,ok,
indian_pines,5,44,GS-SPFCM,,,,,0.4367194414396695,0.448337802595895,0.3467856238188397,0.4368231046931408,0.4498500226034988,3.143555642570162,15.0,0.22,ok,
indian_pines,5,44,Softmax,,,,,0.4736945619038253,0.442229152602418,0.4472354488166078,0.4775100009757049,0.4457358544404429,8.67065730984584,,8.16,ok,
indian_pines,5,44,Sr-SSFCM,0.99,4771.957916374564,48.20159511489462,0.9686347026300778,0.4733995476448028,0.4424431364853718,0.4467227815756132,0.4774124304810225,0.4459452578220237,5.435749155050593,5.0,5.45,ok,
indian_pines,5,44,Sw-SSFCM_r1,0.99,4771.957916374564,48.20159511489462,0.9754632202724444,0.5466614219687285,0.5098943113799211,0.5337156329633214,0.5502000195140989,0.5132743899718999,5.12903625933301,5.0,5.45,ok,
indian_pines,5,44,Sw-SSFCM_r2,0.99,4771.957916374564,48.20159511489462,0.9766628119519546,0.5595437112793785,0.5225186108214099,0.5443947039395737,0.5629817543174944,0.525848824586317,5.0996386963526215,5.0,5.46,ok,
indian_pines,5,45,FCM,,,,,0.3082899006785328,0.399210197321115,0.2700373766028747,0.3078349107229973,0.3991976429070053,24878025218.167316,285.0,0.12,ok,
indian_pines,5,45,FCM_S1,,,,,0.3203854852984561,0.4077352501175462,0.2678311865249295,0.3200312225582983,0.4080603594659029,1726.6733611935836,255.0,0.29,ok,
indian_pines,5,45,FCM_S2,,,,,0.3194021044350477,0.4067321964372075,0.2667801775940435,0.3189579471167919,0.4070143063774199,289613.9854917716,225.0,0.48,ok,
indian_pines,5,45,FLICM,,,,,0.3289408988101091,0.4142044836778913,0.2680460473382757,0.3289101375743975,0.4147743414584837,133.2903672804391,375.0,1.5,ok,
indian_pines,5,45,KWFLICM,,,,,0.3135018192545973,0.3572929573765604,0.1892827906395015,0.3122255829837057,0.3569785063123144,6110228710235.927,100.0,0.16,ok,
indian_pines,5,45,SSFCM,,,,,0.3078965483331694,0.3998765811132233,0.2700286030379452,0.306566494292126,0.3921956493092061,538497550755.85895,315.0,1.17,ok,
indian_pines,5,45,eSFCM,,,,,0.364637624151834,0.4409517111982584,0.3352344999873179,0.362279246755781,0.4326100427506468,0.7485587057519821,155.0,0.54,ok,
indian_pines,5,45,S3FCM,,,,,0.3046513914839217,0.4005181676597318,0.2689894854483965,0.3041272319250658,0.399559299135821,1302.090309626558,127.0,0.27,ok,
indian_pines,5,45,GS-SPFCM,,,,,0.4169534860851608,0.4490879257497698,0.3501583877514176,0.417504146746024,0.450314079539816,2.650164447335898,15.0,0.25,ok,
indian_pines,5,45,Softmax,,,,,0.4111515389910512,0.4234748090675768,0.4341469831055348,0.4157478778417406,0.4268014843084247,4.2489298583214845,,8.18,ok,
indian_pines,5,45,Sr-SSFCM,0.99,5413.630080195035,54.68313212318221,0.969947090285178,0.4114465532500737,0.4241691342969127,0.4338284275495496,0.4160405893257878,0.4274874890424455,2.5448230365621614,5.0,5.55,ok,
indian_pines,5,45,Sw-SSFCM_r1,0.99,5413.630080195035,54.68313212318221,0.976589919479001,0.4662208673419215,0.4737712280482623,0.4915512988871255,0.4702897843692067,0.4769682541537314,1.919949139189689,5.0,5.47,ok,
indian_pines,5,45,Sw-SSFCM_r2,0.99,5413.630080195035,54.68313212318221,0.9774501989425248,0.4758579998033238,0.4822469303030648,0.5041427470074482,0.4799492633427651,0.4854898984115319,1.967521855009928,5.0,5.47,ok,
indian_pines,5,46,FCM,,,,,0.3092732815419411,0.3995074805545497,0.2708687313957323,0.3092008976485511,0.4002051160499866,1201693653.2291996,265.0,0.11,ok,
indian_pines,5,46,FCM_S1,,,,,0.3202871472121152,0.4073070383300898,0.2677843795125958,0.3200312225582983,0.4080142439241886,2856.576760931104,270.0,0.3,ok,
indian_pines,5,46,FCM_S2,,,,,0.3194021044350477,0.4063088051842107,0.2672134436082979,0.3192506586008391,0.4069846060023012,44711.43933489183,190.0,0.44,ok,
indian_pines,5,46,FLICM,,,,,0.329629265414495,0.4144005465687962,0.2683467901801456,0.3290077080690799,0.4148493065508752,152.09456079489274,390.0,1.56,ok,
indian_pines,5,46,KWFLICM,,,,,0.3540171108270233,0.4097555117385726,0.2239205313863384,0.3532051907503171,0.4103502358068532,7253287866980.781,155.0,0.19,ok,
indian_pines,5,46,SSFCM,,,,,0.3074048579014652,0.3990814258481713,0.2696298879232704,0.3057859303346668,0.3926463195683524,8467756621.206639,295.0,1.1,ok,
indian_pines,5,46,eSFCM,,,,,0.3876487363555905,0.4444907947053749,0.3573586381499001,0.3846228900380525,0.4373009670162082,0.7262523213439629,90.0,0.31,ok,
indian_pines,5,46,S3FCM,,,,,0.3066181532107385,0.3956156712686812,0.2637624221336806,0.3048102253878427,0.3948593605347905,395.106322990986,169.0,0.32,ok,
indian_pines,5,46,GS-SPFCM,,,,,0.4393745697708722,0.4554045511803134,0.362092443067485,0.4401405015123427,0.4569506705369551,2.7415939263862694,14.0,0.23,ok,
indian_pines,5,46,Softmax,,,,,0.4866751893008162,0.4477043631031588,0.4849856964893775,0.49068201775783,0.4512394205710894,5.221113677781419,,8.37,ok,
indian_pines,5,46,Sr-SSFCM,0.99,4886.619768921144,49.35979564566816,0.9708748994637216,0.486183498869112,0.4472498074441581,0.4834751949915047,0.490194165284418,0.4507813955361401,3.2152412194994024,5.0,5.42,ok,
indian_pines,5,46,Sw-SSFCM_r1,0.99,4886.619768921144,49.35979564566816,0.9773213410876148,0.5670174058412824,0.5142506117927622,0.5642188260802126,0.5703971119133574,0.5176932557874951,2.9206477045250234,5.0,5.43,ok,
indian_pines,5,46,Sw-SSFCM_r2,0.99,4886.619768921144,49.35979564566816,0.9782024995347904,0.579506342806569,0.5292260798034039,0.5818461130204768,0.5827885647380232,0.5326246187898968,2.821267539717133,5.0,5.43,ok,
indian_pines,5,47,FCM,,,,,0.3076998721604878,0.3992661170146929,0.2696166253002362,0.3080300517123622,0.3999470976208596,686734721.9571276,275.0,0.11,ok,
indian_pines,5,47,FCM_S1,,,,,0.3201888091257744,0.4075874611986534,0.2675786808879783,0.3200312225582983,0.4081284245580206,4170.955468686179,275.0,0.31,ok,
indian_pines,5,47,FCM_S2,,,,,0.3189104140033434,0.4066157276257137,0.2654354346602977,0.3191530881061567,0.4069775504772407,169166.06844933017,220.0,0.48,ok,
indian_pines,5,47,FLICM,,,,,0.3287442226374275,0.4135856758977332,0.2671661637490934,0.3285198555956679,0.4139240255860599,281.8028272520632,375.0,1.5,ok,
indian_pines,5,47,KWFLICM,,,,,0.2987511063034713,0.3496333407211877,0.1685072010764566,0.2980778612547565,0.3495320239266788,4164934902136.602,85.0,0.15,ok,
indian_pines,5,47,SSFCM,,,,,0.3072081817287835,0.3991689560410957,0.2692535622452316,0.3062737828080788,0.3935798904507809,79367616.27799056,220.0,0.83,ok,
indian_pines,5,47,eSFCM,,,,,0.3522470252728882,0.4326944235716919,0.3078473410068155,0.3498877939311152,0.425151437108673,0.932007790261358,200.0,0.69,ok,
indian_pines,5,47,S3FCM,,,,,0.3115350575277805,0.3989405539438168,0.2707761102421935,0.3121280124890233,0.3988492761885051,1924.345283598532,120.0,0.26,ok,
indian_pines,5,47,GS-SPFCM,,,,,0.4124299341134821,0.4499297174350617,0.3688404806604463,0.413211044979998,0.4513318553837325,3.283098664625658,15.0,0.23,ok,
indian_pines,5,47,Softmax,,,,,0.457960468089291,0.4258815807846783,0.4451479533252115,0.4621914333105669,0.4293442927140706,4.140184883409583,,8.35,ok,
indian_pines,5,47,Sr-SSFCM,0.99,4897.178241664506,49.4664468855001,0.9677229214174892,0.4580588061756318,0.425613717484985,0.4446351027292113,0.4622890038052493,0.4290758429224532,2.5984344271609574,5.0,5.42,ok,
indian_pines,5,47,Sw-SSFCM_r1,0.99,4897.178241664506,49.4664468855001,0.9768295908538648,0.5367292752483037,0.4874468984541928,0.5398404356576169,0.5403453995511758,0.4909548616880922,1.9213719409737784,5.0,5.42,ok,
indian_pines,5,47,Sw-SSFCM_r2,0.99,4897.178241664506,49.4664468855001,0.9783867789374716,0.5531517356672239,0.4999495598324197,0.564505940677098,0.5566396721631379,0.503498106214498,2.045522939156517,5.0,5.42,ok,
indian_pines,5,48,FCM,,,,,0.3073065198151244,0.3995968962948593,0.270158578719597,0.3074446287442677,0.400197136092004,1629325230.80041,280.0,0.12,ok,
indian_pines,5,48,FCM_S1,,,,,0.3203854852984561,0.4072925511729778,0.2678387302601892,0.3202263635476632,0.408062925127192,2693.4457801031463,255.0,0.29,ok,
indian_pines,5,48,FCM_S2,,,,,0.3190087520896843,0.4062559058398738,0.2663821239919677,0.3190555176114742,0.4069687188937896,202866.6467150757,195.0,0.45,ok,
indian_pines,5,48,FLICM,,,,,0.3286458845510866,0.4131788591131506,0.2670638949670552,0.328812567079715,0.4141249298894832,153.44448753014342,350.0,1.4,ok,
indian_pines,5,48,KWFLICM,,,,,0.3393647359622381,0.3623204703631312,0.1969929402584991,0.3385696165479559,0.36232160681184,6967710087446.557,105.0,0.16,ok,
indian_pines,5,48,SSFCM,,,,,0.3072081817287835,0.3993800641459904,0.2698018007395995,0.3052980778612547,0.3909249020341442,103669000908.1662,315.0,1.16,ok,
indian_pines,5,48,eSFCM,,,,,0.3757498279083489,0.4328614376845293,0.3154896747348337,0.3728168601814811,0.4224410697860616,0.7747524931553271,95.0,0.33,ok,
indian_pines,5,48,S3FCM,,,,,0.3072081817287835,0.3990962006179807,0.2693254486897872,0.3076397697336325,0.3991681655016262,1791.105796948014,150.0,0.3,ok,
indian_pines,5,48,GS-SPFCM,,,,,0.4423247123610974,0.451402967772552,0.3771476089084911,0.4430676163528149,0.4530774403008939,3.9303378277235055,16.0,0.25,ok,
indian_pines,5,48,Softmax,,,,,0.4708427573999409,0.4580604467901564,0.4748222905521423,0.4749731681139623,0.4613623952780049,7.745803649298199,,8.2,ok,
indian_pines,5,48,Sr-SSFCM,0.99,5206.413649333054,52.59003686195009,0.9727935910038276,0.4713344478316452,0.4587881126295482,0.4751672191241278,0.4754610205873744,0.4620831009499674,4.929653991018027,5.0,5.41,ok,
indian_pines,5,48,Sw-SSFCM_r1,0.99,5206.413649333054,52.59003686195009,0.9785168672017822,0.5332874422263743,0.509011164613005,0.5388821163161621,0.5369304322372914,0.512196431913669,4.5791710003642665,5.0,5.42,ok,
indian_pines,5,48,Sw-SSFCM_r2,0.99,5206.413649333054,52.59003686195009,0.9792613993999152,0.5485298456092045,0.51944339277925,0.5585844301405143,0.5520538589130647,0.5226304272112009,4.31768401241504,5.0,5.42,ok,
indian_pines,5,49,FCM,,,,,0.3062248008653752,0.3995194194752142,0.269475072629679,0.3061762123133964,0.4002351065123611,409583070.7592673,275.0,0.11,ok,
indian_pines,5,49,FCM_S1,,,,,0.3202871472121152,0.4075697321885442,0.2679230373781669,0.3202263635476632,0.4082708659108316,4256.066112243452,285.0,0.32,ok,
indian_pines,5,49,FCM_S2,,,,,0.3191070901760252,0.4063170813038124,0.2665210856282987,0.3188603766221095,0.4069224509403268,27405.105660252106,195.0,0.45,ok,
indian_pines,5,49,FLICM,,,,,0.3284492083784049,0.4130920104249669,0.2665565946046333,0.3286174260903503,0.4138283382395107,2916.5296238052747,420.0,1.68,ok,
indian_pines,5,49,KWFLICM,,,,,0.2998328252532206,0.3554556179540195,0.1809962444530963,0.299151136696263,0.3549959742623565,8447876696504.688,105.0,0.16,ok,
indian_pines,5,49,SSFCM,,,,,0.3071098436424427,0.3989757053334054,0.2692578233088407,0.3047126548931603,0.3903557257149871,14316419542.60702,305.0,1.13,ok,
indian_pines,5,49,eSFCM,,,,,0.3622775100796538,0.4331850607286308,0.3353421944858738,0.3594497024099912,0.425453303801735,0.9131319421126256,110.0,0.39,ok,
indian_pines,5,49,S3FCM,,,,,0.309371619628282,0.4005282597151915,0.2719928844261239,0.3096887501219631,0.4002556611944269,1031.0174056239189,126.0,0.27,ok,
indian_pines,5,49,GS-SPFCM,,,,,0.392860654931655,0.4441589513247594,0.3778923023020971,0.394087228022246,0.4458972738699257,4.433400054795622,15.0,0.25,ok,
indian_pines,5,49,Softmax,,,,,0.4732028714721211,0.4536925533160275,0.4609757771924904,0.4773148599863401,0.4570010630535555,5.076886475724541,,8.19,ok,
indian_pines,5,49,Sr-SSFCM,0.99,5220.130363537232,52.72858953067915,0.9707473235328956,0.4731045333857803,0.4533724378953289,0.4604667081331346,0.4772172894916577,0.4566767530879607,3.1300985548548463,5.0,5.43,ok,
indian_pines,5,49,Sw-SSFCM_r1,0.99,5220.130363537232,52.72858953067915,0.9788275333213678,0.5361392467302586,0.5069056853301425,0.5292475350744565,0.5396624060883989,0.5101643089595391,2.2270699142804684,5.0,5.44,ok,
indian_pines,5,49,Sw-SSFCM_r2,0.99,5220.130363537232,52.72858953067915,0.9801588619457926,0.5495132264726128,0.5161777399866766,0.5421773317352049,0.552834422870524,0.5193941963863228,2.047513139719485,5.0,5.44,ok,
indian_pines,5,50,FCM,,,,,0.3131084669092339,0.4001833915313436,0.2720765090401177,0.312518294467753,0.400206304672401,3051618082.606219,280.0,0.12,ok,
indian_pines,5,50,FCM_S1,,,,,0.3208771757301603,0.407794780333136,0.2682281548340975,0.3202263635476632,0.4080615184563646,1734.6169399214016,260.0,0.29,ok,
indian_pines,5,50,FCM_S2,,,,,0.3195004425213885,0.4067894355567086,0.2668205573554215,0.3189579471167919,0.4069444696338259,1134918.2071575436,200.0,0.45,ok,
indian_pines,5,50,FLICM,,,,,0.3289408988101091,0.414371019500492,0.267322683343946,0.328812567079715,0.4148246608903888,174.50095796035822,365.0,1.46,ok,
indian_pines,5,50,KWFLICM,,,,,0.3203854852984561,0.3536410691080353,0.1614307235880826,0.3191530881061567,0.3531310746733258,7107950433343.206,105.0,0.16,ok,
indian_pines,5,50,SSFCM,,,,,0.3078965483331694,0.3995966216384374,0.2701236763473452,0.306078641818714,0.3908501551939431,4140628710.51773,270.0,1.02,ok,
indian_pines,5,50,eSFCM,,,,,0.3626708624250172,0.4393326536627925,0.3274938439159603,0.3608156893355449,0.4318210935654474,0.6933052558982736,255.0,0.88,ok,
indian_pines,5,50,S3FCM,,,,,0.3062248008653752,0.3966599372277951,0.2656414121431408,0.3050053663772075,0.3957372774021365,90.41046876887812,137.0,0.28,ok,
indian_pines,5,50,GS-SPFCM,,,,,0.3958107975218802,0.4328482318410683,0.3469352145062898,0.396233778905259,0.4341259003481613,3.0741883767939773,14.0,0.23,ok,
indian_pines,5,50,Softmax,,,,,0.4508801258727505,0.428272054660388,0.4453409606529713,0.4551663576934335,0.4317017071930342,2.52036088241078,,8.23,ok,
indian_pines,5,50,Sr-SSFCM,0.99,5507.020520297345,55.62646990199343,0.9734926180706248,0.4506834497000688,0.4286590651927812,0.4451093562668087,0.4549712167040687,0.432082235793,1.8043489857099857,5.0,5.53,ok,
indian_pines,5,50,Sw-SSFCM_r1,0.99,5507.020520297345,55.62646990199343,0.978815916285295,0.5080145540367784,0.4858787308456932,0.5242688164890804,0.5117572446092302,0.4892672791889458,1.5588836102272576,5.0,5.54,ok,
indian_pines,5,50,Sw-SSFCM_r2,0.99,5507.020520297345,55.62646990199343,0.9798318592432804,0.5200118005703609,0.5022853768287494,0.5418094820858268,0.5236608449604839,0.5055675390892878,1.6365964759050609,5.0,5.54,ok,
indian_pines,5,51,FCM,,,,,0.3065198151243977,0.3996630464302921,0.2687498504859035,0.3070543467655381,0.4004080579907145,23975981.559685983,240.0,0.1,ok,
indian_pines,5,51,FCM_S1,,,,,0.3200904710394335,0.4074847056527715,0.2674499210076451,0.3201287930529807,0.4081951539764,3567.9718424784246,295.0,0.33,ok,
indian_pines,5,51,FCM_S2,,,,,0.3189104140033434,0.4061938942738107,0.2658185412852354,0.3192506586008391,0.4069200368745189,3036705.250369417,260.0,0.51,ok,
indian_pines,5,51,FLICM,,,,,0.3289408988101091,0.4135297593348304,0.2677603066451806,0.3285198555956679,0.413779014232517,232.22910030783456,435.0,1.74,ok,
indian_pines,5,51,KWFLICM,,,,,0.3279575179467007,0.3774914336289063,0.1569371883160476,0.3268611571860669,0.3771709396272913,2880840970263.9844,65.0,0.13,ok,
indian_pines,5,51,SSFCM,,,,,0.3067164912970793,0.3990386240258834,0.2684013161621637,0.3048102253878427,0.3898037655858291,259117177014.072,330.0,1.22,ok,
indian_pines,5,51,eSFCM,,,,,0.369554528468876,0.43771029326098,0.3087492420076371,0.3666699190164894,0.4285792977526216,0.8116825285305045,180.0,0.62,ok,
indian_pines,5,51,S3FCM,,,,,0.3066181532107385,0.3981263624814244,0.2658003860130804,0.306566494292126,0.398790392832491,422.6590772688559,128.0,0.26,ok,
indian_pines,5,51,GS-SPFCM,,,,,0.4256072376831546,0.4431303267754822,0.3542643545796031,0.4270660552249,0.4450398124424618,2.66509645869769,15.0,0.24,ok,
indian_pines,5,51,Softmax,,,,,0.5060477923099617,0.4522253490211551,0.4965674242847125,0.5099034052102644,0.4558970014917304,3.9199291837684127,,8.46,ok,
indian_pines,5,51,Sr-SSFCM,0.99,4657.083366219808,47.04124612343245,0.9670828424274772,0.5060477923099617,0.4525699045849084,0.4960693989725969,0.5099034052102644,0.4562344307933887,2.8510093876742517,5.0,5.39,ok,
indian_pines,5,51,Sw-SSFCM_r1,0.99,4657.083366219808,47.04124612343245,0.974386930371506,0.5643622775100796,0.5087381444515731,0.5775067651922569,0.5677627085569323,0.5123482205771904,3.1205861159979014,5.0,5.4,ok,
indian_pines,5,51,Sw-SSFCM_r2,0.99,4657.083366219808,47.04124612343245,0.975468267955707,0.5777362572524338,0.5204013725336227,0.5897835244430744,0.5810322958337398,0.5239650121990207,3.226287501402401,5.0,5.4,ok,
indian_pines,10,42,FCM,,,,,0.3071662206363366,0.3985619649847468,0.2694609368467235,0.3074446287442677,0.400039311615701,132832873.96569549,285.0,0.12,ok,
indian_pines,10,42,FCM_S1,,,,,0.3204480126870849,0.4068521810663714,0.2679016441995253,0.3200312225582983,0.4080423078778037,1148.9299604268974,290.0,0.32,ok,
indian_pines,10,42,FCM_S2,,,,,0.32015065913371,0.4055872233196815,0.266133972896733,0.3201287930529807,0.4069595687755211,29690257.478159636,300.0,0.55,ok,
indian_pines,10,42,FLICM,,,,,0.3287739121815839,0.4134926703694337,0.2679166809383894,0.3290077080690799,0.4149647269184589,676.8681656388396,660.0,2.61,ok,
indian_pines,10,42,KWFLICM,,,,,0.3657448706512042,0.4211762947777245,0.2096579222098619,0.3638403746706996,0.4220025495118226,6698676054220.078,120.0,0.17,ok,
indian_pines,10,42,SSFCM,,,,,0.3071662206363366,0.3982964566008713,0.2684682586783512,0.3054932188506196,0.3902270493796508,521972812334.5956,345.0,1.28,ok,
indian_pines,10,42,eSFCM,,,,,0.375954009317078,0.4504114205980418,0.3638985823675598,0.3710605912771977,0.4391395089192815,0.7982221135856475,195.0,0.68,ok,
indian_pines,10,42,S3FCM,,,,,0.303697095846962,0.3972634224714811,0.2645105108233854,0.3040296614303834,0.3976884541073587,4423.037992652718,128.0,0.27,ok,
indian_pines,10,42,GS-SPFCM,,,,,0.4107443750619486,0.4507464104449571,0.3851831703905168,0.4133086154746804,0.4529534040345285,3.349204375845752,15.0,0.39,ok,
indian_pines,10,42,Softmax,,,,,0.4931113093468133,0.4651132279746817,0.497764615873646,0.5010244901941653,0.4720869976536556,4.887713833512679,,10.11,ok,
indian_pines,10,42,Sr-SSFCM,0.99,4757.921814578874,48.05981630887755,0.9634186711002916,0.4936068986024383,0.4656930612529872,0.4984550022771424,0.5015123426675773,0.4726613414540497,3.4341597252215306,5.0,7.55,ok,
indian_pines,10,42,Sw-SSFCM_r1,0.99,4757.921814578874,48.05981630887755,0.9727950326426572,0.5643770443056795,0.5293762610771923,0.5833194371610597,0.5710801053761343,0.5360454321807115,2.722859597135487,5.0,7.56,ok,
indian_pines,10,42,Sw-SSFCM_r2,0.99,4757.921814578874,48.05981630887755,0.974267747715482,0.5785508970165527,0.5413070536918161,0.6072144502494287,0.585130256610401,0.5480163935669382,2.783921240010341,5.0,7.56,ok,
indian_pines,10,43,FCM,,,,,0.3085538705520864,0.3984817404962524,0.2696901536793026,0.3084203336910918,0.3996123185814454,4280030989.611007,285.0,0.12,ok,
indian_pines,10,43,FCM_S1,,,,,0.3207453662404599,0.4070738590984557,0.2683127700660113,0.3201287930529807,0.4081193641773494,6091.742365721041,280.0,0.31,ok,
indian_pines,10,43,FCM_S2,,,,,0.3195559520269601,0.4059476464378217,0.2669060096090552,0.3189579471167919,0.4069474743346031,24254.233334471897,185.0,0.44,ok,
indian_pines,10,43,FLICM,,,,,0.3295668549905838,0.4138320779384467,0.2678355774654462,0.3290077080690799,0.41488119927594,378.4897020828116,315.0,1.26,ok,
indian_pines,10,43,KWFLICM,,,,,0.3800178412132025,0.4158258979503662,0.2330839011685066,0.3781832373890135,0.416772149366477,7856705289622.805,165.0,0.2,ok,
indian_pines,10,43,SSFCM,,,,,0.3066706313807116,0.3983608750033016,0.2681582815368312,0.3028588154941946,0.3859744907655018,15522425667.645037,275.0,1.03,ok,
indian_pines,10,43,eSFCM,,,,,0.3750619486569531,0.4312215281709325,0.3139050741333885,0.369206751878232,0.4182876507658137,0.7746167343449001,100.0,0.35,ok,
indian_pines,10,43,S3FCM,,,,,0.3057785707205868,0.3983380430489702,0.26683894206264,0.3044199434091131,0.3966453097753398,38414.94293710112,166.0,0.32,ok,
indian_pines,10,43,GS-SPFCM,,,,,0.4256120527306968,0.4448140527261268,0.3781402052042007,0.4271636257195824,0.4476897005171198,5.428403190512426,16.0,0.24,ok,
indian_pines,10,43,Softmax,,,,,0.4930121914956883,0.4632284866821315,0.5008356933510016,0.5009269196994829,0.4702011212277436,6.893757028298973,,10.12,ok,
indian_pines,10,43,Sr-SSFCM,0.99,4504.123562584052,45.49619760185914,0.9627120278043512,0.4929130736445634,0.4631346505535505,0.5004778504551171,0.5008293492048005,0.4701082006232449,4.135967349855238,5.0,7.63,ok,
indian_pines,10,43,Sw-SSFCM_r1,0.99,4504.123562584052,45.49619760185914,0.9723994937333272,0.5930221032808008,0.5405885647397697,0.6044441748229088,0.5990828373499854,0.5470161056803935,3.772882590471012,5.0,7.73,ok,
indian_pines,10,43,Sw-SSFCM_r2,0.99,4504.123562584052,45.49619760185914,0.9736128871459868,0.6063038953315492,0.5516889019719772,0.6210279405419961,0.6122548541321104,0.558183295979128,3.652549666192906,5.0,7.64,ok,
indian_pines,10,44,FCM,,,,,0.3079591634453365,0.399306619947102,0.2695492066503331,0.3075421992389501,0.4001283289339394,293363015.27884823,265.0,0.11,ok,
indian_pines,10,44,FCM_S1,,,,,0.3203488948359599,0.4069989373951048,0.2675722082697766,0.3200312225582983,0.4083322459358422,254903974.54274037,330.0,0.36,ok,
indian_pines,10,44,FCM_S2,,,,,0.3195559520269601,0.4059578565381569,0.26670961780703,0.3190555176114742,0.4069338760038933,236646.24785699908,215.0,0.47,ok,
indian_pines,10,44,FLICM,,,,,0.3288730300327089,0.4133805767986335,0.267300016126716,0.3289101375743975,0.4150384849691911,175.25549244325865,420.0,1.68,ok,
indian_pines,10,44,KWFLICM,,,,,0.327782733670334,0.3673083359719685,0.1788945228464469,0.3255927407551956,0.3665178788782575,8867922487732.814,100.0,0.15,ok,
indian_pines,10,44,SSFCM,,,,,0.3074635741897115,0.3988269783116508,0.2689014144609236,0.305590789345302,0.3862941673355047,1472457342561.9973,335.0,1.24,ok,
indian_pines,10,44,eSFCM,,,,,0.3620775101595797,0.4314736456177221,0.3304815671780284,0.3593521319153088,0.4213849915738246,0.926318230442479,65.0,0.23,ok,
indian_pines,10,44,S3FCM,,,,,0.311923877490336,0.3978569149391345,0.2688225495725857,0.3112498780368816,0.3984291345617436,65.67648754280498,149.0,0.3,ok,
indian_pines,10,44,GS-SPFCM,,,,,0.4454356229556943,0.4503092137746561,0.359838458116969,0.4464825836666992,0.452966179725482,4.631864168530946,15.0,0.23,ok,
indian_pines,10,44,Softmax,,,,,0.5056992764396868,0.468045669438384,0.5096221574390194,0.5134159430188311,0.4752444022347726,4.682092743821875,,9.69,ok,
indian_pines,10,44,Sr-SSFCM,0.99,4320.5304126607625,43.64172134000774,0.9620835672371651,0.5058975121419368,0.4684592328669741,0.5093350449682562,0.5136110840081959,0.4756426516139069,3.2818564353053823,5.0,7.56,ok,
indian_pines,10,44,Sw-SSFCM_r1,0.99,4320.5304126607625,43.64172134000774,0.970983476053786,0.5958965209634255,0.5449942784726748,0.6155259422960317,0.6020099521904576,0.5519459276911393,3.121284662111192,5.0,7.57,ok,
indian_pines,10,44,Sw-SSFCM_r2,0.99,4320.5304126607625,43.64172134000774,0.97210137561397,0.6123500842501735,0.5625397116582865,0.6425419497335574,0.6183042248024198,0.5694603262534595,3.080111704132594,5.0,7.57,ok,
indian_pines,10,45,FCM,,,,,0.3083556348498364,0.3986413494176818,0.2703772697954145,0.3078349107229973,0.3991976429070053,24878025218.167316,285.0,0.12,ok,
indian_pines,10,45,FCM_S1,,,,,0.3204480126870849,0.4073258441938332,0.2682189006394648,0.3200312225582983,0.4080603594659029,1726.6733611935836,255.0,0.29,ok,
indian_pines,10,45,FCM_S2,,,,,0.319853305580335,0.4064312453168582,0.2675796371744433,0.3189579471167919,0.4070143063774199,289613.9854917716,225.0,0.58,ok,
indian_pines,10,45,FLICM,,,,,0.3289721478838339,0.4143106291794645,0.2675641688043668,0.3289101375743975,0.4147743414584837,133.2903672804391,375.0,1.51,ok,
indian_pines,10,45,KWFLICM,,,,,0.3139062345128358,0.3581316246536196,0.1892417725509542,0.3122255829837057,0.3569785063123144,6110228710235.927,100.0,0.15,ok,
indian_pines,10,45,SSFCM,,,,,0.3077609277430865,0.3990852766451637,0.2700363136036537,0.3054932188506196,0.3869250538352848,180421436855.89316,305.0,1.14,ok,
indian_pines,10,45,eSFCM,,,,,0.35989691743483,0.4391193317349123,0.3317474596945056,0.3552541711386476,0.4263127714159546,0.7328223135103424,145.0,0.51,ok,
indian_pines,10,45,S3FCM,,,,,0.3041926851025869,0.4018870069611041,0.2690135075852846,0.3043223729144306,0.4022248523221507,343.7388558332437,142.0,0.29,ok,
indian_pines,10,45,GS-SPFCM,,,,,0.4743780354841907,0.4613617375864968,0.3662813516070582,0.4730217582203141,0.4636764790691295,2.661122105703654,15.0,0.25,ok,
indian_pines,10,45,Softmax,,,,,0.5614035087719298,0.4832719814709547,0.5460606103198407,0.5682505610303444,0.4907716182331609,4.834339939099986,,9.6,ok,
indian_pines,10,45,Sr-SSFCM,0.99,4860.7606014766525,49.098591934107645,0.9596171648423852,0.5613043909208049,0.4835490471815226,0.5460078096526624,0.568152990535662,0.4910434503908247,3.0055350979690627,5.0,7.6,ok,
indian_pines,10,45,Sw-SSFCM_r1,0.99,4860.7606014766525,49.098591934107645,0.9673692102216752,0.6371295470314203,0.5555845821699451,0.6291117444453108,0.6425992779783394,0.5625104100784382,4.000678991540894,5.0,7.61,ok,
indian_pines,10,45,Sw-SSFCM_r2,0.99,4860.7606014766525,49.098591934107645,0.969150696271227,0.6543760531271682,0.568656626745056,0.6515308608281921,0.6595765440530783,0.5755424102990397,3.920412281717333,5.0,7.61,ok,
indian_pines,10,46,FCM,,,,,0.3089503419565864,0.3984851762923684,0.269851768409542,0.3092008976485511,0.4002051160499866,1201693653.2291996,265.0,0.11,ok,
indian_pines,10,46,FCM_S1,,,,,0.319853305580335,0.4066949094024769,0.267228293264477,0.3200312225582983,0.4080142439241886,2856.576760931104,270.0,0.3,ok,
indian_pines,10,46,FCM_S2,,,,,0.3188621270690851,0.4055457851643204,0.2661008822147438,0.3192506586008391,0.4069846060023012,44711.43933489183,190.0,0.45,ok,
indian_pines,10,46,FLICM,,,,,0.3293686192883338,0.4137097533370356,0.2681259738060269,0.3290077080690799,0.4148493065508752,152.09456079489274,390.0,1.57,ok,
indian_pines,10,46,KWFLICM,,,,,0.3553374962830806,0.4091642922253787,0.2247782058609923,0.3532051907503171,0.4103502358068532,7253287866980.781,155.0,0.19,ok,
indian_pines,10,46,SSFCM,,,,,0.3061750421250867,0.398035983402923,0.2680438348451515,0.3036393794516538,0.3881960302191496,655782607.1008153,265.0,0.99,ok,
indian_pines,10,46,eSFCM,,,,,0.3871543264942016,0.4426187951796708,0.3557753687680433,0.3811103522294858,0.4313881596534077,0.7360057777427145,95.0,0.34,ok,
indian_pines,10,46,S3FCM,,,,,0.3058776885717117,0.4013464157721902,0.2681027163093786,0.3068592057761732,0.4012554547967396,27.97931887185493,225.0,0.38,ok,
indian_pines,10,46,GS-SPFCM,,,,,0.4067796610169492,0.4294358392866142,0.338553228041754,0.4075519562884184,0.43260283726793,6.656584491552942,15.0,0.24,ok,
indian_pines,10,46,Softmax,,,,,0.5302805035186837,0.4737003910731437,0.5343101587995034,0.5376134257000683,0.4811268340101516,5.999479683166486,,10.24,ok,
indian_pines,10,46,Sr-SSFCM,0.99,4408.7229709403055,44.53255526202332,0.9623772211276288,0.5308752106254336,0.4735911066186621,0.5339739874790244,0.5381988486681627,0.4810142644401632,3.667439072818951,5.0,7.59,ok,
indian_pines,10,46,Sw-SSFCM_r1,0.99,4408.7229709403055,44.53255526202332,0.969158028797158,0.6097730201209238,0.5372552178605282,0.6208977460256303,0.6156698214459947,0.5442837368717396,3.957002001789417,5.0,7.59,ok,
indian_pines,10,46,Sw-SSFCM_r2,0.99,4408.7229709403055,44.53255526202332,0.9706252447543158,0.6269204083655466,0.5521413489114849,0.6424169751140416,0.6326470875207337,0.5591462933172299,3.873507526260189,5.0,7.6,ok,
indian_pines,10,47,FCM,,,,,0.3084547527009614,0.399312854600877,0.2699693592884651,0.3080300517123622,0.3999470976208596,686734721.9571276,275.0,0.11,ok,
indian_pines,10,47,FCM_S1,,,,,0.3205471305382099,0.4071462047197955,0.2678061835669185,0.3200312225582983,0.4081284245580206,4170.955468686179,275.0,0.33,ok,
indian_pines,10,47,FCM_S2,,,,,0.319853305580335,0.4065138555751922,0.266745046318169,0.3191530881061567,0.4069775504772407,169166.06844933017,220.0,0.49,ok,
indian_pines,10,47,FLICM,,,,,0.3288730300327089,0.4129670221329693,0.2670596452307077,0.3285198555956679,0.4139240255860599,281.8028272520632,375.0,1.55,ok,
indian_pines,10,47,KWFLICM,,,,,0.2993359103974626,0.3497580482168078,0.1687865630575771,0.2980778612547565,0.3495320239266788,4164934902136.602,85.0,0.15,ok,
indian_pines,10,47,SSFCM,,,,,0.3077609277430865,0.3991620932405478,0.269112763304192,0.3059810713240316,0.3902763710011913,90331822.73007254,220.0,0.83,ok,
indian_pines,10,47,eSFCM,,,,,0.3825949053424521,0.4472576496038575,0.3660549397686023,0.3785735193677432,0.436181477570741,0.7520290582226087,230.0,0.8,ok,
indian_pines,10,47,S3FCM,,,,,0.3081573991475865,0.3987838379320435,0.2693954716662183,0.3080300517123622,0.3988773216766098,47.359774753830486,134.0,0.29,ok,
indian_pines,10,47,GS-SPFCM,,,,,0.4005352363960749,0.460250106948016,0.3469011512009868,0.4015025856181091,0.4626614557197455,3.245737198434197,14.0,0.22,ok,
indian_pines,10,47,Softmax,,,,,0.4649618396273168,0.4433226298361452,0.4891903739012898,0.4733144697043614,0.4506411936374945,3.992995230496164,,10.44,ok,
indian_pines,10,47,Sr-SSFCM,0.99,4776.793972791038,48.25044416960649,0.9613641371173992,0.4648627217761918,0.4431831260185449,0.4888504937933121,0.473216899209679,0.4504959383556697,2.645692342861512,5.0,7.59,ok,
indian_pines,10,47,Sw-SSFCM_r1,0.99,4776.793972791038,48.25044416960649,0.9692644664142516,0.5244325503023094,0.5003821203784984,0.5626002630243288,0.5318567665138062,0.5075177327427903,2.684647154509111,5.0,7.59,ok,
indian_pines,10,47,Sw-SSFCM_r2,0.99,4776.793972791038,48.25044416960649,0.9703956759352116,0.5402914064823074,0.5162522189608271,0.5910669058689721,0.5473704751683091,0.5232034407213234,2.6833750589790024,5.0,7.6,ok,
indian_pines,10,48,FCM,,,,,0.3083556348498364,0.3988769489852156,0.2704434170979775,0.3074446287442677,0.400197136092004,1629325230.80041,280.0,0.12,ok,
indian_pines,10,48,FCM_S1,,,,,0.3214391911983348,0.4070319485955117,0.2684849599371872,0.3202263635476632,0.408062925127192,2693.4457801031463,255.0,0.29,ok,
indian_pines,10,48,FCM_S2,,,,,0.32015065913371,0.4058043368758895,0.2664864712835074,0.3190555176114742,0.4069687188937896,202866.6467150757,195.0,0.45,ok,
indian_pines,10,48,FLICM,,,,,0.3286747943304589,0.4130133509614382,0.2668227843816985,0.328812567079715,0.4141249298894832,153.44448753014342,350.0,1.4,ok,
indian_pines,10,48,KWFLICM,,,,,0.3409654078699574,0.3624637948590515,0.1975477805270497,0.3385696165479559,0.36232160681184,6967710087446.557,105.0,0.16,ok,
indian_pines,10,48,SSFCM,,,,,0.3082565169987115,0.3983214084554722,0.269806169491593,0.3044199434091131,0.3848480245497013,63670432175.36773,310.0,1.15,ok,
indian_pines,10,48,eSFCM,,,,,0.3777381306373278,0.4314070472095048,0.3153305180800063,0.371841155234657,0.4148920982457988,0.78583003774039,105.0,0.37,ok,
indian_pines,10,48,S3FCM,,,,,0.3068688670829616,0.3979864626321737,0.2694670168811112,0.3056883598399844,0.3983855936158899,120.06563594533904,116.0,0.26,ok,
indian_pines,10,48,GS-SPFCM,,,,,0.3938943403707007,0.431984264582864,0.3699226341098495,0.3956483559371646,0.4348650515157587,2.606073077303836,17.0,0.27,ok,
indian_pines,10,48,Softmax,,,,,0.5127366438695609,0.473290343615128,0.5268764797751404,0.5203434481412821,0.4807072066942393,7.333966824991325,,10.87,ok,
indian_pines,10,48,Sr-SSFCM,0.99,4620.742766171063,46.674169355263295,0.962222346397206,0.512141936762811,0.4729139728087594,0.5259399157554164,0.5197580251731876,0.4803234520090128,4.217646691366897,5.0,7.55,ok,
indian_pines,10,48,Sw-SSFCM_r1,0.99,4620.742766171063,46.674169355263295,0.9705564946610252,0.5792447219744276,0.5366649255530802,0.6128416848072556,0.5857156795784955,0.5437863779950216,3.3748769123099853,5.0,7.56,ok,
indian_pines,10,48,Sw-SSFCM_r2,0.99,4620.742766171063,46.674169355263295,0.972065153315797,0.5883635642779265,0.5499100971530347,0.6253808529849261,0.594692165089277,0.5567863484706,3.340120915583404,5.0,7.56,ok,
indian_pines,10,49,FCM,,,,,0.3062741599762117,0.3992545006326384,0.268613930601179,0.3061762123133964,0.4002351065123611,409583070.7592673,275.0,0.11,ok,
indian_pines,10,49,FCM_S1,,,,,0.3215383090494598,0.4073850989818038,0.2686189463528208,0.3202263635476632,0.4082708659108316,4256.066112243452,285.0,0.31,ok,
indian_pines,10,49,FCM_S2,,,,,0.319853305580335,0.4062021215927187,0.26689636105299,0.3188603766221095,0.4069224509403268,27405.105660252106,195.0,0.46,ok,
indian_pines,10,49,FLICM,,,,,0.3294677371394588,0.4125936833928165,0.2665483655075017,0.3286174260903503,0.4138283382395107,2916.5296238052747,420.0,1.73,ok,
indian_pines,10,49,KWFLICM,,,,,0.3008226781643374,0.355298902883719,0.1812143756585574,0.299151136696263,0.3549959742623565,8447876696504.688,105.0,0.16,ok,
indian_pines,10,49,SSFCM,,,,,0.3071662206363366,0.3987802612993447,0.2683425726124152,0.3023709630207825,0.3847015016076497,415995445476.1573,345.0,1.31,ok,
indian_pines,10,49,eSFCM,,,,,0.3642581028843294,0.4327854072676671,0.3324751364563186,0.3585715679578495,0.4203566964984402,0.934671038212286,115.0,0.42,ok,
indian_pines,10,49,S3FCM,,,,,0.3059768064228367,0.3981156789939603,0.2664790111329406,0.3047126548931603,0.3969438327918687,121.8180050596126,108.0,0.27,ok,
indian_pines,10,49,GS-SPFCM,,,,,0.4152046783625731,0.437089111231109,0.3597847619570556,0.415357595863011,0.4398026777964974,6.56934349910667,16.0,0.26,ok,
indian_pines,10,49,Softmax,,,,,0.4785409852314402,0.4619250223305219,0.5053065986972465,0.4866816274758513,0.4691332454038712,6.902849919950816,,11.15,ok,
indian_pines,10,49,Sr-SSFCM,0.99,4656.32538422701,47.03358973966681,0.9605088345488344,0.4784418673803152,0.4620150757064817,0.5051296299557909,0.4865840569811689,0.4692206995120479,3.9553418830935,5.0,7.59,ok,
indian_pines,10,49,Sw-SSFCM_r1,0.99,4656.32538422701,47.03358973966681,0.9690566486192098,0.5305778570720586,0.5144056056779484,0.5809897864362082,0.5378085666894331,0.5214817431991291,2.170749656124229,5.0,7.6,ok,
indian_pines,10,49,Sw-SSFCM_r2,0.99,4656.32538422701,47.03358973966681,0.9700436873177548,0.5420755278025572,0.5260245944158237,0.6043630022566686,0.5491267440725924,0.5331201849483294,2.234801760286474,5.0,7.6,ok,
indian_pines,10,50,FCM,,,,,0.3130141738527108,0.398658582860821,0.2707274547634023,0.312518294467753,0.400206304672401,3051618082.606219,280.0,0.12,ok,
indian_pines,10,50,FCM_S1,,,,,0.3213400733472098,0.4066060539158675,0.2682274882668599,0.3202263635476632,0.4080615184563646,1734.6169399214016,260.0,0.3,ok,
indian_pines,10,50,FCM_S2,,,,,0.319853305580335,0.4055552988362637,0.2665653857433341,0.3189579471167919,0.4069444696338259,1134918.2071575436,200.0,0.46,ok,
indian_pines,10,50,FLICM,,,,,0.3295668549905838,0.4138022356696823,0.2680027126238326,0.328812567079715,0.4148246608903888,174.50095796035822,365.0,1.51,ok,
indian_pines,10,50,KWFLICM,,,,,0.3212409554960848,0.3543286878836147,0.1621139593556126,0.3191530881061567,0.3531310746733258,7107950433343.206,105.0,0.16,ok,
indian_pines,10,50,SSFCM,,,,,0.3073644563385865,0.3983198641682378,0.2684978338936306,0.305590789345302,0.384164421064004,16262176108.154526,280.0,1.07,ok,
indian_pines,10,50,eSFCM,,,,,0.3701060561007037,0.4353734936337635,0.3283125384309885,0.3653039320909357,0.4238109077933555,0.6865728398769183,130.0,0.48,ok,
indian_pines,10,50,S3FCM,,,,,0.3088512241054614,0.3972597642132944,0.2674778822719547,0.3083227631964094,0.3977446034689287,88.42174767164225,126.0,0.3,ok,
indian_pines,10,50,GS-SPFCM,,,,,0.4527703439389434,0.4644673723407077,0.3380553023041951,0.4518489608742316,0.4667934522357238,6.543127245482906,14.0,0.24,ok,
indian_pines,10,50,Softmax,,,,,0.519575775597185,0.4667108251312398,0.5303186214484639,0.5270758122743683,0.4742486026136882,12.021920730400852,,12.71,ok,
indian_pines,10,50,Sr-SSFCM,0.99,4185.204479231948,42.27479271951467,0.9565482583968568,0.5196748934483101,0.4670540760582987,0.5303394546930671,0.5271733827690507,0.4745825987551754,7.7631797988467826,5.0,7.64,ok,
indian_pines,10,50,Sw-SSFCM_r1,0.99,4185.204479231948,42.27479271951467,0.9658525552612228,0.6034294776489245,0.5362570693780714,0.6220250842355581,0.609522880281003,0.5434505948116546,5.63653917788634,5.0,7.64,ok,
indian_pines,10,50,Sw-SSFCM_r2,0.99,4185.204479231948,42.27479271951467,0.967536146246417,0.6211715730002974,0.5511034772030187,0.6445929265711838,0.6267928578397892,0.5579638857944916,6.026604723794092,5.0,7.64,ok,
indian_pines,10,51,FCM,,,,,0.3071662206363366,0.3993793571547501,0.2685659989454465,0.3070543467655381,0.4004080579907145,23975981.559685983,240.0,0.1,ok,
indian_pines,10,51,FCM_S1,,,,,0.3208444840915849,0.4072858893218071,0.2678762692797501,0.3201287930529807,0.4081951539764,3567.9718424784246,295.0,0.34,ok,
indian_pines,10,51,FCM_S2,,,,,0.31995242343146,0.4058438085531257,0.2667523672725586,0.3192506586008391,0.4069200368745189,3036705.250369417,260.0,0.56,ok,
indian_pines,10,51,FLICM,,,,,0.3284765586282089,0.4127573675081821,0.2668283117020907,0.3285198555956679,0.413779014232517,232.22910030783456,435.0,1.74,ok,
indian_pines,10,51,KWFLICM,,,,,0.3293686192883338,0.3772687250653377,0.1578761776416408,0.3268611571860669,0.3771709396272913,2880840970263.9844,65.0,0.16,ok,
indian_pines,10,51,SSFCM,,,,,0.3072653384874615,0.3986579025778753,0.2679261648217201,0.3041272319250658,0.3838364594849793,134399162816.97626,320.0,1.19,ok,
indian_pines,10,51,eSFCM,,,,,0.3707998810585786,0.4373412026785817,0.3072903335592135,0.3650112206068884,0.4224246332712776,0.8313173903526025,175.0,0.62,ok,
indian_pines,10,51,S3FCM,,,,,0.3079591634453365,0.3987311547563982,0.2670184585309108,0.308225192701727,0.3997187435946142,120.88528882914,192.0,1.05,ok,
indian_pines,10,51,GS-SPFCM,,,,,0.4096540786995738,0.4457350884092733,0.3641452828887772,0.4097960776661137,0.4481495272300752,5.101450984850215,15.0,0.23,ok,
indian_pines,10,51,Softmax,,,,,0.5007433838834374,0.451754650249383,0.5171581175436035,0.5085374182847107,0.4594595695063825,7.106673613736415,,13.39,ok,
indian_pines,10,51,Sr-SSFCM,0.99,4484.072798771194,45.2936646340525,0.9622696707995694,0.5008425017345624,0.4516968982128743,0.516873151879834,0.5086349887793931,0.4593986548981719,4.412068114601504,5.0,7.61,ok,
indian_pines,10,51,Sw-SSFCM_r1,0.99,4484.072798771194,45.2936646340525,0.9711530292838648,0.5796411933789275,0.5231099600625705,0.6101517108141294,0.586105961557225,0.5303904989214164,4.022565315911476,5.0,7.62,ok,
indian_pines,10,51,Sw-SSFCM_r2,0.99,4484.072798771194,45.2936646340525,0.972549084946667,0.5903459213004262,0.5374037260599889,0.6340900617473371,0.5966435749829252,0.5446042022231463,3.867693727236113,5.0,7.62,ok,
indian_pines,20,42,FCM,,,,,0.3075838453016417,0.3973304935272731,0.2679681258284001,0.3074446287442677,0.400039311615701,132832873.96569549,285.0,0.11,ok,
indian_pines,20,42,FCM_S1,,,,,0.3214825259341323,0.4052247032916894,0.2686817370917414,0.3200312225582983,0.4080423078778037,1148.9299604268974,290.0,0.33,ok,
indian_pines,20,42,FCM_S2,,,,,0.3208782354718501,0.4042919318510254,0.2657356154050815,0.3201287930529807,0.4069595687755211,29690257.478159636,300.0,0.56,ok,
indian_pines,20,42,FLICM,,,,,0.329539732097895,0.4126993578834693,0.268174020100367,0.3290077080690799,0.4149647269184589,676.8681656388396,660.0,2.63,ok,
indian_pines,20,42,KWFLICM,,,,,0.367811461375768,0.4214385144269447,0.2100455513316629,0.3638403746706996,0.4220025495118226,6698676054220.078,120.0,0.17,ok,
indian_pines,20,42,SSFCM,,,,,0.3068788397623124,0.3964896018528296,0.2667753604246166,0.3038345204410186,0.3856616730778532,91454353146.8718,325.0,1.2,ok,
indian_pines,20,42,eSFCM,,,,,0.3575385235169704,0.4371159483073349,0.2975329803395242,0.3483266660161967,0.4208133236366638,0.7407029243924652,85.0,0.3,ok,
indian_pines,20,42,S3FCM,,,,,0.3054688286836539,0.3997204707311924,0.2682784126042776,0.3052980778612547,0.4006172750766715,91.18375184363032,111.0,0.27,ok,
indian_pines,20,42,GS-SPFCM,,,,,0.4446570651626548,0.4475133081761782,0.3766767446505748,0.446189872182652,0.453502509385552,5.914309303744165,15.0,0.25,ok,
indian_pines,20,42,Softmax,,,,,0.5995568536609931,0.5149964470110494,0.5694166949952942,0.6120597131427457,0.5298930091918082,6.855609126970332,,13.54,ok,
indian_pines,20,42,Sr-SSFCM,0.99,4183.327470758063,42.25583303796027,0.9539884668020128,0.5995568536609931,0.5150495518563858,0.5692986041934243,0.6120597131427457,0.5299422007067132,4.824563497246852,5.0,11.81,ok,
indian_pines,20,42,Sw-SSFCM_r1,0.99,4183.327470758063,42.25583303796027,0.960087265999966,0.6920132943901702,0.6022294790443936,0.6604258385529438,0.7009464337984194,0.6149315125127073,3.585909690734097,5.0,11.82,ok,
indian_pines,20,42,Sw-SSFCM_r2,0.99,4183.327470758063,42.25583303796027,0.961777661978115,0.7014805116325914,0.6171846021871711,0.6731940548888866,0.7104107717826129,0.6296353534350867,4.147327262465887,5.0,11.82,ok,
indian_pines,20,43,FCM,,,,,0.308490280995065,0.3968183051832731,0.2680567578183694,0.3084203336910918,0.3996123185814454,4280030989.611007,285.0,0.11,ok,
indian_pines,20,43,FCM_S1,,,,,0.3218853862423205,0.4057685776147925,0.2689961639573927,0.3201287930529807,0.4081193641773494,6091.742365721041,280.0,0.34,ok,
indian_pines,20,43,FCM_S2,,,,,0.3200725148554739,0.4046404136215351,0.2652790708403189,0.3189579471167919,0.4069474743346031,24254.233334471897,185.0,0.44,ok,
indian_pines,20,43,FLICM,,,,,0.3298418773290361,0.4127991693441701,0.2678683670578327,0.3290077080690799,0.41488119927594,378.4897020828116,315.0,1.26,ok,
indian_pines,20,43,KWFLICM,,,,,0.3825158626246349,0.4152549279820768,0.2348788175304403,0.3781832373890135,0.416772149366477,7856705289622.805,165.0,0.2,ok,
indian_pines,20,43,SSFCM,,,,,0.3067781246852654,0.3966564233259494,0.2660800178380772,0.3015903990633232,0.3789383838477105,438976685257.5486,310.0,1.16,ok,
indian_pines,20,43,eSFCM,,,,,0.3733507906133548,0.430114135691174,0.3086396406204266,0.3616938237876866,0.411352519297715,0.8179693940115571,130.0,0.46,ok,
indian_pines,20,43,S3FCM,,,,,0.3052673985295598,0.3982170625486729,0.2681994917252455,0.3044199434091131,0.3995232722482625,390.6441075892912,128.0,0.28,ok,
indian_pines,20,43,GS-SPFCM,,,,,0.406486050961829,0.43637855189511,0.3588045043298746,0.4101863596448434,0.4423707782553254,5.232738619928347,16.0,0.24,ok,
indian_pines,20,43,Softmax,,,,,0.5501057508308994,0.4874847989445424,0.5169350262597452,0.5641526002536833,0.5022010156555551,7.276776072997686,,13.43,ok,
indian_pines,20,43,Sr-SSFCM,0.99,4159.569156461861,42.01585006527136,0.9563611361384372,0.5500050357538524,0.4872856510355401,0.5168032640277043,0.5640550297590009,0.5019914892155107,5.490504208207198,5.0,11.8,ok,
indian_pines,20,43,Sw-SSFCM_r1,0.99,4159.569156461861,42.01585006527136,0.9651100689483028,0.6419579010977944,0.5738229360426127,0.600312442420387,0.6523563274465801,0.5867765030020584,3.9670867368960816,5.0,11.81,ok,
indian_pines,20,43,Sw-SSFCM_r2,0.99,4159.569156461861,42.01585006527136,0.9665703544493276,0.6559572968073321,0.590290345169377,0.6173848482148333,0.6658210557127525,0.6030826127499829,4.228293215082068,5.0,11.81,ok,
indian_pines,20,44,FCM,,,,,0.3071809849934535,0.3979492164002707,0.2668520195310542,0.3075421992389501,0.4001283289339394,293363015.27884823,265.0,0.1,ok,
indian_pines,20,44,FCM_S1,,,,,0.3211803807029912,0.4061103262923373,0.2680071429568028,0.3200312225582983,0.4083322459358422,254903974.54274037,330.0,0.41,ok,
indian_pines,20,44,FCM_S2,,,,,0.3196696545472857,0.4048034212919091,0.2648693220912936,0.3190555176114742,0.4069338760038933,236646.24785699908,215.0,0.46,ok,
indian_pines,20,44,FLICM,,,,,0.3306475979454124,0.413154518589173,0.2687392145686083,0.3289101375743975,0.4150384849691911,175.25549244325865,420.0,1.69,ok,
indian_pines,20,44,KWFLICM,,,,,0.329640447174942,0.3673132619592169,0.1753429226333874,0.3255927407551956,0.3665178788782575,8867922487732.814,100.0,0.15,ok,
indian_pines,20,44,SSFCM,,,,,0.3068788397623124,0.3975943030113114,0.2658905386821598,0.3040296614303834,0.3794432156922881,1008274136170280.0,395.0,1.46,ok,
indian_pines,20,44,eSFCM,,,,,0.3632792829086514,0.4289158879677044,0.3288753104733405,0.3558395941067421,0.4149863410448636,0.9498307471921992,165.0,0.57,ok,
indian_pines,20,44,S3FCM,,,,,0.3067781246852654,0.4022691768006377,0.2689308527396994,0.3076397697336325,0.402929868881664,81.62886575940698,103.0,0.24,ok,
indian_pines,20,44,GS-SPFCM,,,,,0.4268304965253298,0.4467512959153691,0.332570271580124,0.4251146453312518,0.4512606952897064,4.484122048153365,15.0,0.23,ok,
indian_pines,20,44,Softmax,,,,,0.6057004733608621,0.5234583682113595,0.5861976158882487,0.6178163723290077,0.5384054614699538,4.597293770830909,,13.46,ok,
indian_pines,20,44,Sr-SSFCM,0.99,4110.226819787185,41.517442624113016,0.9559922806963906,0.6052976130526739,0.5234421055218368,0.5859810199170739,0.6174260903502781,0.5383696298396782,3.064532767588348,5.0,11.85,ok,
indian_pines,20,44,Sw-SSFCM_r1,0.99,4110.226819787185,41.517442624113016,0.963563699503785,0.6959411823950046,0.6064950904201245,0.6661997180835522,0.704458971606986,0.6191591676951594,2.348592980651167,5.0,11.86,ok,
indian_pines,20,44,Sw-SSFCM_r2,0.99,4110.226819787185,41.517442624113016,0.9647841168294524,0.7108470137979656,0.6208284416593675,0.6838598048942761,0.7190945458093473,0.6334313784055488,2.249244186411547,5.0,11.86,ok,
indian_pines,20,45,FCM,,,,,0.3067781246852654,0.3961207872126919,0.2660041638495337,0.3078349107229973,0.3991976429070053,24878025218.167316,285.0,0.14,ok,
indian_pines,20,45,FCM_S1,,,,,0.3201732299325209,0.4054833071164546,0.2671713643738059,0.3200312225582983,0.4080603594659029,1726.6733611935836,255.0,0.31,ok,
indian_pines,20,45,FCM_S2,,,,,0.3186625037768154,0.4045234348941662,0.2644216015579128,0.3189579471167919,0.4070143063774199,289613.9854917716,225.0,0.48,ok,
indian_pines,20,45,FLICM,,,,,0.329539732097895,0.4128422505329774,0.2677593157686269,0.3289101375743975,0.4147743414584837,133.2903672804391,375.0,1.5,ok,
indian_pines,20,45,KWFLICM,,,,,0.3152381911572162,0.3581402779941967,0.1891167794980411,0.3122255829837057,0.3569785063123144,6110228710235.927,100.0,0.16,ok,
indian_pines,20,45,SSFCM,,,,,0.3062745493000302,0.3964882346838359,0.2650339870249347,0.3015903990633232,0.3788849773999867,1326792196450.1455,325.0,1.2,ok,
indian_pines,20,45,eSFCM,,,,,0.3614664115218048,0.4349656461898081,0.323072405033465,0.3521319153088106,0.4177238389463364,0.8436929760347923,200.0,0.69,ok,
indian_pines,20,45,S3FCM,,,,,0.3196696545472857,0.4015049279504293,0.2735060402727144,0.3193482290955215,0.4025866934504223,169742.0614276883,106.0,0.25,ok,
indian_pines,20,45,GS-SPFCM,,,,,0.3842280189344345,0.4338145479838948,0.3244621518586542,0.3832569031124987,0.439599196279672,17.610640452756748,15.0,0.25,ok,
indian_pines,20,45,Softmax,,,,,0.5188840769463189,0.4821002803817046,0.5094814374722288,0.5280515172211923,0.4965889095788757,7.128426354735075,,13.48,ok,
indian_pines,20,45,Sr-SSFCM,0.99,4003.6083097592887,40.44048797736659,0.9490956142467584,0.5189847920233659,0.4821929233715761,0.5095655849465237,0.5281490877158748,0.4966758026279602,5.09650295596785,5.0,11.86,ok,
indian_pines,20,45,Sw-SSFCM_r1,0.99,4003.6083097592887,40.44048797736659,0.9585809173482204,0.5926075133447477,0.5580514579041412,0.590128057460268,0.5996682603180798,0.5712775406356981,5.422401646875014,5.0,12.0,ok,
indian_pines,20,45,Sw-SSFCM_r2,0.99,4003.6083097592887,40.44048797736659,0.9601623684482222,0.6076140598247558,0.5737633122655867,0.6072312172816727,0.614303834520441,0.5868488291632191,4.823629506579384,5.0,11.87,ok,
indian_pines,20,46,FCM,,,,,0.3097995769966764,0.3978155811093595,0.2689125067156067,0.3092008976485511,0.4002051160499866,1201693653.2291996,265.0,0.15,ok,
indian_pines,20,46,FCM_S1,,,,,0.3214825259341323,0.4057040771502647,0.268495377708095,0.3200312225582983,0.4080142439241886,2856.576760931104,270.0,0.32,ok,
indian_pines,20,46,FCM_S2,,,,,0.3208782354718501,0.4052502539082904,0.2665580971091887,0.3192506586008391,0.4069846060023012,44711.43933489183,190.0,0.43,ok,
indian_pines,20,46,FLICM,,,,,0.3300433074831302,0.4135821578548133,0.2686998441014651,0.3290077080690799,0.4148493065508752,152.09456079489274,390.0,1.5,ok,
indian_pines,20,46,KWFLICM,,,,,0.3570349481317353,0.4090542495062231,0.2260451998087698,0.3532051907503171,0.4103502358068532,7253287866980.781,155.0,0.19,ok,
indian_pines,20,46,SSFCM,,,,,0.3066774096082184,0.3970330488731922,0.2660753392664809,0.3022733925261001,0.3839561100873187,332905478834.72266,335.0,1.23,ok,
indian_pines,20,46,eSFCM,,,,,0.3844294490885285,0.4399772579511365,0.3495716754656668,0.3733047126548932,0.4246923078024252,0.7886152274046512,130.0,0.45,ok,
indian_pines,20,46,S3FCM,,,,,0.3064759794541243,0.400887076782525,0.2686754887029466,0.3059810713240316,0.4016530531669859,94.06861583993468,209.0,0.35,ok,
indian_pines,20,46,GS-SPFCM,,,,,0.4134353912780743,0.4379343455404038,0.3638361827368827,0.4146746024002342,0.443462327950929,7.771283887271959,15.0,0.24,ok,
indian_pines,20,46,Softmax,,,,,0.5889817705710545,0.5096773711494765,0.528059065823932,0.6018148112010928,0.5241644431719299,14.342133091668474,,13.61,ok,
indian_pines,20,46,Sr-SSFCM,0.99,4064.91476387397,41.059745089636095,0.950248586929446,0.5893846308792426,0.5103664304158367,0.5282087882201518,0.6022050931798224,0.5247996211592872,8.6762331529229,5.0,11.83,ok,
indian_pines,20,46,Sw-SSFCM_r1,0.99,4064.91476387397,41.059745089636095,0.9573203556649276,0.6736831503676101,0.5891664488795386,0.6130526171218695,0.6829934627768562,0.6020955298942728,7.389711408467106,5.0,11.84,ok,
indian_pines,20,46,Sw-SSFCM_r2,0.99,4064.91476387397,41.059745089636095,0.9590620535282188,0.6880854063853359,0.6053458112037516,0.6259664358992311,0.6972387550004878,0.6181407587420993,7.320879162275442,5.0,11.84,ok,
indian_pines,20,47,FCM,,,,,0.3080874206868768,0.3975975981222112,0.2674167758790311,0.3080300517123622,0.3999470976208596,686734721.9571276,275.0,0.11,ok,
indian_pines,20,47,FCM_S1,,,,,0.3212810957800383,0.4061517975045217,0.268220419881257,0.3200312225582983,0.4081284245580206,4170.955468686179,275.0,0.3,ok,
indian_pines,20,47,FCM_S2,,,,,0.3202739450095679,0.4050668278708417,0.2656087999891707,0.3191530881061567,0.4069775504772407,169166.06844933017,220.0,0.47,ok,
indian_pines,20,47,FLICM,,,,,0.3298418773290361,0.4119197764367988,0.2675014612194996,0.3285198555956679,0.4139240255860599,281.8028272520632,375.0,1.48,ok,
indian_pines,20,47,KWFLICM,,,,,0.3008359351394903,0.3507939906554822,0.1690238607036093,0.2980778612547565,0.3495320239266788,4164934902136.602,85.0,0.14,ok,
indian_pines,20,47,SSFCM,,,,,0.3061738342229831,0.3966489565513112,0.2652986678800212,0.3052980778612547,0.3844756388657412,100278872.39431836,225.0,0.83,ok,
indian_pines,20,47,eSFCM,,,,,0.3815087118541646,0.4455997978203507,0.3613376838960888,0.3749634110644941,0.4288019722611459,0.7816566233200586,175.0,0.6,ok,
indian_pines,20,47,S3FCM,,,,,0.3042602477590895,0.3968996125121138,0.2643194548377089,0.3024685335154649,0.3989582136326348,17.292341068852128,235.0,0.38,ok,
indian_pines,20,47,GS-SPFCM,,,,,0.406486050961829,0.4374015031370944,0.3404974228673569,0.4044297004585813,0.4413375198521969,15.363413990178383,15.0,0.23,ok,
indian_pines,20,47,Softmax,,,,,0.5966361164266291,0.5251345859301846,0.5737519479701513,0.6092301687969558,0.539787011788693,5.439858660695522,,13.37,ok,
indian_pines,20,47,Sr-SSFCM,0.99,4276.512162041214,43.19709254587088,0.9522189769712902,0.5967368315036761,0.5255083793473415,0.5730366884017523,0.6093277392916382,0.5401326923895929,4.046748751311623,5.0,11.8,ok,
indian_pines,20,47,Sw-SSFCM_r1,0.99,4276.512162041214,43.19709254587088,0.9569627652463766,0.6709638432873402,0.6028695878112641,0.6830740443319847,0.6807493413991609,0.6162691752527724,3.522236242241572,5.0,11.81,ok,
indian_pines,20,47,Sw-SSFCM_r2,0.99,4276.512162041214,43.19709254587088,0.9578143890417418,0.6836539429952664,0.6158159159413997,0.6948440095574421,0.6931407942238267,0.6292150698315128,3.31101211761286,5.0,11.81,ok,
indian_pines,20,48,FCM,,,,,0.3066774096082184,0.3974943674947547,0.2667787743054469,0.3074446287442677,0.400197136092004,1629325230.80041,280.0,0.11,ok,
indian_pines,20,48,FCM_S1,,,,,0.3211803807029912,0.4054722281993485,0.267999548145097,0.3202263635476632,0.408062925127192,2693.4457801031463,255.0,0.28,ok,
indian_pines,20,48,FCM_S2,,,,,0.3192667942390976,0.4047582204479327,0.2644913082583852,0.3190555176114742,0.4069687188937896,202866.6467150757,195.0,0.44,ok,
indian_pines,20,48,FLICM,,,,,0.3291368717897069,0.4119325290470685,0.2677085602690293,0.328812567079715,0.4141249298894832,153.44448753014342,350.0,1.52,ok,
indian_pines,20,48,KWFLICM,,,,,0.3431362674992446,0.3630500555943612,0.198265115074062,0.3385696165479559,0.36232160681184,6967710087446.557,105.0,0.16,ok,
indian_pines,20,48,SSFCM,,,,,0.3054688286836539,0.39674212036479,0.2652522412881699,0.298663284222851,0.3772169272899542,3564612643663.0127,350.0,1.28,ok,
indian_pines,20,48,eSFCM,,,,,0.3813072817000705,0.428539551535631,0.3087937741203204,0.3705727388037857,0.4054376569992327,0.848586829232107,160.0,0.55,ok,
indian_pines,20,48,S3FCM,,,,,0.3096988619196293,0.3980469680275907,0.2689347900656168,0.3105668845741048,0.4003179783641498,129.30123780628384,149.0,0.29,ok,
indian_pines,20,48,GS-SPFCM,,,,,0.4116225198912277,0.4408436262310545,0.3682641026176531,0.4126256220119036,0.4468488232024815,5.979311163290248,15.0,0.24,ok,
indian_pines,20,48,Softmax,,,,,0.5973411219659583,0.5169920569393677,0.5800256914672794,0.6099131622597327,0.53195810000158,9.282557571280428,,13.37,ok,
indian_pines,20,48,Sr-SSFCM,0.99,4051.8704176157935,40.92798401632119,0.9515884256906896,0.5980461275052875,0.5176870842151831,0.5812597525849628,0.6105961557225095,0.5326545223091901,4.382190135215096,5.0,11.84,ok,
indian_pines,20,48,Sw-SSFCM_r1,0.99,4051.8704176157935,40.92798401632119,0.9589474934988936,0.6850639540739248,0.5963347548674349,0.6686258328546797,0.6941164991706508,0.6088546317980719,3.738468824405172,5.0,11.85,ok,
indian_pines,20,48,Sw-SSFCM_r2,0.99,4051.8704176157935,40.92798401632119,0.9606482042846098,0.6982576291670863,0.6074570562831694,0.6803768749889081,0.7069958044687287,0.6202821584409391,4.060170850890797,5.0,11.85,ok,
indian_pines,20,49,FCM,,,,,0.3058716889918421,0.3972299307712736,0.2666968076858524,0.3061762123133964,0.4002351065123611,409583070.7592673,275.0,0.11,ok,
indian_pines,20,49,FCM_S1,,,,,0.3213818108570853,0.4050522218428403,0.268522406289164,0.3202263635476632,0.4082708659108316,4256.066112243452,285.0,0.31,ok,
indian_pines,20,49,FCM_S2,,,,,0.3194682243931916,0.4038755098860956,0.2652299692193739,0.3188603766221095,0.4069224509403268,27405.105660252106,195.0,0.44,ok,
indian_pines,20,49,FLICM,,,,,0.3291368717897069,0.4110089941232124,0.2668051269229183,0.3286174260903503,0.4138283382395107,2916.5296238052747,420.0,1.66,ok,
indian_pines,20,49,KWFLICM,,,,,0.3026488065263369,0.3554139486583015,0.1837060772248571,0.299151136696263,0.3549959742623565,8447876696504.688,105.0,0.26,ok,
indian_pines,20,49,SSFCM,,,,,0.3065766945311713,0.3964922280181318,0.2662320476279519,0.2999317006537223,0.3763060327553357,383815207338.31024,335.0,1.45,ok,
indian_pines,20,49,eSFCM,,,,,0.3641857186020747,0.4306557529064758,0.3279411759551648,0.354376036686506,0.4128561904063509,0.9817156583656386,140.0,0.58,ok,
indian_pines,20,49,S3FCM,,,,,0.3110081579212408,0.3981161708149718,0.2700989300512578,0.3106644550687872,0.4001965876931786,46.411508424836256,125.0,0.28,ok,
indian_pines,20,49,GS-SPFCM,,,,,0.412528955584651,0.4335168926621765,0.3487726987417939,0.4137964679480925,0.4401372474422166,11.827147409968028,16.0,0.28,ok,
indian_pines,20,49,Softmax,,,,,0.6049954678215329,0.5349181744669596,0.5791456382105309,0.6173285198555957,0.5492876140061944,11.971843107118618,,13.47,ok,
indian_pines,20,49,Sr-SSFCM,0.99,4264.5068194264,43.07582645885255,0.9530505349392382,0.6058011884379092,0.5353520787980106,0.5799586185410841,0.618109083813055,0.5497227736665985,7.770065990388284,5.0,11.79,ok,
indian_pines,20,49,Sw-SSFCM_r1,0.99,4264.5068194264,43.07582645885255,0.9590085219243936,0.6894954174639943,0.6195357378133971,0.6805692709183839,0.6989950239047712,0.632531484807283,7.562020696442166,5.0,11.79,ok,
indian_pines,20,49,Sw-SSFCM_r2,0.99,4264.5068194264,43.07582645885255,0.960573806074542,0.6966461879343337,0.6316883425820491,0.6896305125066196,0.7059225290272222,0.6444204066723497,7.129218610763324,5.0,11.79,ok,
indian_pines,20,50,FCM,,,,,0.3133246046933226,0.3979022371496804,0.2691756032151083,0.312518294467753,0.400206304672401,3051618082.606219,280.0,0.11,ok,
indian_pines,20,50,FCM_S1,,,,,0.3215832410111793,0.4058880033369711,0.2680738317163735,0.3202263635476632,0.4080615184563646,1734.6169399214016,260.0,0.28,ok,
indian_pines,20,50,FCM_S2,,,,,0.3198710847013798,0.4048121210948424,0.2651294636246015,0.3189579471167919,0.4069444696338259,1134918.2071575436,200.0,0.45,ok,
indian_pines,20,50,FLICM,,,,,0.3300433074831302,0.4127019469934239,0.2680229462049581,0.328812567079715,0.4148246608903888,174.50095796035822,365.0,1.45,ok,
indian_pines,20,50,KWFLICM,,,,,0.3249068385537315,0.3548478406503771,0.158532972836398,0.3191530881061567,0.3531310746733258,7107950433343.206,105.0,0.16,ok,
indian_pines,20,50,SSFCM,,,,,0.3074831302245946,0.3971504183744267,0.2662875610124731,0.3053956483559372,0.3766701619660147,23685561034.981068,285.0,1.05,ok,
indian_pines,20,50,eSFCM,,,,,0.3701279081478497,0.4335761318066409,0.3258545742735989,0.3621816762610986,0.4176975270930083,0.7215777832523927,100.0,0.35,ok,
indian_pines,20,50,S3FCM,,,,,0.3041595326820425,0.3981702230049682,0.2646560508260704,0.3066640647868084,0.4002889527906315,1075.0167949038232,140.0,0.28,ok,
indian_pines,20,50,GS-SPFCM,,,,,0.4293483734515056,0.4432550585624201,0.3365322643525247,0.4293101766025953,0.4485025888277987,11.87788085575089,15.0,0.24,ok,
indian_pines,20,50,Softmax,,,,,0.5746802296303757,0.5125956263393951,0.5793329057356469,0.5878622304615084,0.5279430975373307,10.028842127128076,,13.48,ok,
indian_pines,20,50,Sr-SSFCM,0.99,4137.670238001057,41.79464886869759,0.9536669474286196,0.5758888105549401,0.5137864199140079,0.58026257810058,0.5890330763976973,0.5291017502597973,7.045429617442975,5.0,11.87,ok,
indian_pines,20,50,Sw-SSFCM_r1,0.99,4137.670238001057,41.79464886869759,0.9615993455330188,0.6554537214220969,0.588753654137603,0.6663761169726015,0.6656259147233876,0.6024235955551454,5.74626568158264,5.0,11.88,ok,
indian_pines,20,50,Sw-SSFCM_r2,0.99,4137.670238001057,41.79464886869759,0.9629388584677336,0.6736831503676101,0.6067523928179152,0.6801651463017695,0.6835788857449507,0.6202699356424752,5.385477408570851,5.0,11.88,ok,
indian_pines,20,51,FCM,,,,,0.3065766945311713,0.3975714843956962,0.266339377623375,0.3070543467655381,0.4004080579907145,23975981.559685983,240.0,0.1,ok,
indian_pines,20,51,FCM_S1,,,,,0.3212810957800383,0.4054594818161396,0.2679516069828723,0.3201287930529807,0.4081951539764,3567.9718424784246,295.0,0.32,ok,
indian_pines,20,51,FCM_S2,,,,,0.3196696545472857,0.4041179101788455,0.2647090969661476,0.3192506586008391,0.4069200368745189,3036705.250369417,260.0,0.51,ok,
indian_pines,20,51,FLICM,,,,,0.329439017020848,0.4118343594347598,0.2680074721692818,0.3285198555956679,0.413779014232517,232.22910030783456,435.0,1.72,ok,
indian_pines,20,51,KWFLICM,,,,,0.3315540336388357,0.3793806592450449,0.1680694753451218,0.3268611571860669,0.3771709396272913,2880840970263.9844,65.0,0.13,ok,
indian_pines,20,51,SSFCM,,,,,0.3064759794541243,0.3967234037224289,0.2653723946734737,0.301785540052688,0.3748934905423577,7389631892787.778,380.0,1.39,ok,
indian_pines,20,51,eSFCM,,,,,0.373955081075637,0.4390108102717058,0.3099791992356242,0.3636452336813348,0.4176263497000073,0.7757696997185582,120.0,0.42,ok,
indian_pines,20,51,S3FCM,,,,,0.3219861013193675,0.3974695401438918,0.2729470121669044,0.3222753439359938,0.3997025284167472,4943.978041836693,161.0,0.29,ok,
indian_pines,20,51,GS-SPFCM,,,,,0.4589586061033336,0.4491601876050948,0.3583444970026914,0.4583861840179529,0.4541200690712841,8.963591636301421,14.0,0.22,ok,
indian_pines,20,51,Softmax,,,,,0.602578305972404,0.523045342269774,0.5480250287329197,0.6148892574885355,0.5371435679284238,5.42083724803968,,13.48,ok,
indian_pines,20,51,Sr-SSFCM,0.99,4329.245646830097,43.72975400838485,0.9524894584719112,0.6038876019740155,0.5241171980786231,0.5492746711116764,0.6161576739194068,0.53819771655982,3.7862371410074256,5.0,11.78,ok,
indian_pines,20,51,Sw-SSFCM_r1,0.99,4329.245646830097,43.72975400838485,0.9587076124111662,0.6971497633195689,0.6180763656123756,0.6505646119673977,0.7064103815006342,0.630533969282184,3.27368755841566,5.0,11.78,ok,
indian_pines,20,51,Sw-SSFCM_r2,0.99,4329.245646830097,43.72975400838485,0.9604379440326029,0.709134857488166,0.6344667434043384,0.6754845430904401,0.7179236998731584,0.6466818817297852,3.415291292442193,5.0,11.78,ok,
indian_pines,40,42,FCM,,,,,0.3060885800228192,0.396415908960441,0.2668848388633472,0.3074446287442677,0.400039311615701,132832873.96569549,285.0,0.12,ok,
indian_pines,40,42,FCM_S1,,,,,0.319987553158386,0.404370055390393,0.2663318806278323,0.3200312225582983,0.4080423078778037,1148.9299604268974,290.0,0.32,ok,
indian_pines,40,42,FCM_S2,,,,,0.3204024478788507,0.4038984591051116,0.2648316775944049,0.3201287930529807,0.4069595687755211,29690257.478159636,300.0,0.55,ok,
indian_pines,40,42,FLICM,,,,,0.3301524738097707,0.4124987888050856,0.2677766916935327,0.3290077080690799,0.4149647269184589,676.8681656388396,660.0,2.58,ok,
indian_pines,40,42,KWFLICM,,,,,0.3718493932164713,0.4215245432340915,0.2134654778055759,0.3638403746706996,0.4220025495118226,6698676054220.078,120.0,0.17,ok,
indian_pines,40,42,SSFCM,,,,,0.3050513432216575,0.3951937313523516,0.2647486939392899,0.3024685335154649,0.3829135185362683,7809235056.512631,285.0,1.04,ok,
indian_pines,40,42,eSFCM,,,,,0.3812882481070428,0.4443234681818394,0.3634264333153347,0.3625719582398283,0.4281827871346121,1.0148861884110896,210.0,0.72,ok,
indian_pines,40,42,S3FCM,,,,,0.3050513432216575,0.3946808751938373,0.2630069989890253,0.3049077958825251,0.4001759121761334,25.1069914704558,138.0,0.28,ok,
indian_pines,40,42,GS-SPFCM,,,,,0.4497458769837154,0.4464800318232808,0.3500809133432969,0.4483364230656649,0.4554507590784902,8.490318052839845,15.0,0.24,ok,
indian_pines,40,42,Softmax,,,,,0.6756560522767348,0.5742493060940725,0.584095311137095,0.6943116401600156,0.5994611732691535,10.194740802068434,,23.02,ok,
indian_pines,40,42,Sr-SSFCM,0.99,3916.9609593779114,39.565262215938525,0.9397896517121092,0.6755523285966186,0.5741749359706726,0.5841580217811642,0.6942140696653332,0.5993916652354184,7.742408832225722,5.0,21.81,ok,
indian_pines,40,42,Sw-SSFCM_r1,0.99,3916.9609593779114,39.565262215938525,0.9447033563960638,0.7637174566953635,0.6720293469844834,0.6643137995689288,0.7762708556932384,0.691958425070307,8.937189180226289,5.0,21.81,ok,
indian_pines,40,42,Sw-SSFCM_r2,0.99,3916.9609593779114,39.565262215938525,0.9456499309926176,0.7768903640701172,0.6894826423248923,0.680289193386489,0.7887598790125866,0.7089145365003807,8.967265123470641,5.0,21.82,ok,
indian_pines,40,43,FCM,,,,,0.3086816720257235,0.3954592281411392,0.2678896880109903,0.3084203336910918,0.3996123185814454,4280030989.611007,285.0,0.12,ok,
indian_pines,40,43,FCM_S1,,,,,0.3214396846800124,0.4039807784133293,0.2679817837051421,0.3201287930529807,0.4081193641773494,6091.742365721041,280.0,0.31,ok,
indian_pines,40,43,FCM_S2,,,,,0.3204024478788507,0.4033130915754436,0.265477492613653,0.3189579471167919,0.4069474743346031,24254.233334471897,185.0,0.43,ok,
indian_pines,40,43,FLICM,,,,,0.3299450264495384,0.410612209617428,0.2677130399496759,0.3290077080690799,0.41488119927594,378.4897020828116,315.0,1.25,ok,
indian_pines,40,43,KWFLICM,,,,,0.3845036821906441,0.4140653337308478,0.2371553544782735,0.3781832373890135,0.416772149366477,7856705289622.805,165.0,0.2,ok,
indian_pines,40,43,SSFCM,,,,,0.3067109221035162,0.3951048500422799,0.2647602320081583,0.2973948677919797,0.3707039290228231,2399756517487.4624,305.0,1.13,ok,
indian_pines,40,43,eSFCM,,,,,0.3668706565708951,0.4262594338833662,0.2966002121595332,0.3542784661918235,0.4021698473470273,1.4187275399062274,100.0,0.35,ok,
indian_pines,40,43,S3FCM,,,,,0.3095114614666528,0.4002730686600148,0.2693087430209887,0.3208117865157576,0.4057950235110767,6.170298001718192,122.0,0.26,ok,
indian_pines,40,43,GS-SPFCM,,,,,0.421533035992117,0.4417804258811476,0.3305627066310393,0.4213093960386379,0.4502039942186904,4.925469976657731,15.0,0.23,ok,
indian_pines,40,43,Softmax,,,,,0.6495176848874598,0.5601124219878562,0.5790472111787133,0.6698214459947311,0.5863130849470763,7.872390352188757,,22.7,ok,
indian_pines,40,43,Sr-SSFCM,0.99,4068.2582284032246,41.093517458618464,0.9410236934486914,0.6498288559278084,0.560211434250462,0.5794199411042977,0.6701141574787784,0.5864196355820913,5.243459150097275,5.0,21.93,ok,
indian_pines,40,43,Sw-SSFCM_r1,0.99,4068.2582284032246,41.093517458618464,0.9472969696863052,0.7338450368219065,0.6511831468503525,0.661292255478235,0.7478778417406576,0.6723551653341892,5.829771909091402,5.0,21.94,ok,
indian_pines,40,43,Sw-SSFCM_r2,0.99,4068.2582284032246,41.093517458618464,0.948797385016543,0.7499222072399129,0.6712991610761964,0.6761875427669325,0.7636842618792077,0.6920101485240826,5.978772573055911,5.0,21.94,ok,
indian_pines,40,44,FCM,,,,,0.3083705009853749,0.3955806335356263,0.2676394228084375,0.3075421992389501,0.4001283289339394,293363015.27884823,265.0,0.21,ok,
indian_pines,40,44,FCM_S1,,,,,0.3220620267607095,0.40392733316302,0.2686951498286061,0.3200312225582983,0.4083322459358422,254903974.54274037,330.0,0.31,ok,
indian_pines,40,44,FCM_S2,,,,,0.3215434083601286,0.4031775314110876,0.2664035294844513,0.3190555176114742,0.4069338760038933,236646.24785699908,215.0,0.44,ok,
indian_pines,40,44,FLICM,,,,,0.3298413027694222,0.4105635307395642,0.2679440648991012,0.3289101375743975,0.4150384849691911,175.25549244325865,420.0,1.86,ok,
indian_pines,40,44,KWFLICM,,,,,0.3338865262939529,0.3690355098149004,0.176265546018067,0.3255927407551956,0.3665178788782575,8867922487732.814,100.0,0.19,ok,
indian_pines,40,44,SSFCM,,,,,0.3060885800228192,0.3933396453275524,0.2644368795002685,0.3026636745048297,0.3696037108919565,485249696205.2028,330.0,1.21,ok,
indian_pines,40,44,eSFCM,,,,,0.3706047090550772,0.4239170442959297,0.3207907998769606,0.3567177285588838,0.4070965552252855,1.018156293130804,160.0,0.56,ok,
indian_pines,40,44,S3FCM,,,,,0.3123120008297894,0.3994387711714361,0.2723070858137126,0.3147624158454483,0.4067812246453503,7.288550207159251,144.0,0.28,ok,
indian_pines,40,44,GS-SPFCM,,,,,0.4056633129343429,0.4291738324791512,0.3340928890689274,0.4088203727192896,0.4396369695262148,5.239452395600576,15.0,0.22,ok,
indian_pines,40,44,Softmax,,,,,0.6484804480862981,0.5480452753973993,0.5666264320381145,0.6688457410479071,0.5748347156016762,9.193957863235472,,22.89,ok,
indian_pines,40,44,Sr-SSFCM,0.99,4154.630565334557,41.9659653064097,0.9467445094852828,0.6487916191266466,0.5479034494891537,0.5670832680760107,0.6692360230266368,0.5749031676462144,6.296464221092905,5.0,21.91,ok,
indian_pines,40,44,Sw-SSFCM_r1,0.99,4154.630565334557,41.9659653064097,0.9528342240099096,0.7448397469142205,0.6441946771217975,0.6584647052491703,0.7577324617035809,0.6653398365321301,8.270310416131943,5.0,21.91,ok,
indian_pines,40,44,Sw-SSFCM_r2,0.99,4154.630565334557,41.9659653064097,0.9542502950311824,0.7558344570065346,0.6599503416313702,0.676329475801411,0.7685627866133281,0.680931634388173,8.548529446122952,5.0,21.92,ok,
indian_pines,40,45,FCM,,,,,0.3080593299450264,0.3950383342636566,0.2679865878231484,0.3078349107229973,0.3991976429070053,24878025218.167316,285.0,0.12,ok,
indian_pines,40,45,FCM_S1,,,,,0.319987553158386,0.4036937604985948,0.2678105400312007,0.3200312225582983,0.4080603594659029,1726.6733611935836,255.0,0.29,ok,
indian_pines,40,45,FCM_S2,,,,,0.3194689347578052,0.4030471142768427,0.2654320927787436,0.3189579471167919,0.4070143063774199,289613.9854917716,225.0,0.48,ok,
indian_pines,40,45,FLICM,,,,,0.328492894927912,0.4110797194744651,0.2671759586233682,0.3289101375743975,0.4147743414584837,133.2903672804391,375.0,1.5,ok,
indian_pines,40,45,KWFLICM,,,,,0.318120526916295,0.3592058641826619,0.190059481956384,0.3122255829837057,0.3569785063123144,6110228710235.927,100.0,0.16,ok,
indian_pines,40,45,SSFCM,,,,,0.3065034747432839,0.3946287921766375,0.2657401738597328,0.2974924382866621,0.3713804804991157,278799468099.1624,295.0,1.1,ok,
indian_pines,40,45,eSFCM,,,,,0.3642775645679909,0.4320541498875457,0.3173814357433246,0.3520343448141282,0.4125565171570495,0.8913828678650944,85.0,0.3,ok,
indian_pines,40,45,S3FCM,,,,,0.3109635929882792,0.3937764238645169,0.2647164289092305,0.3172992487071909,0.4013457413689617,127.68381277033778,144.0,0.29,ok,
indian_pines,40,45,GS-SPFCM,,,,,0.4429001140960481,0.4445514572273947,0.35184677208296,0.4448238852570982,0.4563327605071475,4.627472792136651,16.0,0.26,ok,
indian_pines,40,45,Softmax,,,,,0.6658023026656986,0.5676894466964861,0.581648265882784,0.6854327251439165,0.5935388356901515,9.469523280998988,,22.98,ok,
indian_pines,40,45,Sr-SSFCM,0.99,4144.667853256015,41.86533185107089,0.9451235663486832,0.6660097500259309,0.567866857635145,0.5825463089787112,0.6856278661332813,0.593736195673119,7.271027953537744,5.0,22.14,ok,
indian_pines,40,45,Sw-SSFCM_r1,0.99,4144.667853256015,41.86533185107089,0.9505091083788768,0.7441136811534074,0.6502085959189251,0.6532594813731795,0.7579276026929457,0.6713340311418429,4.275975806855415,5.0,22.07,ok,
indian_pines,40,45,Sw-SSFCM_r2,0.99,4144.667853256015,41.86533185107089,0.951386563537599,0.7561456280468831,0.6648107473162627,0.6690978630653907,0.7696360620548346,0.6857268061801474,3.8953612208007473,5.0,22.07,ok,
indian_pines,40,46,FCM,,,,,0.3093040141064205,0.395509383159106,0.2682251086494671,0.3092008976485511,0.4002051160499866,1201693653.2291996,265.0,0.11,ok,
indian_pines,40,46,FCM_S1,,,,,0.3208173425993154,0.4034979066034965,0.2675937933179251,0.3200312225582983,0.4080142439241886,2856.576760931104,270.0,0.3,ok,
indian_pines,40,46,FCM_S2,,,,,0.319987553158386,0.4027499250340874,0.2650611346046153,0.3192506586008391,0.4069846060023012,44711.43933489183,190.0,0.44,ok,
indian_pines,40,46,FLICM,,,,,0.3288040659682605,0.4100031647312316,0.2659947576519126,0.3290077080690799,0.4148493065508752,152.09456079489274,390.0,1.56,ok,
indian_pines,40,46,KWFLICM,,,,,0.3592988279224147,0.4075599908180113,0.2285266333015437,0.3532051907503171,0.4103502358068532,7253287866980.781,155.0,0.19,ok,
indian_pines,40,46,SSFCM,,,,,0.3065034747432839,0.3939143017325515,0.2650362854059834,0.2990535662015806,0.3784332261743074,174708485301.19714,295.0,1.09,ok,
indian_pines,40,46,eSFCM,,,,,0.3742350378591432,0.4395513745523628,0.3376186452962386,0.3574982925163431,0.4199647492657285,1.1201824078310834,330.0,1.13,ok,
indian_pines,40,46,S3FCM,,,,,0.3245513950834975,0.3987011041680126,0.2768331004886358,0.330471265489316,0.4063459356081826,5613.908986769788,123.0,0.26,ok,
indian_pines,40,46,GS-SPFCM,,,,,0.3985063790063271,0.4290452997972639,0.3293083947088816,0.4034539955117572,0.4393740191997163,6.992851538561722,15.0,0.24,ok,
indian_pines,40,46,Softmax,,,,,0.6669432631469765,0.5712102172558371,0.5889395521531433,0.6860181481120109,0.5966011824811245,10.449976466549469,,22.82,ok,
indian_pines,40,46,Sr-SSFCM,0.99,4098.477123409234,41.398758822315536,0.9429047852234974,0.6680842236282544,0.5722680782320504,0.5898326568308377,0.6870914235535174,0.5976170047294398,7.405862796081015,5.0,22.35,ok,
indian_pines,40,46,Sw-SSFCM_r1,0.99,4098.477123409234,41.398758822315536,0.9489056479258696,0.7521004045223525,0.6590361818590009,0.6669771577381618,0.7647575373207142,0.6793884409350809,6.461279499442136,5.0,22.35,ok,
indian_pines,40,46,Sw-SSFCM_r2,0.99,4098.477123409234,41.398758822315536,0.95021783475323,0.7620578778135049,0.6719500938856223,0.6769824786731671,0.7747097277783198,0.6923534058647244,6.28042675198683,5.0,22.36,ok,
indian_pines,40,47,FCM,,,,,0.307229540504097,0.3944608708072131,0.2672966416233545,0.3080300517123622,0.3999470976208596,686734721.9571276,275.0,0.2,ok,
indian_pines,40,47,FCM_S1,,,,,0.3209210662794316,0.4038104174375587,0.2681223917916447,0.3200312225582983,0.4081284245580206,4170.955468686179,275.0,0.29,ok,
indian_pines,40,47,FCM_S2,,,,,0.3196763821180375,0.4024548906909292,0.2649537097509484,0.3191530881061567,0.4069775504772407,169166.06844933017,220.0,0.52,ok,
indian_pines,40,47,FLICM,,,,,0.3294264080489575,0.4099955903276276,0.2665128293611097,0.3285198555956679,0.4139240255860599,281.8028272520632,375.0,1.53,ok,
indian_pines,40,47,KWFLICM,,,,,0.3048438958614252,0.3518278781446539,0.1705221603085535,0.2980778612547565,0.3495320239266788,4164934902136.602,85.0,0.17,ok,
indian_pines,40,47,SSFCM,,,,,0.3042215537807281,0.3927066907265543,0.2639186650702084,0.3046150843984779,0.3776554219968934,1393528232.603396,250.0,0.99,ok,
indian_pines,40,47,eSFCM,,,,,0.3810808007468105,0.4402007008464176,0.3605977014821349,0.3696946043516441,0.4181112959138175,0.8405993176683142,115.0,0.48,ok,
indian_pines,40,47,S3FCM,,,,,0.319365211077689,0.3930245296583005,0.2713425126103776,0.3218850619572641,0.4007552805887267,2048.5778880398057,169.0,0.27,ok,
indian_pines,40,47,GS-SPFCM,,,,,0.4493309822632507,0.4516407328206988,0.3532293684940988,0.4502878329593131,0.4607959724581675,4.512174099181796,17.0,0.33,ok,
indian_pines,40,47,Softmax,,,,,0.6655948553054662,0.5680647569519577,0.5831078169498706,0.6849448726705044,0.5937661717230678,9.674973772092088,,22.63,ok,
indian_pines,40,47,Sr-SSFCM,0.99,4183.019075726098,42.252717936627285,0.9458463646774288,0.6656985789855824,0.5684313158283094,0.584021630280994,0.6850424431651868,0.594139515146951,6.575796879893186,5.0,31.85,ok,
indian_pines,40,47,Sw-SSFCM_r1,0.99,4183.019075726098,42.252717936627285,0.9503596888163623,0.7538637070843274,0.6634169255860436,0.6652830421608446,0.7667089472143623,0.6835987037913782,5.647695857160173,5.0,31.85,ok,
indian_pines,40,47,Sw-SSFCM_r2,0.99,4183.019075726098,42.252717936627285,0.9513095046580684,0.7602945752515299,0.6744443279789711,0.6756768320649673,0.7729534588740364,0.6946890776034563,5.966871250998066,5.0,31.85,ok,
indian_pines,40,48,FCM,,,,,0.3073332641842132,0.3963917207253279,0.2669983479336673,0.3074446287442677,0.400197136092004,1629325230.80041,280.0,0.12,ok,
indian_pines,40,48,FCM_S1,,,,,0.320609895239083,0.4036888415013318,0.2669004759027302,0.3202263635476632,0.408062925127192,2693.4457801031463,255.0,0.29,ok,
indian_pines,40,48,FCM_S2,,,,,0.3201950005186184,0.4033438918196834,0.2646954794364128,0.3190555176114742,0.4069687188937896,202866.6467150757,195.0,0.45,ok,
indian_pines,40,48,FLICM,,,,,0.3301524738097707,0.4104078564312162,0.2679675537167136,0.328812567079715,0.4141249298894832,153.44448753014342,350.0,1.54,ok,
indian_pines,40,48,KWFLICM,,,,,0.3464370915880095,0.3633582326862873,0.1979740793056365,0.3385696165479559,0.36232160681184,6967710087446.557,105.0,0.16,ok,
indian_pines,40,48,SSFCM,,,,,0.3067109221035162,0.3951880823287982,0.2640820287102773,0.2994438481803103,0.3701573203118788,5606626449373.647,365.0,1.35,ok,
indian_pines,40,48,eSFCM,,,,,0.3724717352971683,0.4268777120118748,0.2986142581342396,0.3515464923407161,0.39751068375862,1.0698958516905654,150.0,0.52,ok,
indian_pines,40,48,S3FCM,,,,,0.3020433564982885,0.3914549652879789,0.2539420301904492,0.3025661040101473,0.3936615899834039,896.4200636142525,120.0,0.26,ok,
indian_pines,40,48,GS-SPFCM,,,,,0.3929053002800539,0.4335216006862484,0.3233385574600706,0.3956483559371646,0.4437378826007869,14.07880526466207,15.0,0.25,ok,
indian_pines,40,48,Softmax,,,,,0.638108080074681,0.5650074683768446,0.5697321215444229,0.6589911210849839,0.590710771576821,12.492793508069626,,22.56,ok,
indian_pines,40,48,Sr-SSFCM,0.99,3844.62138370831,38.8345594313971,0.9399547146082448,0.6373820143138679,0.564714899254556,0.5693912767743243,0.658308127622207,0.5904046276157835,7.0484690961494,5.0,29.0,ok,
indian_pines,40,48,Sw-SSFCM_r1,0.99,3844.62138370831,38.8345594313971,0.9471824511834688,0.7197386163261073,0.6511285937531588,0.6457925246527696,0.7348033954532149,0.6723979337952916,5.672153366132802,5.0,29.01,ok,
indian_pines,40,48,Sw-SSFCM_r2,0.99,3844.62138370831,38.8345594313971,0.9489050407771512,0.7338450368219065,0.6668085328354262,0.6641995967475502,0.7486584056981169,0.6880386673353838,5.5444074153352245,5.0,29.01,ok,
indian_pines,40,49,FCM,,,,,0.3067109221035162,0.3952927921955183,0.2675459246148916,0.3061762123133964,0.4002351065123611,409583070.7592673,275.0,0.11,ok,
indian_pines,40,49,FCM_S1,,,,,0.3222694741209418,0.4038337929839909,0.2696318640772727,0.3202263635476632,0.4082708659108316,4256.066112243452,285.0,0.31,ok,
indian_pines,40,49,FCM_S2,,,,,0.3200912768385022,0.4022414908901691,0.2659145642540675,0.3188603766221095,0.4069224509403268,27405.105660252106,195.0,0.45,ok,
indian_pines,40,49,FLICM,,,,,0.3277668291670988,0.4092285087779581,0.2653603225148725,0.3286174260903503,0.4138283382395107,2916.5296238052747,420.0,1.81,ok,
indian_pines,40,49,KWFLICM,,,,,0.3042215537807281,0.357006452972473,0.1911135755403988,0.299151136696263,0.3549959742623565,8447876696504.688,105.0,0.16,ok,
indian_pines,40,49,SSFCM,,,,,0.3069183694637485,0.3937967872203659,0.2650685596817148,0.2971997268026149,0.3661867334981255,2213390416686254.5,420.0,1.54,ok,
indian_pines,40,49,eSFCM,,,,,0.3740275904989109,0.429098137687483,0.3073735919881693,0.3583764269684847,0.4050589960676911,0.958339921116398,130.0,0.45,ok,
indian_pines,40,49,S3FCM,,,,,0.3062960273830515,0.3916082306021111,0.2616437535684638,0.3116401600156113,0.3976570621726786,13.468338360716832,166.0,0.31,ok,
indian_pines,40,49,GS-SPFCM,,,,,0.4318016803236179,0.4325632296107674,0.3503800249859802,0.4336032783686213,0.4441057125440404,3.5913735289436106,15.0,0.24,ok,
indian_pines,40,49,Softmax,,,,,0.6376931853542164,0.5430915333352135,0.5586616333327226,0.6588935505903015,0.569766962078201,6.3516253588108125,,22.78,ok,
indian_pines,40,49,Sr-SSFCM,0.99,4119.397915278592,41.61007995230905,0.9429264919757356,0.6384192511150295,0.5434287376247068,0.5595281831400465,0.6595765440530783,0.5701270062626956,4.13412840915587,5.0,32.35,ok,
indian_pines,40,49,Sw-SSFCM_r1,0.99,4119.397915278592,41.61007995230905,0.9486708736370244,0.7253396950523805,0.6408464747272138,0.6449561537187122,0.7399746316713826,0.6625990476506414,3.9906409996749663,5.0,32.35,ok,
indian_pines,40,49,Sw-SSFCM_r2,0.99,4119.397915278592,41.61007995230905,0.949386149237452,0.7378902603464371,0.6564137913608089,0.6563512516560758,0.751780661527954,0.677262121349429,3.638319062629648,5.0,32.36,ok,
indian_pines,40,50,FCM,,,,,0.3129343429104864,0.3971002210014448,0.2687309795216871,0.312518294467753,0.400206304672401,3051618082.606219,280.0,0.12,ok,
indian_pines,40,50,FCM_S1,,,,,0.3209210662794316,0.4044291947132684,0.2675604313889193,0.3202263635476632,0.4080615184563646,1734.6169399214016,260.0,0.38,ok,
indian_pines,40,50,FCM_S2,,,,,0.3202987241987345,0.4043746669087344,0.2655204500158412,0.3189579471167919,0.4069444696338259,1134918.2071575436,200.0,0.54,ok,
indian_pines,40,50,FLICM,,,,,0.329737579089306,0.4118470165240601,0.2672516953219014,0.328812567079715,0.4148246608903888,174.50095796035822,365.0,1.56,ok,
indian_pines,40,50,KWFLICM,,,,,0.3275593818068665,0.3565951125308862,0.1593373446940874,0.3191530881061567,0.3531310746733258,7107950433343.206,105.0,0.19,ok,
indian_pines,40,50,SSFCM,,,,,0.3057774089824707,0.3958122502674464,0.2635303990616804,0.2994438481803103,0.3670960167817615,52072425936.73172,300.0,1.21,ok,
indian_pines,40,50,eSFCM,,,,,0.3718493932164713,0.4381177225358248,0.3412374724152198,0.3564250170748366,0.4162286761965529,1.2648252300701477,175.0,0.65,ok,
indian_pines,40,50,S3FCM,,,,,0.3103412509075822,0.4011940788182084,0.2691252142448506,0.3152502683188604,0.4067735345025691,24.798949429228447,121.0,0.22,ok,
indian_pines,40,50,GS-SPFCM,,,,,0.4169691940670055,0.4293540964181063,0.3560738343238767,0.4220899599960971,0.4397610555671439,7.385356737301773,15.0,0.34,ok,
indian_pines,40,50,Softmax,,,,,0.6537703557722228,0.5597147794745118,0.5702020638243107,0.6740169772660748,0.5859547387433103,11.192702922006893,,22.62,ok,
indian_pines,40,50,Sr-SSFCM,0.99,4034.011188927324,40.7475877669427,0.947334224546362,0.653874079452339,0.5599604784381758,0.5702614064820102,0.6741145477607572,0.5861585024223368,8.447232069688486,5.0,27.02,ok,
indian_pines,40,50,Sw-SSFCM_r1,0.99,4034.011188927324,40.7475877669427,0.9543566357100584,0.7588424437299035,0.6632939519395673,0.6668596730317109,0.771392330959118,0.6840287295208366,6.451143750068368,5.0,27.02,ok,
indian_pines,40,50,Sw-SSFCM_r2,0.99,4034.011188927324,40.7475877669427,0.9557379932379046,0.7710818379836116,0.6768733225535437,0.7221606651237142,0.7831983608156894,0.6974211321265866,6.041537846078676,5.0,27.02,ok,
indian_pines,40,51,FCM,,,,,0.3080593299450264,0.3962687535010908,0.2676110254032402,0.3070543467655381,0.4004080579907145,23975981.559685983,240.0,0.1,ok,
indian_pines,40,51,FCM_S1,,,,,0.3216471320402448,0.4047983654779952,0.268433895886671,0.3201287930529807,0.4081951539764,3567.9718424784246,295.0,0.32,ok,
indian_pines,40,51,FCM_S2,,,,,0.3207136189191992,0.4035667337179657,0.265519920292659,0.3192506586008391,0.4069200368745189,3036705.250369417,260.0,0.52,ok,
indian_pines,40,51,FLICM,,,,,0.3290115133284929,0.4091513776529274,0.2669570537239463,0.3285198555956679,0.413779014232517,232.22910030783456,435.0,1.73,ok,
indian_pines,40,51,KWFLICM,,,,,0.3351312104553469,0.3806379559864653,0.1818153951848106,0.3268611571860669,0.3771709396272913,2880840970263.9844,65.0,0.13,ok,
indian_pines,40,51,SSFCM,,,,,0.3084742246654911,0.3949743967162402,0.2660465106953643,0.3010049760952288,0.3653374959073676,2284965599.944834,295.0,1.1,ok,
indian_pines,40,51,eSFCM,,,,,0.3748573799398402,0.4332323083994476,0.3048468733563104,0.359644843399356,0.410927232482857,0.8018230374233049,155.0,0.53,ok,
indian_pines,40,51,S3FCM,,,,,0.3192614873975729,0.4016414316620489,0.2732180083676463,0.3238364718509123,0.4089411011763466,98.54001201191592,138.0,0.27,ok,
indian_pines,40,51,GS-SPFCM,,,,,0.4246447463956021,0.4415205692567484,0.3308770376970357,0.4251146453312518,0.4521224192487955,8.370119338329552,15.0,0.33,ok,
indian_pines,40,51,Softmax,,,,,0.640493724717353,0.562229656542604,0.5667804366543429,0.6614303834520441,0.5878284948282757,9.143398740977323,,22.64,ok,
indian_pines,40,51,Sr-SSFCM,0.99,4195.036132810879,42.37410235162508,0.94544348561049,0.6413235141582824,0.5622980507319104,0.567401814332054,0.6622109474095034,0.5879279683920879,5.021724157766569,5.0,32.18,ok,
indian_pines,40,51,Sw-SSFCM_r1,0.99,4195.036132810879,42.37410235162508,0.9504737464257524,0.7179753137641324,0.6469543569944659,0.6444468669213721,0.732656844570202,0.6675835846457282,6.23426165992813,5.0,32.19,ok,
indian_pines,40,51,Sw-SSFCM_r2,0.99,4195.036132810879,42.37410235162508,0.9514486503597784,0.7249248003319158,0.6609936857211807,0.6535743816355247,0.7403649136501123,0.6820458260418625,6.309604130276489,5.0,32.19,ok,
indian_pines,60,42,FCM,,,,,0.3076266666666666,0.3943879769195616,0.2669648862278103,0.3074446287442677,0.400039311615701,132832873.96569549,285.0,0.12,ok,
indian_pines,60,42,FCM_S1,,,,,0.3211733333333333,0.4023497627194116,0.2663726599573235,0.3200312225582983,0.4080423078778037,1148.9299604268974,290.0,0.32,ok,
indian_pines,60,42,FCM_S2,,,,,0.3214933333333333,0.4021301541011919,0.2648436229292721,0.3201287930529807,0.4069595687755211,29690257.478159636,300.0,0.55,ok,
indian_pines,60,42,FLICM,,,,,0.3285333333333333,0.4108106148432373,0.2651775769621824,0.3290077080690799,0.4149647269184589,676.8681656388396,660.0,2.61,ok,
indian_pines,60,42,KWFLICM,,,,,0.3749333333333333,0.4208456544332989,0.2151392070860531,0.3638403746706996,0.4220025495118226,6698676054220.078,120.0,0.17,ok,
indian_pines,60,42,SSFCM,,,,,0.3063466666666666,0.3919022589147358,0.2625210000956908,0.3022733925261001,0.3805488050358656,26210529237.776493,305.0,1.12,ok,
indian_pines,60,42,eSFCM,,,,,0.3757866666666666,0.4366615329925474,0.3608131291851335,0.3471558200800078,0.4175988602006107,1.043304859586305,215.0,0.74,ok,
indian_pines,60,42,S3FCM,,,,,0.3185066666666666,0.3996462990010521,0.2717990848784093,0.323543760366865,0.4100433634650453,48.27159233772779,125.0,0.27,ok,
indian_pines,60,42,GS-SPFCM,,,,,0.4194133333333333,0.4307281732990624,0.3603021783989434,0.4246267928578398,0.444423582205716,12.114732686957575,15.0,0.25,ok,
indian_pines,60,42,Softmax,,,,,0.68096,0.5807890852328026,0.5826425628021916,0.7073860864474583,0.6161055856788744,13.08901004379614,,29.95,ok,
indian_pines,60,42,KFCM,,,,,0.30752,0.3933508117940357,0.2662791815062965,0.305590789345302,0.3988101457245117,13734.966167790952,141.0,0.12,ok,
indian_pines,60,42,SMUC,,,,,0.4843733333333333,0.5053843964106359,0.3508368192130008,0.5238559859498487,0.5352146949152267,6.8832310518978055,76.0,0.16,ok,
indian_pines,60,42,S2-PFCM,,,,,0.4197333333333333,0.4327630859625611,0.3583396794989216,0.4635574202361206,0.4664902552543533,11.692130220122586,15.0,0.24,ok,
indian_pines,60,42,Sr-SSFCM,0.99,4188.68110514706,42.30991015300064,0.937708780179132,0.6816,0.5816309298310528,0.5835213225330076,0.7080690799102352,0.616933075367234,9.26147661874463,5.0,39.88,ok,
indian_pines,60,42,Sw-SSFCM_r1,0.99,4188.68110514706,42.30991015300064,0.942718859464345,0.7698133333333333,0.6771850941863647,0.6526981647268456,0.7866133281295736,0.7040056488952553,6.794325171863587,5.0,39.88,ok,
indian_pines,60,42,Sw-SSFCM_r2,0.99,4188.68110514706,42.30991015300064,0.9437616420609564,0.7797333333333333,0.6885629780983801,0.6602428446545123,0.7964679480924969,0.7155170698980411,6.869800318195419,5.0,39.89,ok,
indian_pines,60,43,FCM,,,,,0.3086933333333333,0.3937592383653679,0.2676514944208122,0.3084203336910918,0.3996123185814454,4280030989.611007,285.0,0.2,ok,
indian_pines,60,43,FCM_S1,,,,,0.3217066666666666,0.403503833801824,0.2676226528956169,0.3201287930529807,0.4081193641773494,6091.742365721041,280.0,0.27,ok,
indian_pines,60,43,FCM_S2,,,,,0.32064,0.4022509970338952,0.2648839644331364,0.3189579471167919,0.4069474743346031,24254.233334471897,185.0,0.45,ok,
indian_pines,60,43,FLICM,,,,,0.3307733333333333,0.4092056887597392,0.2678022828907127,0.3290077080690799,0.41488119927594,378.4897020828116,315.0,1.26,ok,
indian_pines,60,43,KWFLICM,,,,,0.38624,0.4145085377200826,0.2361814599360293,0.3781832373890135,0.416772149366477,7856705289622.805,165.0,0.2,ok,
indian_pines,60,43,SSFCM,,,,,0.3054933333333333,0.3914632384851871,0.2618873284008707,0.2919309200897648,0.3642580567985136,5751600267.025954,255.0,0.96,ok,
indian_pines,60,43,eSFCM,,,,,0.3528533333333333,0.4337916995532486,0.2896733714324995,0.3380817640745439,0.4139768960619966,1.3644282209361962,120.0,0.42,ok,
indian_pines,60,43,S3FCM,,,,,0.31104,0.4009480743567087,0.2710498486148421,0.3201287930529807,0.4074257379846203,13.109062125321936,128.0,0.27,ok,
indian_pines,60,43,GS-SPFCM,,,,,0.4279466666666666,0.4328265710137713,0.3445262122120714,0.4304810225387843,0.4464616864975257,5.951232519228745,15.0,0.24,ok,
indian_pines,60,43,Softmax,,,,,0.6808533333333333,0.5823397835105101,0.5760866316714589,0.7064103815006342,0.6174479741795205,10.148175295927436,,29.88,ok,
indian_pines,60,43,KFCM,,,,,0.30944,0.394862882271022,0.2686982287550886,0.3090057566591863,0.4007145175818038,62482.63977559208,125.0,0.09,ok,
indian_pines,60,43,SMUC,,,,,0.4695466666666666,0.4806830593341029,0.3125742839605105,0.4772172894916577,0.4938464530372406,6.238541344735907,81.0,0.17,ok,
indian_pines,60,43,S2-PFCM,,,,,0.4359466666666666,0.4349544680799319,0.3471761680312208,0.4792662698799882,0.4695736057265212,7.835911096574676,16.0,0.24,ok,
indian_pines,60,43,Sr-SSFCM,0.99,4117.643231347957,41.59235587220162,0.939862609798152,0.6810666666666667,0.5826462289236667,0.5765370825294838,0.706605522489999,0.6177358210072532,7.36000031541339,5.0,39.32,ok,
indian_pines,60,43,Sw-SSFCM_r1,0.99,4117.643231347957,41.59235587220162,0.945968086711608,0.7688533333333334,0.6791117043796832,0.647270522059547,0.7863206166455264,0.7067581886229196,5.946816544595646,5.0,39.32,ok,
indian_pines,60,43,Sw-SSFCM_r2,0.99,4117.643231347957,41.59235587220162,0.9477933341313318,0.7786666666666666,0.6903824264645142,0.6585309751881073,0.7952971021563079,0.7173554734997094,5.54388061857872,5.0,39.33,ok,
indian_pines,60,44,FCM,,,,,0.30784,0.3932980725812419,0.2669440719816418,0.3075421992389501,0.4001283289339394,293363015.27884823,265.0,0.23,ok,
indian_pines,60,44,FCM_S1,,,,,0.3211733333333333,0.4025737649788936,0.2664200469001652,0.3200312225582983,0.4083322459358422,254903974.54274037,330.0,0.36,ok,
indian_pines,60,44,FCM_S2,,,,,0.31936,0.4006098840498034,0.2630689831703788,0.3190555176114742,0.4069338760038933,236646.24785699908,215.0,0.47,ok,
indian_pines,60,44,FLICM,,,,,0.3262933333333333,0.4094667589745605,0.2636332666037825,0.3289101375743975,0.4150384849691911,175.25549244325865,420.0,1.68,ok,
indian_pines,60,44,KWFLICM,,,,,0.336,0.3692216926903056,0.1781415424404778,0.3255927407551956,0.3665178788782575,8867922487732.814,100.0,0.16,ok,
indian_pines,60,44,SSFCM,,,,,0.30528,0.3907457283063113,0.2616504146116568,0.2948580349302371,0.3656024280046488,70671698212561.17,385.0,1.42,ok,
indian_pines,60,44,eSFCM,,,,,0.3614933333333333,0.4242911798625725,0.3092943899833055,0.3521319153088106,0.4092011375146017,0.8887401655415821,220.0,0.76,ok,
indian_pines,60,44,S3FCM,,,,,0.3133866666666666,0.3984145543321973,0.2694124251312667,0.3214947799785345,0.4092226419708107,4.819300988065517,109.0,0.24,ok,
indian_pines,60,44,GS-SPFCM,,,,,0.4269866666666667,0.4285194515131665,0.3404135825479989,0.4262854912674407,0.4415348879988668,6.871785583658677,15.0,0.23,ok,
indian_pines,60,44,Softmax,,,,,0.6724266666666666,0.5882249968398755,0.5774132527313303,0.6989950239047712,0.6221193262831465,17.296098704968365,,30.52,ok,
indian_pines,60,44,KFCM,,,,,0.32768,0.3928346988236852,0.2718700863038838,0.3258854522392428,0.3994412010089545,144468264.09412017,229.0,0.15,ok,
indian_pines,60,44,SMUC,,,,,0.4693333333333333,0.4772262498331552,0.3618134199245447,0.5001463557420236,0.5041565556708578,6.574384815756453,71.0,0.15,ok,
indian_pines,60,44,S2-PFCM,,,,,0.43072,0.4302090059203137,0.3407275822093407,0.4682408039808762,0.4613720854292209,7.3488528519418015,16.0,0.23,ok,
indian_pines,60,44,Sr-SSFCM,0.99,4181.041143632964,42.23273882457544,0.9451258019824388,0.67232,0.5880129908080034,0.5775171323297035,0.6988974534100888,0.6219449019275839,11.507412111815263,5.0,39.24,ok,
indian_pines,60,44,Sw-SSFCM_r1,0.99,4181.041143632964,42.23273882457544,0.9510486432535018,0.7413333333333333,0.6723735884153293,0.6368619642978842,0.7594887306078641,0.6986083172448984,11.308696012736952,5.0,39.25,ok,
indian_pines,60,44,Sw-SSFCM_r2,0.99,4181.041143632964,42.23273882457544,0.9522345210034128,0.7488,0.6854646608879388,0.6464009450046406,0.7667089472143623,0.7109901793763719,11.108568485168677,5.0,39.25,ok,
indian_pines,60,45,FCM,,,,,0.3069866666666667,0.392747367901821,0.2644453786895065,0.3078349107229973,0.3991976429070053,24878025218.167316,285.0,0.11,ok,
indian_pines,60,45,FCM_S1,,,,,0.32032,0.4021884712577828,0.2650601045606336,0.3200312225582983,0.4080603594659029,1726.6733611935836,255.0,0.28,ok,
indian_pines,60,45,FCM_S2,,,,,0.31936,0.4015265004260747,0.2628599365683281,0.3189579471167919,0.4070143063774199,289613.9854917716,225.0,0.48,ok,
indian_pines,60,45,FLICM,,,,,0.32704,0.4093165473624218,0.2643804716238773,0.3289101375743975,0.4147743414584837,133.2903672804391,375.0,1.5,ok,
indian_pines,60,45,KWFLICM,,,,,0.3232,0.3624861484784301,0.1938039152709456,0.3122255829837057,0.3569785063123144,6110228710235.927,100.0,0.16,ok,
indian_pines,60,45,SSFCM,,,,,0.304,0.3916461334903814,0.2606602978057108,0.2923212020684945,0.3666736203795873,55180701329.5882,280.0,1.04,ok,
indian_pines,60,45,eSFCM,,,,,0.3633066666666666,0.4327742172829154,0.3090463869005023,0.3483266660161967,0.4114634635670396,0.9045405369926278,120.0,0.42,ok,
indian_pines,60,45,S3FCM,,,,,0.31936,0.3997480786942213,0.2708899945563517,0.3268611571860669,0.4104367979913567,47.80833587192765,109.0,0.29,ok,
indian_pines,60,45,GS-SPFCM,,,,,0.4414933333333333,0.4385777038010129,0.3514338286011935,0.4426773343740853,0.4511609751676306,7.302027781645968,15.0,0.25,ok,
indian_pines,60,45,Softmax,,,,,0.6624,0.5673311872846283,0.5586318276500737,0.6897258269099424,0.6020321654266751,14.934619631660471,,30.33,ok,
indian_pines,60,45,KFCM,,,,,0.3069866666666667,0.3942280426217468,0.2656561476852357,0.3075421992389501,0.4007906013495012,7355.41418733632,97.0,0.06,ok,
indian_pines,60,45,SMUC,,,,,0.48096,0.4939630569632638,0.3542219161750168,0.5095131232315347,0.5199239335406226,9.231707002362295,61.0,0.17,ok,
indian_pines,60,45,S2-PFCM,,,,,0.4504533333333333,0.4407472117420557,0.3541661437550849,0.4915601522099717,0.4731245727347535,9.193187322657126,15.0,0.23,ok,
indian_pines,60,45,Sr-SSFCM,0.99,3902.182500966441,39.41598485824692,0.9382173158007038,0.6629333333333334,0.567641320564627,0.558993573997195,0.6902136793833544,0.6023580786286926,9.612983134473817,5.0,38.75,ok,
indian_pines,60,45,Sw-SSFCM_r1,0.99,3902.182500966441,39.41598485824692,0.94487521665953,0.7498666666666667,0.6634106894564717,0.6291103868954494,0.7681725046345985,0.6909507463632786,10.20962181410371,5.0,38.76,ok,
indian_pines,60,45,Sw-SSFCM_r2,0.99,3902.182500966441,39.41598485824692,0.946397846764606,0.7611733333333334,0.6802564379283965,0.645298153686289,0.7786125475656162,0.7067450354749296,9.174411210082376,5.0,38.76,ok,
indian_pines,60,46,FCM,,,,,0.3096533333333333,0.394520028524811,0.2675122372330528,0.3092008976485511,0.4002051160499866,1201693653.2291996,265.0,0.12,ok,
indian_pines,60,46,FCM_S1,,,,,0.3213866666666666,0.4031717206103982,0.2676224007120279,0.3200312225582983,0.4080142439241886,2856.576760931104,270.0,0.27,ok,
indian_pines,60,46,FCM_S2,,,,,0.3198933333333333,0.4017700368214089,0.2642540212388423,0.3192506586008391,0.4069846060023012,44711.43933489183,190.0,0.47,ok,
indian_pines,60,46,FLICM,,,,,0.32896,0.4097598215501414,0.2663496231458959,0.3290077080690799,0.4148493065508752,152.09456079489274,390.0,1.62,ok,
indian_pines,60,46,KWFLICM,,,,,0.3611733333333333,0.4079401802918527,0.229597679639511,0.3532051907503171,0.4103502358068532,7253287866980.781,155.0,0.3,ok,
indian_pines,60,46,SSFCM,,,,,0.3056,0.3918435607645214,0.2613176433347186,0.2952483169089667,0.3776947356167798,13922069976.525822,310.0,1.25,ok,
indian_pines,60,46,eSFCM,,,,,0.3573333333333333,0.4343533010472202,0.3332167088583715,0.3417894428724753,0.4166226618642411,1.1350029660172931,115.0,0.36,ok,
indian_pines,60,46,S3FCM,,,,,0.3208533333333333,0.4026441293399165,0.2744518157524832,0.3322275343935993,0.4097730770265766,29.766543970683312,141.0,0.37,ok,
indian_pines,60,46,GS-SPFCM,,,,,0.4701866666666666,0.4518505520287033,0.3616236347361069,0.4696067909064298,0.4646534870278469,8.976534007389269,14.0,0.22,ok,
indian_pines,60,46,Softmax,,,,,0.68032,0.5869389103147763,0.5778171167128797,0.7059225290272222,0.6209680237938728,9.916701703406922,,30.27,ok,
indian_pines,60,46,KFCM,,,,,0.3070933333333333,0.393107329785685,0.2663980931245432,0.3058835008293492,0.398951950420113,11682.278810819924,131.0,0.09,ok,
indian_pines,60,46,SMUC,,,,,0.5314133333333333,0.5168645467425883,0.4143309213612279,0.5541028393013953,0.5375938902361828,4.608133882979233,56.0,0.12,ok,
indian_pines,60,46,S2-PFCM,,,,,0.4730666666666667,0.4548989809416571,0.3612650055205619,0.5115621036198653,0.4861553783110841,9.093043026814271,14.0,0.23,ok,
indian_pines,60,46,Sr-SSFCM,0.99,3894.133092011551,39.334677697086406,0.9394021533689392,0.6804266666666666,0.586687335286157,0.5791872660171591,0.7060200995219046,0.6207887591851458,7.324581302985014,5.0,38.17,ok,
indian_pines,60,46,Sw-SSFCM_r1,0.99,3894.133092011551,39.334677697086406,0.9440881885447056,0.7690666666666667,0.6794299057028614,0.6424872614525712,0.7853449116987024,0.7050079289055797,6.2967619354259705,5.0,38.17,ok,
indian_pines,60,46,Sw-SSFCM_r2,0.99,3894.133092011551,39.334677697086406,0.94569840474308,0.77632,0.6893643959643955,0.6505834689402358,0.7925651283052005,0.7148362312875239,6.156052229262048,5.0,38.17,ok,
indian_pines,60,47,FCM,,,,,0.3085866666666667,0.3953474556897334,0.2680312776086948,0.3080300517123622,0.3999470976208596,686734721.9571276,275.0,0.11,ok,
indian_pines,60,47,FCM_S1,,,,,0.32096,0.4033268136016509,0.267247680873882,0.3200312225582983,0.4081284245580206,4170.955468686179,275.0,0.3,ok,
indian_pines,60,47,FCM_S2,,,,,0.3201066666666666,0.4028368589405178,0.2651661908984143,0.3191530881061567,0.4069775504772407,169166.06844933017,220.0,0.47,ok,
indian_pines,60,47,FLICM,,,,,0.3300266666666667,0.409980198864545,0.2669149445174303,0.3285198555956679,0.4139240255860599,281.8028272520632,375.0,1.5,ok,
indian_pines,60,47,KWFLICM,,,,,0.30464,0.3526153794871234,0.1683134137201608,0.2980778612547565,0.3495320239266788,4164934902136.602,85.0,0.15,ok,
indian_pines,60,47,SSFCM,,,,,0.3054933333333333,0.393014206393998,0.2627966995680286,0.3058835008293492,0.376999429966243,4526848404.178604,270.0,1.01,ok,
indian_pines,60,47,eSFCM,,,,,0.3666133333333333,0.4301775375332495,0.3549370768907742,0.3486193775002439,0.4117143366488332,1.0195434315692502,325.0,1.12,ok,
indian_pines,60,47,S3FCM,,,,,0.3080533333333333,0.4018918150815692,0.2692946112343681,0.3202263635476632,0.4115736003460737,81.10098613134878,118.0,0.26,ok,
indian_pines,60,47,GS-SPFCM,,,,,0.4533333333333333,0.4486346714254846,0.337948344072833,0.4497999804859011,0.458085605511327,6.3885709279520615,15.0,0.23,ok,
indian_pines,60,47,Softmax,,,,,0.6753066666666667,0.5862996043803366,0.5782886822171185,0.6999707288515953,0.6194331759715702,11.521624668763272,,30.44,ok,
indian_pines,60,47,KFCM,,,,,0.30848,0.3959852497483561,0.268556632111645,0.308225192701727,0.4007856257827302,4671.404334392362,108.0,0.08,ok,
indian_pines,60,47,SMUC,,,,,0.4466133333333333,0.4861313977822846,0.3274143209671467,0.4757537320714216,0.510518684539292,10.527181824763462,86.0,0.18,ok,
indian_pines,60,47,S2-PFCM,,,,,0.4552533333333333,0.4467492075576188,0.3378731318623279,0.494975119523856,0.4763724541302867,7.914585664000624,15.0,0.22,ok,
indian_pines,60,47,Sr-SSFCM,0.99,4072.656280425853,41.1379422265238,0.9475664555907884,0.6753066666666667,0.5862947202076505,0.5786438333392976,0.6999707288515953,0.6194285144391983,7.618965376984892,5.0,39.05,ok,
indian_pines,60,47,Sw-SSFCM_r1,0.99,4072.656280425853,41.1379422265238,0.952124952948626,0.7639466666666667,0.6862839191138944,0.6569339633823217,0.7800761049858522,0.7112641712991877,8.729772609255445,5.0,39.05,ok,
indian_pines,60,47,Sw-SSFCM_r2,0.99,4072.656280425853,41.1379422265238,0.9530923023571324,0.7770666666666667,0.7046036293552654,0.6672508786841405,0.7927602692945653,0.7289423778276011,8.924726492937715,5.0,39.06,ok,
indian_pines,60,48,FCM,,,,,0.30752,0.3940925258710697,0.2669264395195591,0.3074446287442677,0.400197136092004,1629325230.80041,280.0,0.11,ok,
indian_pines,60,48,FCM_S1,,,,,0.3204266666666667,0.4021669405188971,0.2659335531127602,0.3202263635476632,0.408062925127192,2693.4457801031463,255.0,0.28,ok,
indian_pines,60,48,FCM_S2,,,,,0.32,0.4019242968600723,0.2641344362983854,0.3190555176114742,0.4069687188937896,202866.6467150757,195.0,0.45,ok,
indian_pines,60,48,FLICM,,,,,0.3297066666666666,0.4088663446522098,0.2664596566874501,0.328812567079715,0.4141249298894832,153.44448753014342,350.0,1.38,ok,
indian_pines,60,48,KWFLICM,,,,,0.3501866666666666,0.3639857585137539,0.1986543053673647,0.3385696165479559,0.36232160681184,6967710087446.557,105.0,0.16,ok,
indian_pines,60,48,SSFCM,,,,,0.3053866666666666,0.3913213749158105,0.2620127589390388,0.2950531759196019,0.3648540978711727,220408431071912.72,385.0,1.4,ok,
indian_pines,60,48,eSFCM,,,,,0.3608533333333333,0.4250095127759667,0.3379362635158209,0.3457898331544541,0.400086296044442,1.6409642182827044,260.0,0.88,ok,
indian_pines,60,48,S3FCM,,,,,0.3092266666666666,0.4009591705601701,0.2695602132792879,0.3212020684944873,0.4122335464834715,328.86426544397926,206.0,0.35,ok,
indian_pines,60,48,GS-SPFCM,,,,,0.46592,0.4446027704398837,0.3632023745923381,0.4634598497414381,0.4560996463239652,4.873719452291476,16.0,0.37,ok,
indian_pines,60,48,Softmax,,,,,0.71232,0.6066601221537706,0.5978343692327865,0.7353888184213094,0.6399472728234462,13.458516902621732,,30.6,ok,
indian_pines,60,48,KFCM,,,,,0.3101866666666666,0.3945444267936627,0.2684683249658723,0.3107620255634696,0.4007892670051046,8620229.228388926,205.0,0.14,ok,
indian_pines,60,48,SMUC,,,,,0.4570666666666667,0.476984740754479,0.3102380448047259,0.4858034930237096,0.5001640817745395,8.307654598004707,111.0,0.22,ok,
indian_pines,60,48,S2-PFCM,,,,,0.4690133333333333,0.4457718484276616,0.3619337936466493,0.5092204117474876,0.4795690516066758,6.007064139471402,15.0,0.24,ok,
indian_pines,60,48,Sr-SSFCM,0.99,3945.296973930712,39.85148458515874,0.9342558262286746,0.71232,0.6065495349693762,0.5976867356501481,0.7353888184213094,0.6398050824934838,9.653983792702428,5.0,37.54,ok,
indian_pines,60,48,Sw-SSFCM_r1,0.99,3945.296973930712,39.85148458515874,0.9398312838811912,0.79072,0.6951854377216671,0.6559240497567254,0.8062249975607376,0.7206675805732145,8.953673478123289,5.0,37.55,ok,
indian_pines,60,48,Sw-SSFCM_r2,0.99,3945.296973930712,39.85148458515874,0.9411866492613878,0.79968,0.7105325042295411,0.6663718280437547,0.8142257781246951,0.7346478811530928,9.016819827287703,5.0,37.54,ok,
indian_pines,60,49,FCM,,,,,0.3053866666666666,0.3943055803307273,0.2646350906624778,0.3061762123133964,0.4002351065123611,409583070.7592673,275.0,0.11,ok,
indian_pines,60,49,FCM_S1,,,,,0.3195733333333333,0.4032513800060999,0.2642021426366313,0.3202263635476632,0.4082708659108316,4256.066112243452,285.0,0.31,ok,
indian_pines,60,49,FCM_S2,,,,,0.3182933333333333,0.4020187542169109,0.26193020469223,0.3188603766221095,0.4069224509403268,27405.105660252106,195.0,0.44,ok,
indian_pines,60,49,FLICM,,,,,0.3278933333333333,0.4088547435579007,0.2637329426838263,0.3286174260903503,0.4138283382395107,2916.5296238052747,420.0,1.66,ok,
indian_pines,60,49,KWFLICM,,,,,0.30688,0.3583966755613074,0.1911805798659075,0.299151136696263,0.3549959742623565,8447876696504.688,105.0,0.16,ok,
indian_pines,60,49,SSFCM,,,,,0.3056,0.3924665067032208,0.2621761999025963,0.2920284905844472,0.3657178154724133,21248295370316.934,405.0,1.48,ok,
indian_pines,60,49,eSFCM,,,,,0.35744,0.4304647261394692,0.2898081412378595,0.3411064494096985,0.4063949277050139,1.1280232119403513,195.0,0.67,ok,
indian_pines,60,49,S3FCM,,,,,0.3160533333333333,0.4013435205601371,0.2711935313787283,0.3244218948190067,0.4111735357931947,5.242346762773583,140.0,0.27,ok,
indian_pines,60,49,GS-SPFCM,,,,,0.41024,0.4352967548995173,0.3235031961671276,0.4149673138842814,0.4502758671538729,8.99289531610972,15.0,0.24,ok,
indian_pines,60,49,Softmax,,,,,0.6770133333333334,0.578669895417255,0.57546295514082,0.7024099912186554,0.6137316365643063,10.03782031603268,,30.09,ok,
indian_pines,60,49,KFCM,,,,,0.3061333333333333,0.3933290161979525,0.2640664935619667,0.3062737828080788,0.3991977207683827,4244.83797476328,129.0,0.09,ok,
indian_pines,60,49,SMUC,,,,,0.51968,0.5087911443476646,0.3761552978783146,0.5434676553810128,0.5379775019890329,11.13567886334218,101.0,0.21,ok,
indian_pines,60,49,S2-PFCM,,,,,0.4125866666666666,0.4339524592155484,0.325463425509532,0.4570201970923992,0.4670185436181679,12.247313338084137,15.0,0.24,ok,
indian_pines,60,49,Sr-SSFCM,0.99,4215.282395369727,42.5786100542397,0.9462378558671968,0.6769066666666667,0.5787809420913476,0.5753974926558192,0.702312420723973,0.6137694469875405,5.675959878957598,5.0,35.73,ok,
indian_pines,60,49,Sw-SSFCM_r1,0.99,4215.282395369727,42.5786100542397,0.9509666440486296,0.7636266666666667,0.6780757860485783,0.6519371217684975,0.7800761049858522,0.7044884518100061,4.678077964851424,5.0,35.74,ok,
indian_pines,60,49,Sw-SSFCM_r2,0.99,4215.282395369727,42.5786100542397,0.9523134298138242,0.7704533333333333,0.6892669805346116,0.6614363079171667,0.7868084691189384,0.7156700995443144,5.210860827008637,5.0,35.74,ok,
indian_pines,60,50,FCM,,,,,0.31104,0.3943691524761921,0.2661703362427863,0.312518294467753,0.400206304672401,3051618082.606219,280.0,0.11,ok,
indian_pines,60,50,FCM_S1,,,,,0.3188266666666666,0.4016680866224165,0.2642602315405682,0.3202263635476632,0.4080615184563646,1734.6169399214016,260.0,0.28,ok,
indian_pines,60,50,FCM_S2,,,,,0.3178666666666667,0.4014008733519331,0.2619534229487036,0.3189579471167919,0.4069444696338259,1134918.2071575436,200.0,0.45,ok,
indian_pines,60,50,FLICM,,,,,0.3274666666666667,0.4091339305258609,0.2652887180050918,0.328812567079715,0.4148246608903888,174.50095796035822,365.0,1.45,ok,
indian_pines,60,50,KWFLICM,,,,,0.33184,0.3570197646067162,0.1596975411350964,0.3191530881061567,0.3531310746733258,7107950433343.206,105.0,0.16,ok,
indian_pines,60,50,SSFCM,,,,,0.3031466666666667,0.3919462186607997,0.2588860946994949,0.2916382086057176,0.3597590272101006,2770536370667.2007,350.0,1.28,ok,
indian_pines,60,50,eSFCM,,,,,0.3550933333333333,0.4209113180034218,0.3238924715014911,0.3333983803297882,0.4081325956900663,1.60943057794379,155.0,0.53,ok,
indian_pines,60,50,S3FCM,,,,,0.31328,0.3973073362276832,0.2602537544800422,0.3241291833349595,0.4057798460668756,40.38462129506655,133.0,0.27,ok,
indian_pines,60,50,GS-SPFCM,,,,,0.45472,0.4448272935316787,0.340031425193479,0.4561420626402576,0.4583160876367708,15.305469254103649,15.0,0.24,ok,
indian_pines,60,50,Softmax,,,,,0.6955733333333334,0.5906083031437016,0.5760675179942223,0.7203629622402186,0.6243324506520916,11.89688307820578,,30.32,ok,
indian_pines,60,50,KFCM,,,,,0.3044266666666667,0.3930694060668855,0.262523933587765,0.306566494292126,0.3989465678158225,29597.057488079303,131.0,0.09,ok,
indian_pines,60,50,SMUC,,,,,0.4855466666666667,0.4842331594697414,0.3372102420475608,0.5152697824177969,0.5116041738956761,6.17616242903692,51.0,0.11,ok,
indian_pines,60,50,S2-PFCM,,,,,0.4581333333333333,0.4455271546615623,0.3406484557271896,0.4974143818909162,0.4768585281551434,22.03857758279624,15.0,0.24,ok,
indian_pines,60,50,Sr-SSFCM,0.99,3924.2324616208766,39.63871173354424,0.9324491736991762,0.69568,0.5904115042008844,0.5758827862462724,0.720460532734901,0.6241551395976634,8.313880955105661,5.0,35.84,ok,
indian_pines,60,50,Sw-SSFCM_r1,0.99,3924.2324616208766,39.63871173354424,0.9372323709967502,0.77216,0.6769752442684878,0.6414416041943294,0.7893453019806811,0.7041540477939117,5.7936140374134135,5.0,35.85,ok,
indian_pines,60,50,Sw-SSFCM_r2,0.99,3924.2324616208766,39.63871173354424,0.9386037246636746,0.7812266666666666,0.6892648943715516,0.6508212196300998,0.7980290760074153,0.7160973021204746,5.739242117827599,5.0,35.85,ok,
indian_pines,60,51,FCM,,,,,0.3082666666666667,0.395710766105508,0.2691782873225664,0.3070543467655381,0.4004080579907145,23975981.559685983,240.0,0.1,ok,
indian_pines,60,51,FCM_S1,,,,,0.32192,0.4033178794027479,0.2687577040981888,0.3201287930529807,0.4081951539764,3567.9718424784246,295.0,0.32,ok,
indian_pines,60,51,FCM_S2,,,,,0.3210666666666666,0.4025706444253474,0.2660035136910039,0.3192506586008391,0.4069200368745189,3036705.250369417,260.0,0.62,ok,
indian_pines,60,51,FLICM,,,,,0.3294933333333333,0.4091936824710667,0.2663708399536846,0.3285198555956679,0.413779014232517,232.22910030783456,435.0,1.84,ok,
indian_pines,60,51,KWFLICM,,,,,0.3394133333333333,0.3801846086847725,0.1978193316138876,0.3268611571860669,0.3771709396272913,2880840970263.9844,65.0,0.2,ok,
indian_pines,60,51,SSFCM,,,,,0.30624,0.3924602025418309,0.2625006213171253,0.2968094448238852,0.3596270637204863,120153000580684.69,395.0,1.53,ok,
indian_pines,60,51,eSFCM,,,,,0.3706666666666666,0.4323183048430444,0.3530714293730409,0.3508634988779393,0.4119060229116478,0.8836280227506998,140.0,0.53,ok,
indian_pines,60,51,S3FCM,,,,,0.3226666666666666,0.4019041447491369,0.2766682573971895,0.3286174260903503,0.4117244781343844,42.8237606768375,146.0,0.32,ok,
indian_pines,60,51,GS-SPFCM,,,,,0.4418133333333333,0.4387337546680021,0.3435511761947981,0.4414089179432139,0.4527853522007211,6.353411284118334,15.0,0.22,ok,
indian_pines,60,51,Softmax,,,,,0.67552,0.5703995430946013,0.5743140449070924,0.7015318567665139,0.6067059832979125,26.05748745483488,,30.13,ok,
indian_pines,60,51,KFCM,,,,,0.3090133333333333,0.3962416166382399,0.2700682141012114,0.3079324812176798,0.4009495548089038,35740.0741945054,146.0,0.17,ok,
indian_pines,60,51,SMUC,,,,,0.5045333333333333,0.5285645085414472,0.3487732830212484,0.5248316908966728,0.5429804747887429,9.355692022095656,56.0,0.11,ok,
indian_pines,60,51,S2-PFCM,,,,,0.44736,0.4386461216989615,0.3439987242050937,0.4868767684652161,0.4712555499122601,7.409264820152183,16.0,0.27,ok,
indian_pines,60,51,Sr-SSFCM,0.99,4064.22291035632,41.0527566702659,0.93654605803765,0.67616,0.5710495702304901,0.5755689897999738,0.7021172797346082,0.6073439225107665,14.935286401713547,5.0,37.41,ok,
indian_pines,60,51,Sw-SSFCM_r1,0.99,4064.22291035632,41.0527566702659,0.9419873511362682,0.7789866666666667,0.6781376198111511,0.6556834225492645,0.7955898136403552,0.7061382457330566,10.44288401934933,5.0,37.41,ok,
indian_pines,60,51,Sw-SSFCM_r2,0.99,4064.22291035632,41.0527566702659,0.9435261350371692,0.79104,0.6960669856869804,0.6700385029473631,0.8062249975607376,0.7226185512826744,10.776637640089824,5.0,37.42,ok,
ksc,5,42,FCM,,,,,0.5260396424407306,0.5864950601633405,0.3555403302779322,0.5242755709076953,0.5854872680509623,3.2281349053482105,115.0,0.88,ok,
ksc,5,42,FCM_S1,,,,,0.5483870967741935,0.6148134134539471,0.3710010354673351,0.5461523699865669,0.6134502935083135,3.411047557101349,115.0,2.4,ok,
ksc,5,42,FCM_S2,,,,,0.5378935095219588,0.6053933970869774,0.3633441052921077,0.5357896756860487,0.6043955999757966,3.3470204295133,135.0,5.47,ok,
ksc,5,42,FLICM,,,,,0.4621064904780412,0.6135927416449788,0.3077024305855676,0.4607560928804452,0.6128065191922555,7.395723211561711,185.0,31.46,ok,
ksc,5,42,KWFLICM,,,,,0.5307034589972794,0.6414547925620234,0.3789306756480117,0.5290731145653426,0.6405866058376981,8.093385237910708,270.0,4.75,ok,
ksc,5,42,SSFCM,,,,,0.5192382432957637,0.5714701982881083,0.3240642665630393,0.5146804835924007,0.5581072705940936,3.223775336027817,150.0,16.78,ok,
ksc,5,42,eSFCM,,,,,0.4411193159735717,0.5026616181845812,0.2144721912317707,0.4413740165035502,0.4927488801341557,5.17051666666444,145.0,15.91,ok,
ksc,5,42,S3FCM,,,,,0.5273999222697241,0.587664149661869,0.3567326014629791,0.5221646516983305,0.5827582002635515,3.227174199411757,63.0,2.09,ok,
ksc,5,42,GS-SPFCM,,,,,0.5689856198989507,0.581689289860382,0.3862543677373021,0.5686048743043561,0.579901548237321,417.9099924563627,25.0,8.3,ok,
ksc,5,42,Softmax,,,,,0.7994558880684026,0.7491159080445112,0.7294657665202677,0.8002302820955671,0.7499940166479943,31.66901761639524,,7.4,ok,
ksc,5,42,Sr-SSFCM,0.99,1296.368875879759,13.094635109896563,0.8880299622004931,0.7988729109988341,0.7486183810541626,0.7291091168345432,0.7994626751103435,0.7493570327412223,55.58411644995822,10.0,5.78,ok,
ksc,5,42,Sw-SSFCM_r1,0.99,1296.368875879759,13.094635109896563,0.8928664145739136,0.8299650213758258,0.7872186639953264,0.7671795311398477,0.8307426597582038,0.7878697149193022,50.42834694050941,10.0,5.85,ok,
ksc,5,42,Sw-SSFCM_r2,0.99,1296.368875879759,13.094635109896563,0.8945525953511216,0.8414302370773417,0.804581329876377,0.7787103188745004,0.8424486662828632,0.8055023169522373,49.01557394192301,10.0,5.9,ok,
ksc,5,43,FCM,,,,,0.5262339681305869,0.5862410351740736,0.3555211181519927,0.5242755709076953,0.5854872680509623,3.228153195281781,110.0,1.02,ok,
ksc,5,43,FCM_S1,,,,,0.5479984453944812,0.6143008308902395,0.370513389474745,0.5461523699865669,0.6134502935083135,3.4110743961920056,130.0,3.8,ok,
ksc,5,43,FCM_S2,,,,,0.5382821609016712,0.6057984469055652,0.3634473660137802,0.5359815774323546,0.6044980107555945,3.346866744662085,120.0,4.83,ok,
ksc,5,43,FLICM,,,,,0.4617178390983288,0.6137689852080168,0.3071965461507441,0.4607560928804452,0.6128065191922555,7.395742447176886,175.0,21.5,ok,
ksc,5,43,KWFLICM,,,,,0.4700738437621453,0.6179521785600777,0.3096344809034397,0.4691997697179044,0.6173049423607929,7.6305172154026355,885.0,11.62,ok,
ksc,5,43,SSFCM,,,,,0.5260396424407306,0.5862422187830356,0.3553379646767406,0.5213970447131069,0.5736023266059864,3.231339068553751,95.0,10.07,ok,
ksc,5,43,eSFCM,,,,,0.4393703847648659,0.4999419925352242,0.2190380529356624,0.4358088658606793,0.4927886737277174,4.67088909289394,120.0,16.54,ok,
ksc,5,43,S3FCM,,,,,0.5272055965798679,0.587350962767371,0.3564306190136545,0.5221646516983305,0.576344577542459,3.2271210032101387,120.0,4.66,ok,
ksc,5,43,GS-SPFCM,,,,,0.6389428682471823,0.61201116163256,0.4652636602899645,0.6367299942429476,0.6105179520484096,218.3955570046353,23.0,11.34,ok,
ksc,5,43,Softmax,,,,,0.7811892732219199,0.7493751620727465,0.6517627732184833,0.7821915179428133,0.7500468903454791,67.14295133497433,,8.23,ok,
ksc,5,43,Sr-SSFCM,0.99,1312.6026247421755,13.2586123711331,0.8710612532962648,0.7808006218422076,0.748797063115118,0.6514252429446162,0.7818077144502015,0.749468782589179,46.46263337231615,10.0,5.65,ok,
ksc,5,43,Sw-SSFCM_r1,0.99,1312.6026247421755,13.2586123711331,0.8753800946182628,0.8064516129032258,0.7880796167361602,0.6781729392355184,0.8065630397236615,0.7885334874571044,63.968870662844175,10.0,5.73,ok,
ksc,5,43,Sw-SSFCM_r2,0.99,1312.6026247421755,13.2586123711331,0.8768964782984395,0.8177225029148854,0.806803931579901,0.6897732778494808,0.8176933410094032,0.8069638947701621,72.13272090980804,10.0,5.78,ok,
ksc,5,44,FCM,,,,,0.5260396424407306,0.5864216885750183,0.3558449155082869,0.5244674726540012,0.5855701079101975,3.2283409573038964,95.0,0.67,ok,
ksc,5,44,FCM_S1,,,,,0.5476097940147687,0.613910916424014,0.3707732324694849,0.5461523699865669,0.6134502935083135,3.4110575222684743,95.0,2.0,ok,
ksc,5,44,FCM_S2,,,,,0.5375048581422464,0.6052457196287647,0.3633069172092688,0.5359815774323546,0.604648535459267,3.346981787680487,75.0,4.89,ok,
ksc,5,44,FLICM,,,,,0.4617178390983288,0.6134228112524556,0.3075820187892153,0.4607560928804452,0.6128065191922555,7.3957276853162845,175.0,28.88,ok,
ksc,5,44,KWFLICM,,,,,0.5307034589972794,0.6412190749263559,0.3792402073089085,0.5290731145653426,0.6405866058376981,8.093581869973132,225.0,4.15,ok,
ksc,5,44,SSFCM,,,,,0.5256509910610183,0.5863346936091431,0.3555279633017738,0.5219727499520246,0.5730286400010184,3.2323873809214043,170.0,19.01,ok,
ksc,5,44,eSFCM,,,,,0.4591916051301982,0.5181630951915452,0.2081147633736222,0.4592208789099981,0.5108463060275145,8.801023443801675,205.0,22.34,ok,
ksc,5,44,S3FCM,,,,,0.5262339681305869,0.5871005434476909,0.3561574131697489,0.5227403569372481,0.578824431568671,3.2281099451347357,115.0,2.55,ok,
ksc,5,44,GS-SPFCM,,,,,0.6216478818499805,0.594048830830222,0.4633846333622781,0.620226444060641,0.5919980379932932,58.04251026825452,33.0,12.71,ok,
ksc,5,44,Softmax,,,,,0.7852701127089001,0.7357203058452247,0.7273949843950517,0.7858376511226253,0.7364529193456574,193.23924537379105,,12.36,ok,
ksc,5,44,Sr-SSFCM,0.99,1443.2260768855117,14.578041180661748,0.8770834473991491,0.7850757870190439,0.7356536729899763,0.7274109300230885,0.7856457493763194,0.7363879805690402,106.90786605629198,10.0,5.7,ok,
ksc,5,44,Sw-SSFCM_r1,0.99,1443.2260768855117,14.578041180661748,0.8806705081584546,0.8140303148076176,0.7771919292754028,0.7698004354710606,0.8140472078295913,0.77760340934204,113.08963844606204,5.0,5.74,ok,
ksc,5,44,Sw-SSFCM_r2,0.99,1443.2260768855117,14.578041180661748,0.8829679483630583,0.8251068791294209,0.7990625728932529,0.7833371496763374,0.824985607369027,0.7993704768958537,112.8124748442613,5.0,5.78,ok,
ksc,5,45,FCM,,,,,0.5262339681305869,0.5867797478869274,0.3557706207658642,0.5242755709076953,0.5854872680509622,3.228154240526304,120.0,0.76,ok,
ksc,5,45,FCM_S1,,,,,0.5481927710843374,0.6149677703985071,0.3711138982787261,0.5461523699865669,0.6134502935083136,3.411015538060071,125.0,2.28,ok,
ksc,5,45,FCM_S2,,,,,0.5378935095219588,0.6058659766720133,0.3634415765375447,0.5359815774323546,0.6044980107555945,3.346851181465549,100.0,4.34,ok,
ksc,5,45,FLICM,,,,,0.4623008161678974,0.614187226847489,0.3077107502021804,0.4607560928804452,0.6128065191922555,7.395685155817907,195.0,21.7,ok,
ksc,5,45,KWFLICM,,,,,0.5314807617567042,0.6420824701268264,0.3796214508356506,0.5290731145653426,0.6405866058376981,8.093566354551173,250.0,4.28,ok,
ksc,5,45,SSFCM,,,,,0.5264282938204431,0.5868611518813147,0.3559033019883707,0.5231241604298599,0.5796703193621132,3.230794068296984,95.0,9.92,ok,
ksc,5,45,eSFCM,,,,,0.4978624174115818,0.5348885414720801,0.2375681420632893,0.4954903089618115,0.5255740445418847,8.457411810429774,225.0,22.76,ok,
ksc,5,45,S3FCM,,,,,0.5270112708900117,0.5871495259345467,0.3563648255708853,0.5227403569372481,0.5814591145013583,3.22817569364156,90.0,2.29,ok,
ksc,5,45,GS-SPFCM,,,,,0.6383598911776137,0.6258017720876414,0.4387770841436095,0.6371137977355594,0.6239433338586875,86.77342731405324,25.0,7.87,ok,
ksc,5,45,Softmax,,,,,0.7526233968130587,0.7293447258727173,0.6169584416355819,0.7530224525043178,0.7296272600953385,113.0213826493179,,5.24,ok,
ksc,5,45,Sr-SSFCM,0.99,1234.1529266865025,12.466191178651547,0.879584926991361,0.7528177225029149,0.7294253695607211,0.6179928899558699,0.7532143542506237,0.7297022582144983,37.85475652385946,5.0,5.66,ok,
ksc,5,45,Sw-SSFCM_r1,0.99,1234.1529266865025,12.466191178651547,0.8846402610045478,0.7693354061406918,0.7628151665867928,0.6394557259116923,0.7697179044329303,0.7632039327901863,43.707001147714266,5.0,5.73,ok,
ksc,5,45,Sw-SSFCM_r2,0.99,1234.1529266865025,12.466191178651547,0.8865879056047372,0.7817722502914886,0.7808455364063487,0.6564428587890467,0.7819996161965074,0.7810218255432951,52.42067976112586,5.0,5.77,ok,
ksc,5,46,FCM,,,,,0.5250680139914496,0.5849986052785984,0.3545354292998291,0.5242755709076953,0.5854872680509623,3.2281429509620425,115.0,0.74,ok,
ksc,5,46,FCM_S1,,,,,0.5472211426350564,0.6132789528908019,0.3698646492255992,0.5461523699865669,0.6134502935083136,3.4108584425178514,125.0,2.29,ok,
ksc,5,46,FCM_S2,,,,,0.5365332296929655,0.6041352711473987,0.3619451726340349,0.5359815774323546,0.6044980107555945,3.346880267054632,160.0,5.19,ok,
ksc,5,46,FLICM,,,,,0.4617178390983288,0.612966343121942,0.3071101898216647,0.4607560928804452,0.6128065191922555,7.395649171009993,185.0,20.54,ok,
ksc,5,46,KWFLICM,,,,,0.5318694131364167,0.6414488749368242,0.3776671733207027,0.5315678372673192,0.6417583270071466,7.820031997410561,170.0,3.09,ok,
ksc,5,46,SSFCM,,,,,0.5250680139914496,0.5849348261097891,0.354479088460385,0.5210132412204951,0.5700841123959038,3.2315084566646086,75.0,7.6,ok,
ksc,5,46,eSFCM,,,,,0.4382044306257287,0.4984504641642055,0.2184754249743247,0.4361926693532911,0.4883092367864094,4.6743588821587645,125.0,12.41,ok,
ksc,5,46,S3FCM,,,,,0.5248736883015934,0.5841647471401695,0.3544191282387562,0.519478027250048,0.5781129362438857,3.228163953454423,243.0,4.63,ok,
ksc,5,46,GS-SPFCM,,,,,0.657209483093665,0.6192465135096468,0.479901847646755,0.6584148915755134,0.6188241439358889,64.57767919627796,35.0,11.29,ok,
ksc,5,46,Softmax,,,,,0.7697240575204042,0.7109830122301752,0.6821881483501409,0.7716369218959892,0.7123295750644704,73.55109366302742,,8.12,ok,
ksc,5,46,Sr-SSFCM,0.99,1245.0696081371236,12.576460688253784,0.8604028408582223,0.7697240575204042,0.7110362152224315,0.6822219978949643,0.7716369218959892,0.7123888400027267,18.13467060729496,5.0,5.65,ok,
ksc,5,46,Sw-SSFCM_r1,0.99,1245.0696081371236,12.576460688253784,0.8626775698441599,0.7833268558103381,0.7343656644148758,0.701674474100147,0.7848781423910958,0.7357361245819943,21.11411715351768,5.0,5.73,ok,
ksc,5,46,Sw-SSFCM_r2,0.99,1245.0696081371236,12.576460688253784,0.8644534466687451,0.7951807228915663,0.7538505174253325,0.7152924236577901,0.7963922471694492,0.7549479204312226,22.404979614271387,5.0,5.8,ok,
ksc,5,47,FCM,,,,,0.5256509910610183,0.5867350268274494,0.3551928401388405,0.5242755709076953,0.5855948962762016,3.228337079549975,130.0,0.91,ok,
ksc,5,47,FCM_S1,,,,,0.5476097940147687,0.6148295851329648,0.3704398504120538,0.5463442717328728,0.6136105847850032,3.412457682354276,125.0,2.57,ok,
ksc,5,47,FCM_S2,,,,,0.5369218810726778,0.605306591139162,0.3625748542204191,0.5355977739397428,0.6042202131697397,3.3470489705683826,110.0,4.65,ok,
ksc,5,47,FLICM,,,,,0.5205985231247571,0.6261196690413119,0.3424138268370566,0.5189023220111303,0.62482843634377,7.78515775587543,205.0,24.85,ok,
ksc,5,47,KWFLICM,,,,,0.5831713952584532,0.6524066715081437,0.3933141772993862,0.5816541930531568,0.6513111064740089,3.6323635985220335,130.0,3.08,ok,
ksc,5,47,SSFCM,,,,,0.5254566653711621,0.5866232093134066,0.3550315307861502,0.5217808482057187,0.5731986054696961,3.2318576196354933,175.0,19.31,ok,
ksc,5,47,eSFCM,,,,,0.4914496696463272,0.557631432085913,0.2735924314566834,0.4881980426021877,0.5494085523100476,7.639278048191046,105.0,11.5,ok,
ksc,5,47,S3FCM,,,,,0.5281772250291489,0.5881048249576447,0.3573443720983825,0.5227403569372481,0.5751345997296521,3.2260103151371515,106.0,2.88,ok,
ksc,5,47,GS-SPFCM,,,,,0.5141857753595025,0.5532025752719533,0.369076897538851,0.5144885818460948,0.5525580802214161,98.26921270745184,45.0,14.74,ok,
ksc,5,47,Softmax,,,,,0.7364943645549942,0.7256977651912673,0.6391957107147908,0.7376703127998465,0.7266829352170764,110.44364165888638,,8.06,ok,
ksc,5,47,Sr-SSFCM,0.99,1397.6503829615676,14.117680635975445,0.8735793705906668,0.7349397590361446,0.7247594813620475,0.6383396967578446,0.7361350988293993,0.725753967677356,21.84354272145764,10.0,5.65,ok,
ksc,5,47,Sw-SSFCM_r1,0.99,1397.6503829615676,14.117680635975445,0.8769874729210733,0.7520404197434901,0.7560837979886055,0.6531542068653398,0.7532143542506237,0.7567632309287022,27.397178526818635,10.0,5.81,ok,
ksc,5,47,Sw-SSFCM_r2,0.99,1397.6503829615676,14.117680635975445,0.8790391484967478,0.7619510299261563,0.7757986025936219,0.6602202361590253,0.7630013433122241,0.7765010098052205,31.0552013353091,10.0,5.78,ok,
ksc,5,48,FCM,,,,,0.5254566653711621,0.5864833833494976,0.355235572289914,0.5242755709076953,0.5854872680509623,3.228131180221044,135.0,0.94,ok,
ksc,5,48,FCM_S1,,,,,0.5470268169452002,0.6143531175738369,0.3702616573974767,0.5461523699865669,0.6134502935083136,3.4109296101541324,135.0,2.73,ok,
ksc,5,48,FCM_S2,,,,,0.5369218810726778,0.6054042722126464,0.362760735085218,0.5359815774323546,0.6044980107555945,3.3468558724346447,130.0,4.96,ok,
ksc,5,48,FLICM,,,,,0.461912164788185,0.6134547212246312,0.3075446387676291,0.4607560928804452,0.6128065191922555,7.39578824229858,185.0,22.42,ok,
ksc,5,48,KWFLICM,,,,,0.5326467158958414,0.6422770184608902,0.3786636194978633,0.5315678372673192,0.6417583270071466,7.8201527631459475,305.0,4.94,ok,
ksc,5,48,SSFCM,,,,,0.5250680139914496,0.5859334022370556,0.3549065227116653,0.5213970447131069,0.5725822598197058,3.232209866958218,190.0,20.96,ok,
ksc,5,48,eSFCM,,,,,0.4411193159735717,0.5031329069183744,0.2145338997808304,0.4394549990404913,0.4949233295496539,5.171441797109919,140.0,15.24,ok,
ksc,5,48,S3FCM,,,,,0.5254566653711621,0.5855163031427072,0.3550384055521457,0.5204375359815774,0.5786621151154908,3.228920908597594,243.0,5.29,ok,
ksc,5,48,GS-SPFCM,,,,,0.6496307811892732,0.6062782396916795,0.4907232803058198,0.6472845902897716,0.604305679628359,166.0711517379832,25.0,8.56,ok,
ksc,5,48,Softmax,,,,,0.7681694520015546,0.7374670536423914,0.655980142938824,0.768566493955095,0.7377673090005873,65.51864469382657,,8.45,ok,
ksc,5,48,Sr-SSFCM,0.99,1470.9758124286427,14.858341539683272,0.8751903910635065,0.7679751263116984,0.737331470023505,0.6557840769334911,0.7683745922087891,0.7376338845293348,25.44440884885029,10.0,5.68,ok,
ksc,5,48,Sw-SSFCM_r1,0.99,1470.9758124286427,14.858341539683272,0.8789557878841007,0.7796346677030703,0.7652206079609026,0.6636153877749383,0.7798886969871426,0.7662964984183472,26.34685398389872,10.0,5.76,ok,
ksc,5,48,Sw-SSFCM_r2,0.99,1470.9758124286427,14.858341539683272,0.8809350034023065,0.7938204430625728,0.7844314847976471,0.6785178813908972,0.7938975244674726,0.7855171616605024,26.569778808262257,10.0,5.81,ok,
ksc,5,49,FCM,,,,,0.5262339681305869,0.5868456318833902,0.3558104353761557,0.5242755709076953,0.5854872680509622,3.228170069452259,115.0,0.82,ok,
ksc,5,49,FCM_S1,,,,,0.5483870967741935,0.6150385325976552,0.3711657272557845,0.5463442717328728,0.6136105847850032,3.412520939688387,110.0,2.35,ok,
ksc,5,49,FCM_S2,,,,,0.538087835211815,0.6059640418289048,0.3635484831153806,0.5359815774323546,0.6044980107555945,3.3468314606413023,105.0,4.63,ok,
ksc,5,49,FLICM,,,,,0.461912164788185,0.6134974657313973,0.3074872287611436,0.4607560928804452,0.6128065191922555,7.395659084157365,180.0,21.99,ok,
ksc,5,49,KWFLICM,,,,,0.5305091333074232,0.6410232479175325,0.3786812349977541,0.5292650163116485,0.6404288757292812,8.914658900407415,165.0,3.46,ok,
ksc,5,49,SSFCM,,,,,0.5194325689856198,0.5721257239410481,0.3243538111556668,0.515831894070236,0.5604729786624469,3.2233452593101504,90.0,10.03,ok,
ksc,5,49,eSFCM,,,,,0.4411193159735717,0.5029414961985147,0.2145021966546654,0.4448282479370562,0.500556401353497,5.170701185050409,140.0,15.27,ok,
ksc,5,49,S3FCM,,,,,0.5289545277885737,0.5884937553292146,0.3581240861310499,0.5244674726540012,0.5782953190351796,3.225748964969311,96.0,2.64,ok,
ksc,5,49,GS-SPFCM,,,,,0.6202876020209872,0.6101093076296292,0.4533347473720859,0.6190750335828056,0.608069942296573,70.9425406005726,25.0,9.74,ok,
ksc,5,49,Softmax,,,,,0.791099883404586,0.7570752217847055,0.7037846192841919,0.7923623104970255,0.757604841351795,51.77677571904437,,8.34,ok,
ksc,5,49,Sr-SSFCM,0.99,1338.29217305804,13.51810275816203,0.8781739639258563,0.7903225806451613,0.7567202520417335,0.7028829260508738,0.791594703511802,0.7572478202381586,20.908566280866243,10.0,5.69,ok,
ksc,5,49,Sw-SSFCM_r1,0.99,1338.29217305804,13.51810275816203,0.884301827872567,0.8157792460163233,0.7954771998275194,0.7280462017022485,0.816350028785262,0.7958794657862928,30.116751420127247,5.0,5.73,ok,
ksc,5,49,Sw-SSFCM_r2,0.99,1338.29217305804,13.51810275816203,0.8859104649365335,0.8315196268946755,0.8148629495186102,0.7534802322124252,0.832085971982345,0.8149571641217842,37.47304096664586,5.0,5.77,ok,
ksc,5,50,FCM,,,,,0.5256509910610183,0.5864519318494361,0.3553247908514133,0.5244674726540012,0.5857425082059108,3.228342926298005,95.0,0.7,ok,
ksc,5,50,FCM_S1,,,,,0.547804119704625,0.6145055038046956,0.3706897189463668,0.5463442717328728,0.6136105847850032,3.412521867231733,105.0,2.28,ok,
ksc,5,50,FCM_S2,,,,,0.5373105324523902,0.6052991543826369,0.3629392744936114,0.5359815774323546,0.6044978756047997,3.347039201706153,95.0,4.43,ok,
ksc,5,50,FLICM,,,,,0.461912164788185,0.6130490580757173,0.3075073290877529,0.4607560928804452,0.6124338381547442,7.396901119493182,185.0,22.6,ok,
ksc,5,50,KWFLICM,,,,,0.5326467158958414,0.6421553351407918,0.3787360569463696,0.5315678372673192,0.6417583270071466,7.820047852351791,200.0,3.85,ok,
ksc,5,50,SSFCM,,,,,0.5254566653711621,0.5861684065275071,0.3550954936110851,0.5217808482057187,0.5757576228072816,3.231476292331656,70.0,7.79,ok,
ksc,5,50,eSFCM,,,,,0.4382044306257287,0.4989876876221624,0.2184716280411093,0.4342736518902322,0.4913892086737949,4.67366180386975,130.0,14.19,ok,
ksc,5,50,S3FCM,,,,,0.5262339681305869,0.5871969490619765,0.3559487705307231,0.5219727499520246,0.5821907086836062,3.2275628846860958,127.0,3.05,ok,
ksc,5,50,GS-SPFCM,,,,,0.6092110376991838,0.6108560395652334,0.4304991723360285,0.609479946267511,0.609880576948919,120.68225370253909,27.0,9.26,ok,
ksc,5,50,Softmax,,,,,0.7741935483870968,0.7387363296541255,0.7132492356419002,0.7764344655536365,0.7400464462344264,42.59912251759097,,8.37,ok,
ksc,5,50,Sr-SSFCM,0.99,1323.3827794997396,13.367502823229705,0.878406193126281,0.7736105713175282,0.7381159944524104,0.7130198311258185,0.7758587603147189,0.739434164665645,10.85206607140096,5.0,5.68,ok,
ksc,5,50,Sw-SSFCM_r1,0.99,1323.3827794997396,13.367502823229705,0.8809371062199752,0.7928488146132919,0.7719121763276696,0.7378532370521315,0.7942813279600844,0.7731444834926151,13.895795282925445,5.0,5.76,ok,
ksc,5,50,Sw-SSFCM_r2,0.99,1323.3827794997396,13.367502823229705,0.8825941712148543,0.79498639720171,0.7856222723419047,0.7351373163979921,0.7963922471694492,0.7867137015921599,14.263891956010031,5.0,5.81,ok,
ksc,5,51,FCM,,,,,0.5264282938204431,0.5863202198845336,0.3561678035499615,0.5242755709076953,0.5854872680509623,3.228127306349573,110.0,0.8,ok,
ksc,5,51,FCM_S1,,,,,0.5481927710843374,0.6144550808172274,0.3712147525602131,0.5461523699865669,0.6134502935083136,3.410889397670041,120.0,2.54,ok,
ksc,5,51,FCM_S2,,,,,0.5378935095219588,0.6055165817694684,0.3636215791630158,0.5359815774323546,0.6044980107555945,3.346869042603373,120.0,4.94,ok,
ksc,5,51,FLICM,,,,,0.4621064904780412,0.6138737813241717,0.3078129095267049,0.4607560928804452,0.6128065191922555,7.395777285798525,185.0,22.93,ok,
ksc,5,51,KWFLICM,,,,,0.5334240186552662,0.6429050799143312,0.3793652245941827,0.5315678372673192,0.6417583270071466,7.820027065452736,565.0,8.02,ok,
ksc,5,51,SSFCM,,,,,0.518460940536339,0.5712024606089611,0.323545071348322,0.5156399923239301,0.5598696367009199,3.222391237257405,375.0,42.29,ok,
ksc,5,51,eSFCM,,,,,0.4387874076952973,0.4990293034592351,0.218753526348006,0.4377278833237382,0.4933092525170988,4.674330139180364,140.0,15.5,ok,
ksc,5,51,S3FCM,,,,,0.5266226195102993,0.5864861850470142,0.3563602779934032,0.5213970447131069,0.5771825632255183,3.2283349889177098,126.0,3.17,ok,
ksc,5,51,GS-SPFCM,,,,,0.6416634279051691,0.6244520888112733,0.4713287310138989,0.6394166186912301,0.6209912654570702,79.81990601513156,24.0,8.31,ok,
ksc,5,51,Softmax,,,,,0.7448503692188108,0.719283938505875,0.6535731036984042,0.7459220878909998,0.7201516387226777,57.556240440719286,,8.39,ok,
ksc,5,51,Sr-SSFCM,0.99,1353.0845537040807,13.667520744485676,0.8693303466877477,0.7442673921492421,0.7197125016392275,0.6533946976403106,0.7453463826520821,0.720574071733981,17.69148761016198,5.0,5.65,ok,
ksc,5,51,Sw-SSFCM_r1,0.99,1353.0845537040807,13.667520744485676,0.87243838519919,0.7689467547609794,0.7565164047468922,0.6820852356792065,0.7697179044329303,0.7569969073908124,24.56035281540466,5.0,5.73,ok,
ksc,5,51,Sw-SSFCM_r2,0.99,1353.0845537040807,13.667520744485676,0.8743013524659381,0.7833268558103381,0.7831177851101898,0.6981543406061085,0.7839186336595663,0.7836140291539186,28.30990854658588,5.0,5.78,ok,
ksc,10,42,FCM,,,,,0.5276520370005905,0.5868863532828879,0.3558757885955599,0.5242755709076953,0.5854872680509623,3.2281349053482105,115.0,0.83,ok,
ksc,10,42,FCM_S1,,,,,0.5487108836843141,0.6142137665192944,0.3700350558896815,0.5461523699865669,0.6134502935083135,3.411047557101349,115.0,2.46,ok,
ksc,10,42,FCM_S2,,,,,0.5390671127730762,0.6053943801400767,0.3631826088914725,0.5357896756860487,0.6043955999757966,3.3470204295133,135.0,5.09,ok,
ksc,10,42,FLICM,,,,,0.4619169454831726,0.6135738035167964,0.306687005556277,0.4607560928804452,0.6128065191922555,7.395723211561711,185.0,22.93,ok,
ksc,10,42,KWFLICM,,,,,0.5315882700255855,0.6416254354684444,0.3789432490308614,0.5290731145653426,0.6405866058376981,8.093385237910708,270.0,4.64,ok,
ksc,10,42,SSFCM,,,,,0.5211572525093485,0.5718236083866626,0.3246131565176932,0.5119938591441182,0.5497886176618163,3.226869197073038,150.0,16.92,ok,
ksc,10,42,eSFCM,,,,,0.4430230269631962,0.5031321485000169,0.2149343898627214,0.443484935712915,0.4882721860351542,5.229926095566442,180.0,19.92,ok,
ksc,10,42,S3FCM,,,,,0.5282424719543397,0.5870816798406584,0.3563667884955838,0.5187104202648244,0.5803372700806508,3.2289916228432403,115.0,3.02,ok,
ksc,10,42,GS-SPFCM,,,,,0.6022436528242472,0.5970016897699019,0.4264515608722325,0.602379581654193,0.5955150176735239,212.06453125875663,27.0,9.23,ok,
ksc,10,42,Softmax,,,,,0.8226727022239717,0.7730939622246694,0.7578264245984863,0.8236422951448858,0.7743293338749293,123.95967620831608,,10.27,ok,
ksc,10,42,Sr-SSFCM,0.99,1090.9407936895936,11.019603976662571,0.864061285389893,0.8224758905727219,0.7728222871169619,0.7570593554522567,0.823258491652274,0.7738128005461811,48.88180249684304,10.0,7.71,ok,
ksc,10,42,Sw-SSFCM_r1,0.99,1090.9407936895936,11.019603976662571,0.8706720863800824,0.8486518401889391,0.8141115691444606,0.789301314976143,0.8493571291498753,0.8150811911822735,52.84264169373007,10.0,7.8,ok,
ksc,10,42,Sw-SSFCM_r2,0.99,1090.9407936895936,11.019603976662571,0.8735770081601328,0.8592796693564259,0.835893072633462,0.8032810710222653,0.8597198234503934,0.8362662001051264,56.314193326152136,10.0,7.85,ok,
ksc,10,43,FCM,,,,,0.5268647903955914,0.5859853168523078,0.3553021873115342,0.5242755709076953,0.5854872680509623,3.228153195281781,110.0,0.8,ok,
ksc,10,43,FCM_S1,,,,,0.5493013186380634,0.6141425990664733,0.3708372748115449,0.5461523699865669,0.6134502935083135,3.4110743961920056,130.0,2.7,ok,
ksc,10,43,FCM_S2,,,,,0.5388703011218264,0.6052356448780423,0.3632418703238012,0.5359815774323546,0.6044980107555945,3.346866744662085,120.0,4.88,ok,
ksc,10,43,FLICM,,,,,0.4629010037394214,0.6141589453352387,0.307890112287219,0.4607560928804452,0.6128065191922555,7.395742447176886,175.0,21.68,ok,
ksc,10,43,KWFLICM,,,,,0.47195433969691,0.6183964183655118,0.3107743499092286,0.4691997697179044,0.6173049423607929,7.6305172154026355,885.0,11.41,ok,
ksc,10,43,SSFCM,,,,,0.5266679787443417,0.5855551359736151,0.3551272597420461,0.5173671080406832,0.5647329004228597,3.234140884908034,95.0,10.73,ok,
ksc,10,43,eSFCM,,,,,0.4363314308207046,0.4987651701217985,0.2170981005179577,0.429284206486279,0.4883040538112327,4.74891926949692,100.0,11.07,ok,
ksc,10,43,S3FCM,,,,,0.5270616020468412,0.5863148721383399,0.3555285753182281,0.5173671080406832,0.5651129919755314,3.2295786397156063,121.0,3.1,ok,
ksc,10,43,GS-SPFCM,,,,,0.6606967132454241,0.6474880789849939,0.4773527076825852,0.6586067933218193,0.6439361527841252,115.58063765635382,21.0,7.61,ok,
ksc,10,43,Softmax,,,,,0.8309387915764613,0.7562000276992726,0.777208093313305,0.8313183649971215,0.7575036909618781,44.542566456791775,,10.26,ok,
ksc,10,43,Sr-SSFCM,0.99,1137.9917643584806,11.49486630665133,0.8674767654729464,0.8291674867152136,0.7543268101083368,0.7753255161786227,0.8297831510266743,0.7558296906386013,8.062217812391202,10.0,7.72,ok,
ksc,10,43,Sw-SSFCM_r1,0.99,1137.9917643584806,11.49486630665133,0.8744779906694452,0.8628222790789215,0.8052278972053875,0.8156932650514441,0.8631740548838994,0.8061869803306615,7.346974384798044,10.0,7.8,ok,
ksc,10,43,Sw-SSFCM_r2,0.99,1137.9917643584806,11.49486630665133,0.8771207303183098,0.8795512694351506,0.8323927090380859,0.8323577921871992,0.8792938015735943,0.8329250539554423,7.1561122106764286,10.0,7.84,ok,
ksc,10,44,FCM,,,,,0.5266679787443417,0.586002642760262,0.355104675804324,0.5244674726540012,0.5855701079101975,3.2283409573038964,95.0,0.73,ok,
ksc,10,44,FCM_S1,,,,,0.5485140720330643,0.6146448930512924,0.370046220297831,0.5461523699865669,0.6134502935083135,3.4110575222684743,95.0,2.19,ok,
ksc,10,44,FCM_S2,,,,,0.5382798661680771,0.60574606360326,0.3626018277662889,0.5359815774323546,0.604648535459267,3.346981787680487,75.0,4.17,ok,
ksc,10,44,FLICM,,,,,0.4613265105294233,0.6145750991374828,0.3066291500082043,0.4607560928804452,0.6128065191922555,7.3957276853162845,175.0,22.39,ok,
ksc,10,44,KWFLICM,,,,,0.5309978350718363,0.6416745801569164,0.3785284644697447,0.5290731145653426,0.6405866058376981,8.093581869973132,225.0,4.24,ok,
ksc,10,44,SSFCM,,,,,0.5262743554418422,0.5854845168401326,0.3546797375315054,0.5189023220111303,0.563525308206499,3.2358566736897765,170.0,19.8,ok,
ksc,10,44,eSFCM,,,,,0.4693957882306632,0.5207156075816219,0.2155275541092351,0.4691997697179044,0.5096237508081666,8.74814593891221,150.0,17.14,ok,
ksc,10,44,S3FCM,,,,,0.5274552253493406,0.5869315238478778,0.3558371950059941,0.5190942237574362,0.5680325332383074,3.228974344165276,108.0,2.87,ok,
ksc,10,44,GS-SPFCM,,,,,0.5731155284392836,0.5778039138181047,0.4257323071272987,0.574170024947227,0.5756695089174653,82.06918699120529,28.0,9.98,ok,
ksc,10,44,Softmax,,,,,0.8067309584727416,0.7747693294453151,0.7335470634810675,0.8059873344847438,0.7745489474145781,38.07256983424213,,10.48,ok,
ksc,10,44,Sr-SSFCM,0.99,1184.5383460980263,11.965033798969973,0.8694415604398223,0.8061405235189923,0.7744369379891726,0.7337409721686625,0.8054116292458261,0.7742140931325395,15.494813343329136,10.0,7.72,ok,
ksc,10,44,Sw-SSFCM_r1,0.99,1184.5383460980263,11.965033798969973,0.8745083782969374,0.827986616807715,0.8097699064912862,0.7548186805808623,0.8278641335636154,0.8106847834788121,14.182441502271391,10.0,7.81,ok,
ksc,10,44,Sw-SSFCM_r2,0.99,1184.5383460980263,11.965033798969973,0.8768038292568523,0.8441251722101949,0.8347774983395662,0.7732552749035341,0.8434081750143926,0.8351424022247301,14.108610301418745,10.0,7.85,ok,
ksc,10,45,FCM,,,,,0.5274552253493406,0.5864302813453434,0.3555841712478128,0.5242755709076953,0.5854872680509622,3.228154240526304,120.0,0.89,ok,
ksc,10,45,FCM_S1,,,,,0.5494981302893132,0.6148781166041671,0.3707897721653109,0.5461523699865669,0.6134502935083136,3.411015538060071,125.0,2.68,ok,
ksc,10,45,FCM_S2,,,,,0.5390671127730762,0.605508106761136,0.3632852562264738,0.5359815774323546,0.6044980107555945,3.346851181465549,100.0,4.58,ok,
ksc,10,45,FLICM,,,,,0.4625073804369218,0.6139510672535727,0.3073189501175284,0.4607560928804452,0.6128065191922555,7.395685155817907,195.0,24.95,ok,
ksc,10,45,KWFLICM,,,,,0.531194646723086,0.6415564493176735,0.3785798742757938,0.5290731145653426,0.6405866058376981,8.093566354551173,250.0,4.52,ok,
ksc,10,45,SSFCM,,,,,0.5272584136980909,0.5864246501131934,0.3553991279860787,0.5215889464594128,0.5749179517988248,3.233294100095356,95.0,11.07,ok,
ksc,10,45,eSFCM,,,,,0.4999015941743751,0.5361882138491785,0.237698480248602,0.4951065054691997,0.5214697499450435,8.482540722660065,195.0,22.28,ok,
ksc,10,45,S3FCM,,,,,0.5284392836055894,0.5872855277737627,0.3566085016902379,0.5204375359815774,0.5697365724861952,3.227655191259204,114.0,3.14,ok,
ksc,10,45,GS-SPFCM,,,,,0.6652233812241685,0.6346591940965789,0.4889226215021668,0.6630205334868547,0.6308027398272025,71.8594619841591,23.0,8.41,ok,
ksc,10,45,Softmax,,,,,0.8088958866364889,0.7640137508413528,0.7172877588107655,0.8084820571867204,0.7639535353745586,34.32297327231543,,10.47,ok,
ksc,10,45,Sr-SSFCM,0.99,1180.4803916382798,11.924044359982634,0.8602081272503885,0.8096831332414879,0.7648203687740678,0.719732892252008,0.8090577624256381,0.764687875389375,11.419730164999663,10.0,7.71,ok,
ksc,10,45,Sw-SSFCM_r1,0.99,1180.4803916382798,11.924044359982634,0.8677084691613283,0.8380240110214525,0.8094533457664427,0.7602427838739536,0.8376511226252159,0.8095617671954651,9.884240656715273,10.0,7.79,ok,
ksc,10,45,Sw-SSFCM_r2,0.99,1180.4803916382798,11.924044359982634,0.8710203273418176,0.8478645935839402,0.824721473329928,0.7728004819623382,0.8474381116868164,0.8248775009530067,10.0643897488327,10.0,7.84,ok,
ksc,10,46,FCM,,,,,0.5260775437905924,0.586351612539909,0.3547429514222938,0.5242755709076953,0.5854872680509623,3.2281429509620425,115.0,0.86,ok,
ksc,10,46,FCM_S1,,,,,0.5483172603818146,0.614115821479244,0.3700657114147283,0.5461523699865669,0.6134502935083136,3.4108584425178514,125.0,2.68,ok,
ksc,10,46,FCM_S2,,,,,0.5380830545168274,0.6051847608400107,0.3625528013449091,0.5359815774323546,0.6044980107555945,3.346880267054632,160.0,5.57,ok,
ksc,10,46,FLICM,,,,,0.4634914386931706,0.614088453349057,0.3079822914163914,0.4607560928804452,0.6128065191922555,7.395649171009993,185.0,23.67,ok,
ksc,10,46,KWFLICM,,,,,0.5339500098405826,0.6429391609054798,0.37877276863451,0.5315678372673192,0.6417583270071466,7.820031997410561,170.0,3.61,ok,
ksc,10,46,SSFCM,,,,,0.5260775437905924,0.5862879319736727,0.3546848940248222,0.5179428132796008,0.5617410755207005,3.235106199668841,75.0,8.74,ok,
ksc,10,46,eSFCM,,,,,0.4355441842157055,0.4986908440188365,0.2168085118419007,0.4300518134715025,0.4834214000571437,4.758157280996311,110.0,12.57,ok,
ksc,10,46,S3FCM,,,,,0.5266679787443417,0.5874324404752294,0.3553615440595914,0.5185185185185185,0.5756160417817829,3.2286704444997767,117.0,3.17,ok,
ksc,10,46,GS-SPFCM,,,,,0.6004723479629994,0.5820043793214048,0.4260991878024522,0.6002686624448282,0.5801733669702662,47.517962618531286,31.0,10.77,ok,
ksc,10,46,Softmax,,,,,0.8128321196614839,0.7525732187652014,0.7531211027681017,0.8146229130685089,0.7540718638767567,110.17927430089642,,10.46,ok,
ksc,10,46,Sr-SSFCM,0.99,1217.4593534813648,12.297569227084503,0.8517375935224484,0.8106671914977367,0.7501241692022099,0.748210885663078,0.8123200921128382,0.7513836363449548,30.45025879249102,10.0,7.69,ok,
ksc,10,46,Sw-SSFCM_r1,0.99,1217.4593534813648,12.297569227084503,0.8573120944489327,0.840779374138949,0.7957040473773764,0.7878240940859353,0.8416810592976396,0.7963893491003071,34.427122687650844,10.0,7.78,ok,
ksc,10,46,Sw-SSFCM_r2,0.99,1217.4593534813648,12.297569227084503,0.8593067141398085,0.8518008266089353,0.817751345682574,0.8018634139432641,0.8530032623296872,0.818815865888013,37.25994712655842,10.0,7.83,ok,
ksc,10,47,FCM,,,,,0.5264711670930919,0.5861413678677659,0.3552982678933284,0.5242755709076953,0.5855948962762016,3.228337079549975,130.0,0.96,ok,
ksc,10,47,FCM_S1,,,,,0.5481204487305649,0.6138587792603953,0.3701122023220311,0.5463442717328728,0.6136105847850032,3.412457682354276,125.0,2.69,ok,
ksc,10,47,FCM_S2,,,,,0.5376894312143279,0.6047240736434434,0.3625117534842913,0.5355977739397428,0.6042202131697397,3.3470489705683826,110.0,4.75,ok,
ksc,10,47,FLICM,,,,,0.520763629206849,0.6248594203949912,0.341775978550919,0.5189023220111303,0.62482843634377,7.78515775587543,205.0,26.29,ok,
ksc,10,47,KWFLICM,,,,,0.5839401692580201,0.6522495416549842,0.3932485744351587,0.5816541930531568,0.6513111064740089,3.6323635985220335,130.0,3.14,ok,
ksc,10,47,SSFCM,,,,,0.5264711670930919,0.5857524408102324,0.3553178529539326,0.5190942237574362,0.5637248765380651,3.235487449428088,175.0,20.38,ok,
ksc,10,47,eSFCM,,,,,0.4880928950993898,0.5561779335476418,0.2719085837697148,0.4816733832277873,0.5435886809142463,7.660605781205666,90.0,10.29,ok,
ksc,10,47,S3FCM,,,,,0.5274552253493406,0.5872992407447697,0.3562057189790578,0.5171752062943773,0.5730485454579973,3.2286619826889384,108.0,3.09,ok,
ksc,10,47,GS-SPFCM,,,,,0.6329462704192088,0.610862112253065,0.4509353598210671,0.6313567453463826,0.6083411896417148,80.76968614679264,24.0,8.83,ok,
ksc,10,47,Softmax,,,,,0.7986616807715017,0.7555792127795805,0.7107691818319803,0.7992707733640376,0.7569213670836339,110.72027226627696,,10.48,ok,
ksc,10,47,Sr-SSFCM,0.99,1170.7460869480929,11.825718049980743,0.8706899741550062,0.7980712458177525,0.755103023469226,0.7105314704087652,0.7986950681251199,0.7564706790933572,48.18119413687796,5.0,7.66,ok,
ksc,10,47,Sw-SSFCM_r1,0.99,1170.7460869480929,11.825718049980743,0.8763897592789206,0.8230663255264712,0.7913877049904471,0.745308464025508,0.823258491652274,0.7920491243181081,53.76263271300871,5.0,7.74,ok,
ksc,10,47,Sw-SSFCM_r2,0.99,1170.7460869480929,11.825718049980743,0.8792681087175738,0.8307419799252116,0.8049226469031162,0.7528852956091794,0.8307426597582038,0.8052584855943842,57.0096512818422,5.0,7.79,ok,
ksc,10,48,FCM,,,,,0.52804566030309,0.5870628318388705,0.3560535638449472,0.5242755709076953,0.5854872680509623,3.228131180221044,135.0,0.99,ok,
ksc,10,48,FCM_S1,,,,,0.5500885652430624,0.615026952141477,0.3712328437089274,0.5461523699865669,0.6134502935083136,3.4109296101541324,135.0,2.85,ok,
ksc,10,48,FCM_S2,,,,,0.5402479826805747,0.6061177788631031,0.364091929603754,0.5359815774323546,0.6044980107555945,3.3468558724346447,130.0,5.08,ok,
ksc,10,48,FLICM,,,,,0.4644754969494194,0.614219473940771,0.3087734054304907,0.4607560928804452,0.6128065191922555,7.39578824229858,185.0,23.67,ok,
ksc,10,48,KWFLICM,,,,,0.5359181263530801,0.6440465968372319,0.3802762095613198,0.5315678372673192,0.6417583270071466,7.8201527631459475,305.0,5.23,ok,
ksc,10,48,SSFCM,,,,,0.5278488486518402,0.5866305525478342,0.3558800194243861,0.5204375359815774,0.5645996771893919,3.235621931653788,190.0,22.71,ok,
ksc,10,48,eSFCM,,,,,0.4430230269631962,0.5035063284522742,0.2149212353659892,0.4396469007867971,0.4907889892473041,5.230180758628395,180.0,21.11,ok,
ksc,10,48,S3FCM,,,,,0.5290297185593387,0.5876115520158914,0.3570843408184219,0.5217808482057187,0.5747689625281174,3.2279128915866524,118.0,3.41,ok,
ksc,10,48,GS-SPFCM,,,,,0.5996851013580003,0.5748013495023193,0.466011359325766,0.5995010554596046,0.5732411332748243,64.33973616530393,20.0,7.66,ok,
ksc,10,48,Softmax,,,,,0.8482582168864397,0.7875018323513867,0.7981501234645416,0.8489733256572635,0.7879680599268277,21.901532099920377,,10.48,ok,
ksc,10,48,Sr-SSFCM,0.99,1135.444482574066,11.46913618761684,0.8615469234078912,0.8486518401889391,0.788906748991869,0.8008707415867201,0.8493571291498753,0.7893613186811185,7.141567619572462,10.0,7.72,ok,
ksc,10,48,Sw-SSFCM_r1,0.99,1135.444482574066,11.46913618761684,0.8677011773111046,0.8805353276913993,0.8333892369297418,0.8391516703242327,0.8810209172903474,0.8341057682266716,7.64871079468736,10.0,7.8,ok,
ksc,10,48,Sw-SSFCM_r2,0.99,1135.444482574066,11.46913618761684,0.8701401445382811,0.8927376500688841,0.8562274250500858,0.8508160186161737,0.8933026290539244,0.8570656140991942,8.04846029072413,10.0,7.85,ok,
ksc,10,49,FCM,,,,,0.5274552253493406,0.5872431450841836,0.3557798801570487,0.5242755709076953,0.5854872680509622,3.228170069452259,115.0,0.88,ok,
ksc,10,49,FCM_S1,,,,,0.5494981302893132,0.6152320098330064,0.3710223810792573,0.5463442717328728,0.6136105847850032,3.412520939688387,110.0,2.49,ok,
ksc,10,49,FCM_S2,,,,,0.5388703011218264,0.6062017544228108,0.3632884658783026,0.5359815774323546,0.6044980107555945,3.3468314606413023,105.0,4.75,ok,
ksc,10,49,FLICM,,,,,0.4629010037394214,0.6138634921981915,0.3078283936675723,0.4607560928804452,0.6128065191922555,7.395659084157365,180.0,23.64,ok,
ksc,10,49,KWFLICM,,,,,0.5313914583743358,0.641448542630192,0.3785760895137577,0.5292650163116485,0.6404288757292812,8.914658900407415,165.0,3.62,ok,
ksc,10,49,SSFCM,,,,,0.5205668175555993,0.5724466660996117,0.3240434992849671,0.5133371713682594,0.552897309209854,3.225914547954753,90.0,10.77,ok,
ksc,10,49,eSFCM,,,,,0.4428262153119465,0.5031381170945061,0.2148375947201553,0.4505853003262329,0.5006890511431652,5.22815220065886,180.0,21.1,ok,
ksc,10,49,S3FCM,,,,,0.5282424719543397,0.5884895957139864,0.3565379734829601,0.5204375359815774,0.5731849823008067,3.2298751322517982,114.0,3.2,ok,
ksc,10,49,GS-SPFCM,,,,,0.6292068490454635,0.6092584973264975,0.4502558281044711,0.6286701208981001,0.6074326185274835,115.07166204973468,23.0,9.81,ok,
ksc,10,49,Softmax,,,,,0.827986616807715,0.769263818273312,0.7689323798068529,0.828631740548839,0.7704364523990117,121.21438364419564,,10.48,ok,
ksc,10,49,Sr-SSFCM,0.99,1193.807873960155,12.058665393536929,0.8503503207853826,0.8277898051564653,0.7696543069162106,0.7686731140167277,0.828631740548839,0.7709147751838932,29.814906007567284,10.0,7.76,ok,
ksc,10,49,Sw-SSFCM_r1,0.99,1193.807873960155,12.058665393536929,0.8540154640584078,0.851210391655186,0.804439810789247,0.7967958056437235,0.8518518518518519,0.8055931198605786,30.564899379665924,5.0,7.79,ok,
ksc,10,49,Sw-SSFCM_r2,0.99,1193.807873960155,12.058665393536929,0.8568384615682915,0.8630190907301712,0.8250721348423812,0.8075339385037699,0.8631740548838994,0.8257990668197656,32.177822512383834,5.0,7.83,ok,
ksc,10,50,FCM,,,,,0.5278488486518402,0.5871923108500845,0.3560928496252862,0.5244674726540012,0.5857425082059108,3.228342926298005,95.0,0.75,ok,
ksc,10,50,FCM_S1,,,,,0.5498917535918126,0.615301606800398,0.371263659774847,0.5463442717328728,0.6136105847850032,3.412521867231733,105.0,2.41,ok,
ksc,10,50,FCM_S2,,,,,0.5392639244243259,0.6058455592176709,0.3633459270649747,0.5359815774323546,0.6044978756047997,3.347039201706153,95.0,4.54,ok,
ksc,10,50,FLICM,,,,,0.4630978153906711,0.6134957032475512,0.3075505516981094,0.4607560928804452,0.6124338381547442,7.396901119493182,185.0,24.33,ok,
ksc,10,50,KWFLICM,,,,,0.535130879748081,0.6439485489727886,0.3798527692358219,0.5315678372673192,0.6417583270071466,7.820047852351791,200.0,4.01,ok,
ksc,10,50,SSFCM,,,,,0.5276520370005905,0.5869481567139784,0.3558838956996606,0.5202456342352716,0.5698782968559809,3.234672543670102,70.0,8.38,ok,
ksc,10,50,eSFCM,,,,,0.4367250541232041,0.4995455338759083,0.2175790565069094,0.429284206486279,0.4883015622984687,4.753805242657077,110.0,12.91,ok,
ksc,10,50,S3FCM,,,,,0.5288329069080889,0.5882476835021658,0.3569715563900653,0.519478027250048,0.5764696612959294,3.228013757390502,119.0,3.15,ok,
ksc,10,50,GS-SPFCM,,,,,0.6065735091517418,0.5939535019056336,0.4283005290249155,0.6054500095950873,0.5919719332031197,88.72660147247585,24.0,8.96,ok,
ksc,10,50,Softmax,,,,,0.8258216886439678,0.7662676879919676,0.7667822480372798,0.8265208213394742,0.7673373867246649,83.29468607235873,,10.52,ok,
ksc,10,50,Sr-SSFCM,0.99,1148.571237917395,11.601729675933289,0.863529192816672,0.8252312536902184,0.7664697607257639,0.7665663668902816,0.8259451161005565,0.767525337953479,18.16992334060628,10.0,7.72,ok,
ksc,10,50,Sw-SSFCM_r1,0.99,1148.571237917395,11.601729675933289,0.8727544035280586,0.847274158630191,0.8018237746943019,0.7968813037141487,0.8483976204183458,0.8029941027250476,16.72480016673292,10.0,7.79,ok,
ksc,10,50,Sw-SSFCM_r2,0.99,1148.571237917395,11.601729675933289,0.8761724002349097,0.8612477858689235,0.8245289481017866,0.809986150735775,0.86221454615237,0.8256305256335316,16.2165983123847,10.0,7.84,ok,
ksc,10,51,FCM,,,,,0.52804566030309,0.587064166570427,0.35618104760123,0.5242755709076953,0.5854872680509623,3.228127306349573,110.0,0.71,ok,
ksc,10,51,FCM_S1,,,,,0.5502853768943121,0.6155650053544696,0.3716937076492078,0.5461523699865669,0.6134502935083136,3.410889397670041,120.0,2.22,ok,
ksc,10,51,FCM_S2,,,,,0.5398543593780751,0.6060989286955744,0.3638354472109836,0.5359815774323546,0.6044980107555945,3.346869042603373,120.0,4.62,ok,
ksc,10,51,FLICM,,,,,0.4625073804369218,0.6139494154250261,0.3073220306733419,0.4607560928804452,0.6128065191922555,7.395777285798525,185.0,20.57,ok,
ksc,10,51,KWFLICM,,,,,0.5345404447943318,0.6436724321646662,0.3793337445124726,0.5315678372673192,0.6417583270071466,7.820027065452736,565.0,7.51,ok,
ksc,10,51,SSFCM,,,,,0.5215508758118481,0.5720982965759157,0.3249018593628694,0.5160237958165419,0.5540467973481003,3.225517413065373,380.0,42.95,ok,
ksc,10,51,eSFCM,,,,,0.4373154890769533,0.5000914680883348,0.2179970481691646,0.4356169641143734,0.492487717389434,4.755348853874547,120.0,13.29,ok,
ksc,10,51,S3FCM,,,,,0.5292265302105885,0.58821479618549,0.357362304419019,0.5198618307426598,0.5736435142919277,3.226952251158974,74.0,2.28,ok,
ksc,10,51,GS-SPFCM,,,,,0.6042117693367447,0.5895337538063763,0.4355568021920266,0.6029552868931107,0.5863290440707863,681.1821528187769,28.0,9.23,ok,
ksc,10,51,Softmax,,,,,0.8108640031489864,0.7726893114983541,0.7420220679035986,0.810976779888697,0.7721118469629958,129.74777102698087,,10.21,ok,
ksc,10,51,Sr-SSFCM,0.99,1111.789901930823,11.23020102960428,0.854923962829314,0.8096831332414879,0.7728822543863069,0.7414255445550768,0.8098253694108616,0.7723071257401947,15.394828891776566,10.0,7.69,ok,
ksc,10,51,Sw-SSFCM_r1,0.99,1111.789901930823,11.23020102960428,0.8571944467389524,0.8380240110214525,0.8134125805653336,0.7777822214376359,0.8380349261178277,0.812701864731268,16.931284506450908,10.0,7.79,ok,
ksc,10,51,Sw-SSFCM_r2,0.99,1111.789901930823,11.23020102960428,0.8587038982257889,0.852784884865184,0.835497976193183,0.7943034724744034,0.853387065822299,0.8354489032738388,17.98980296845213,10.0,7.82,ok,
ksc,20,42,FCM,,,,,0.5297919612199555,0.5874090497818087,0.3557150372536008,0.5242755709076953,0.5854872680509623,3.2281349053482105,115.0,0.83,ok,
ksc,20,42,FCM_S1,,,,,0.5514037568168046,0.6162262900903818,0.3705358333638399,0.5461523699865669,0.6134502935083135,3.411047557101349,115.0,2.46,ok,
ksc,20,42,FCM_S2,,,,,0.5404968693193294,0.6061197575654692,0.36255717536877,0.5357896756860487,0.6043955999757966,3.3470204295133,135.0,5.09,ok,
ksc,20,42,FLICM,,,,,0.4655625126237124,0.6156834112875095,0.3083962466613871,0.4607560928804452,0.6128065191922555,7.395723211561711,185.0,22.82,ok,
ksc,20,42,KWFLICM,,,,,0.5326196727933751,0.6427938035681652,0.3778659168280708,0.5290731145653426,0.6405866058376981,8.093385237910708,270.0,4.1,ok,
ksc,20,42,SSFCM,,,,,0.522318723490204,0.5727845080983546,0.3235695333651251,0.5039339857992707,0.5383208658003815,3.233163437191469,150.0,15.99,ok,
ksc,20,42,eSFCM,,,,,0.4467784286002828,0.506359179464622,0.2157854604219235,0.4475148723853387,0.4861079088093724,5.425880693760248,140.0,15.07,ok,
ksc,20,42,S3FCM,,,,,0.5303978994142597,0.5878184962018413,0.3563064817710696,0.5146804835924007,0.5662362412190171,3.231703641985158,115.0,2.92,ok,
ksc,20,42,GS-SPFCM,,,,,0.6548172086447183,0.6302436760315285,0.4691222059667774,0.6511226252158895,0.6233600619158042,243.81671715535225,23.0,7.79,ok,
ksc,20,42,Softmax,,,,,0.8519491011916784,0.7955918553638682,0.7957778769809754,0.8520437535981578,0.7951826596004252,46.97165424740896,,13.38,ok,
ksc,20,42,Sr-SSFCM,0.99,1009.5753917756512,10.19773123005709,0.8490017124692484,0.8519491011916784,0.7949279093170067,0.7960157507873571,0.8518518518518519,0.7942871498923736,186.0641138829032,10.0,11.86,ok,
ksc,20,42,Sw-SSFCM_r1,0.99,1009.5753917756512,10.19773123005709,0.8570260778392,0.8790143405372652,0.8339972701671863,0.8331927938087772,0.8794857033199002,0.8347618121104818,172.71768754414697,10.0,11.94,ok,
ksc,20,42,Sw-SSFCM_r2,0.99,1009.5753917756512,10.19773123005709,0.8604160675041593,0.8913350838214502,0.8525882307730918,0.8460751343235203,0.8927269238150067,0.8543109668412572,170.57963879031576,10.0,11.99,ok,
ksc,20,43,FCM,,,,,0.5318117552009695,0.589229170820032,0.3569429014488069,0.5242755709076953,0.5854872680509623,3.228153195281781,110.0,0.8,ok,
ksc,20,43,FCM_S1,,,,,0.55362553019592,0.6174568193977548,0.3720007895926057,0.5461523699865669,0.6134502935083135,3.4110743961920056,130.0,2.75,ok,
ksc,20,43,FCM_S2,,,,,0.5431226014946475,0.6084019565100409,0.3644381630881383,0.5359815774323546,0.6044980107555945,3.346866744662085,120.0,4.92,ok,
ksc,20,43,FLICM,,,,,0.4671783478085235,0.6164478885082226,0.309612935618988,0.4607560928804452,0.6128065191922555,7.395742447176886,175.0,22.24,ok,
ksc,20,43,KWFLICM,,,,,0.4768733589173904,0.6216052147359801,0.312948434941075,0.4691997697179044,0.6173049423607929,7.6305172154026355,885.0,12.37,ok,
ksc,20,43,SSFCM,,,,,0.5316097758028681,0.5892303233096183,0.35675182723517,0.5127614661293418,0.5564070722765788,3.23953689239319,95.0,11.66,ok,
ksc,20,43,eSFCM,,,,,0.4374873762876187,0.5009351435769747,0.2167860624514293,0.4281327960084437,0.4869715266144125,4.978564541025598,85.0,10.23,ok,
ksc,20,43,S3FCM,,,,,0.5326196727933751,0.5896750920218746,0.3577473427297739,0.5175590097869891,0.5650247654766535,3.2280932387561747,85.0,2.71,ok,
ksc,20,43,GS-SPFCM,,,,,0.6433043829529388,0.6354614476061853,0.4447241438096819,0.6371137977355594,0.6282768549462616,97.08996708994776,20.0,7.92,ok,
ksc,20,43,Softmax,,,,,0.8327610583720461,0.7745167132195255,0.7606098579143716,0.8340049894454039,0.7754477680951194,51.88398859945668,,16.28,ok,
ksc,20,43,Sr-SSFCM,0.99,1073.7732230019712,10.846194171737093,0.8457436130333235,0.8319531407796404,0.7745069798103923,0.7575194913855103,0.8332373824601804,0.7754350915412572,11.654423014917132,10.0,11.83,ok,
ksc,20,43,Sw-SSFCM_r1,0.99,1073.7732230019712,10.846194171737093,0.8541775891604145,0.8602302565138356,0.8118793970284334,0.8003514945785031,0.8627902513912876,0.8138534002352406,14.799128701169648,10.0,11.92,ok,
ksc,20,43,Sw-SSFCM_r2,0.99,1073.7732230019712,10.846194171737093,0.8583156036294647,0.8761866289638457,0.8324481852510811,0.823722921264491,0.8779504893494531,0.8342591666177717,16.255688036531414,10.0,11.96,ok,
ksc,20,44,FCM,,,,,0.5314077964047668,0.5891721497569661,0.3560431610389389,0.5244674726540012,0.5855701079101975,3.2283409573038964,95.0,0.75,ok,
ksc,20,44,FCM_S1,,,,,0.5528176126035145,0.6166430864084069,0.3705569238913577,0.5461523699865669,0.6134502935083135,3.4110575222684743,95.0,2.3,ok,
ksc,20,44,FCM_S2,,,,,0.5431226014946475,0.6081650853717507,0.3637019247645505,0.5359815774323546,0.604648535459267,3.346981787680487,75.0,4.25,ok,
ksc,20,44,FLICM,,,,,0.4665724096142193,0.6155255486596309,0.3082348735866929,0.4607560928804452,0.6128065191922555,7.3957276853162845,175.0,23.76,ok,
ksc,20,44,KWFLICM,,,,,0.5350434255705918,0.6430163281995251,0.3791313640564136,0.5290731145653426,0.6405866058376981,8.093581869973132,225.0,4.48,ok,
ksc,20,44,SSFCM,,,,,0.5312058170066654,0.5887961855777971,0.3559068401117083,0.5162156975628478,0.5541336645636862,3.2421267789392885,170.0,20.09,ok,
ksc,20,44,eSFCM,,,,,0.4764694001211876,0.5227101840354277,0.2185779043624278,0.4757244290923047,0.507578115770608,8.75554595022727,125.0,14.55,ok,
ksc,20,44,S3FCM,,,,,0.5330236315895779,0.5905832985961651,0.3576361894442763,0.515831894070236,0.5652412718952777,3.2290453544565945,96.0,2.67,ok,
ksc,20,44,GS-SPFCM,,,,,0.630579680872551,0.6083882152044937,0.4562200015826544,0.6259834964498177,0.6038333120635561,219.8387433704104,34.0,12.11,ok,
ksc,20,44,Softmax,,,,,0.8598262977176327,0.8000331659891461,0.7915310955749096,0.8597198234503934,0.7999101357120669,23.12329421911149,,16.26,ok,
ksc,20,44,Sr-SSFCM,0.99,1026.0557624733683,10.364199620943122,0.8400653677860834,0.8602302565138356,0.8006865964289209,0.7909344113625028,0.8599117251966993,0.800242308292465,12.26312149927117,10.0,11.81,ok,
ksc,20,44,Sw-SSFCM_r1,0.99,1026.0557624733683,10.364199620943122,0.8483529578660357,0.891739042617653,0.8500666436966111,0.8328546720623282,0.8911917098445595,0.8494959091439072,15.63115261807836,10.0,11.89,ok,
ksc,20,44,Sw-SSFCM_r2,0.99,1026.0557624733683,10.364199620943122,0.8502126493839043,0.9064835386790548,0.8762152977291596,0.8515286848041441,0.906351947802725,0.8762889376938743,15.512994941095515,10.0,11.93,ok,
ksc,20,45,FCM,,,,,0.5293880024237527,0.5878197982126644,0.355253400060134,0.5242755709076953,0.5854872680509622,3.228154240526304,120.0,0.89,ok,
ksc,20,45,FCM_S1,,,,,0.5514037568168046,0.6159302743409807,0.37021352799802,0.5461523699865669,0.6134502935083136,3.411015538060071,125.0,2.72,ok,
ksc,20,45,FCM_S2,,,,,0.541304786911735,0.606981895191247,0.3629887701379828,0.5359815774323546,0.6044980107555945,3.346851181465549,100.0,4.61,ok,
ksc,20,45,FLICM,,,,,0.4647545950313068,0.6149032918971176,0.3075035933808668,0.4607560928804452,0.6128065191922555,7.395685155817907,195.0,25.43,ok,
ksc,20,45,KWFLICM,,,,,0.5354473843667946,0.6432569637008485,0.3793392484067348,0.5290731145653426,0.6405866058376981,8.093566354551173,250.0,4.6,ok,
ksc,20,45,SSFCM,,,,,0.5291860230256514,0.5873792100446171,0.3550740454659414,0.5173671080406832,0.570329223471584,3.238497271860378,95.0,11.42,ok,
ksc,20,45,eSFCM,,,,,0.5091900626136134,0.5414077419952882,0.2423704442561275,0.4991364421416235,0.520524213943544,8.482384086574832,120.0,14.25,ok,
ksc,20,45,S3FCM,,,,,0.5299939406180569,0.5886030574871425,0.3559284459387525,0.5125695643830359,0.5597466459649498,3.2328726718811622,115.0,3.26,ok,
ksc,20,45,GS-SPFCM,,,,,0.6451221975358513,0.6208760689008559,0.4738320958847798,0.6422951448858185,0.6157944597314676,72.2756971590372,23.0,8.71,ok,
ksc,20,45,Softmax,,,,,0.8515451423954756,0.7886320020880688,0.7947227356661789,0.8524275570907696,0.7895243783888634,61.01403516425622,,16.74,ok,
ksc,20,45,Sr-SSFCM,0.99,1044.9308611368356,10.554857183200369,0.8447527062791995,0.8511411835992728,0.787904580843162,0.7954164746279319,0.8518518518518519,0.7888052263610581,15.896802171891045,10.0,11.84,ok,
ksc,20,45,Sw-SSFCM_r1,0.99,1044.9308611368356,10.554857183200369,0.8523543250592293,0.8786103817410624,0.8326942718066048,0.8285799822137018,0.8791018998272885,0.833525750353925,17.811600088166315,10.0,11.92,ok,
ksc,20,45,Sw-SSFCM_r2,0.99,1044.9308611368356,10.554857183200369,0.8552446794492067,0.8901232074328419,0.8549694907913924,0.8392207422330529,0.8900402993667242,0.8551107721855594,18.49895997291317,10.0,11.97,ok,
ksc,20,46,FCM,,,,,0.5305998788123611,0.5868677694344203,0.3563237635817703,0.5242755709076953,0.5854872680509623,3.2281429509620425,115.0,0.9,ok,
ksc,20,46,FCM_S1,,,,,0.5528176126035145,0.6154021197035827,0.3716570961356604,0.5461523699865669,0.6134502935083136,3.4108584425178514,125.0,2.87,ok,
ksc,20,46,FCM_S2,,,,,0.5431226014946475,0.6064646117436973,0.3647688196693131,0.5359815774323546,0.6044980107555945,3.346880267054632,160.0,5.79,ok,
ksc,20,46,FLICM,,,,,0.4647545950313068,0.6137882871830977,0.3078941075828515,0.4607560928804452,0.6128065191922555,7.395649171009993,185.0,25.64,ok,
ksc,20,46,KWFLICM,,,,,0.5370632195516057,0.6434908167090209,0.3800224834697727,0.5315678372673192,0.6417583270071466,7.820031997410561,170.0,3.84,ok,
ksc,20,46,SSFCM,,,,,0.5308018582104626,0.5869489260361671,0.3564620389518118,0.5152561888313184,0.5486342872924357,3.2411044111832585,75.0,9.46,ok,
ksc,20,46,eSFCM,,,,,0.4391032114724298,0.5013579430043349,0.2178564512901482,0.4283246977547496,0.4801647306501512,4.978457976677349,100.0,12.37,ok,
ksc,20,46,S3FCM,,,,,0.5314077964047668,0.5879421964829742,0.3572180825170004,0.5150642870850125,0.5675361859591668,3.2310102892564574,106.0,3.2,ok,
ksc,20,46,GS-SPFCM,,,,,0.6420925065643305,0.6203648676578682,0.4539475584019857,0.6386490117060065,0.6170162957153131,229.79121967519,25.0,9.57,ok,
ksc,20,46,Softmax,,,,,0.831751161381539,0.7703737587012498,0.7750288773738375,0.8336211859527922,0.7729752269028002,22.179079026203016,,16.01,ok,
ksc,20,46,Sr-SSFCM,0.99,994.3931853655988,10.044375609753532,0.8496181151657061,0.8303373055948293,0.7698657492717887,0.7722528273167882,0.8322778737286509,0.7724095373525841,6.459956809869092,10.0,11.85,ok,
ksc,20,46,Sw-SSFCM_r1,0.99,994.3931853655988,10.044375609753532,0.8602924277134272,0.8576045243385175,0.8108351470904039,0.8087383006585228,0.8597198234503934,0.8131146001463097,5.874892596012938,10.0,11.93,ok,
ksc,20,46,Sw-SSFCM_r2,0.99,994.3931853655988,10.044375609753532,0.8638422024971296,0.877398505352454,0.8399440759782482,0.8339316765149699,0.8791018998272885,0.8420218104540254,5.354154128442087,10.0,11.98,ok,
ksc,20,47,FCM,,,,,0.5293880024237527,0.5868198507690578,0.3552897144477555,0.5242755709076953,0.5855948962762016,3.228337079549975,130.0,0.97,ok,
ksc,20,47,FCM_S1,,,,,0.5520096950111089,0.6158569781421623,0.3711097460308581,0.5463442717328728,0.6136105847850032,3.412457682354276,125.0,2.76,ok,
ksc,20,47,FCM_S2,,,,,0.5409008281155322,0.6057320399412074,0.3629267589878593,0.5355977739397428,0.6042202131697397,3.3470489705683826,110.0,4.82,ok,
ksc,20,47,FLICM,,,,,0.524338517471218,0.626675592005829,0.3425443266885761,0.5189023220111303,0.62482843634377,7.78515775587543,205.0,27.31,ok,
ksc,20,47,KWFLICM,,,,,0.5875580690769542,0.6547798689337053,0.3938258513481774,0.5816541930531568,0.6513111064740089,3.6323635985220335,130.0,3.23,ok,
ksc,20,47,SSFCM,,,,,0.5291860230256514,0.5867042699373161,0.3551215141802562,0.5152561888313184,0.5524089213897853,3.241152323678373,180.0,21.93,ok,
ksc,20,47,eSFCM,,,,,0.4902039991920824,0.5558097816082519,0.2723506856315529,0.4772596430627518,0.5382443748037727,7.738343142034143,110.0,13.14,ok,
ksc,20,47,S3FCM,,,,,0.5308018582104626,0.5881272728396649,0.3565846628036517,0.5104586451736711,0.5532008714101416,3.228969964165524,116.0,3.37,ok,
ksc,20,47,GS-SPFCM,,,,,0.6214906079579883,0.6074193112971354,0.4374705740756078,0.6186912300901938,0.6036774710172825,202.01024961372323,26.0,9.88,ok,
ksc,20,47,Softmax,,,,,0.8335689759644517,0.7681249672851713,0.7812977899439455,0.8363078104010746,0.7714890951029155,57.40585138094692,,16.58,ok,
ksc,20,47,Sr-SSFCM,0.99,1004.1440231785124,10.142868920995085,0.8395602279234403,0.8309432437891335,0.766871742387247,0.7783521706369718,0.8334292842064863,0.7700725691965401,14.703536622074962,10.0,11.85,ok,
ksc,20,47,Sw-SSFCM_r1,0.99,1004.1440231785124,10.142868920995085,0.8450041071379698,0.8602302565138356,0.806593632835446,0.8133748569944346,0.8614469391671464,0.8082048103658865,17.311773935372432,10.0,11.93,ok,
ksc,20,47,Sw-SSFCM_r2,0.99,1004.1440231785124,10.142868920995085,0.8466941301760885,0.8743688143809332,0.8289651305235265,0.8272710330974208,0.8750719631548647,0.8304831399243189,17.980059244676784,10.0,11.98,ok,
ksc,20,48,FCM,,,,,0.5297919612199555,0.5881592547156692,0.354840565688742,0.5242755709076953,0.5854872680509623,3.228131180221044,135.0,1.02,ok,
ksc,20,48,FCM_S1,,,,,0.5514037568168046,0.6153719552749063,0.3692707275575906,0.5461523699865669,0.6134502935083136,3.4109296101541324,135.0,2.98,ok,
ksc,20,48,FCM_S2,,,,,0.541304786911735,0.6062135445613082,0.3621205686232362,0.5359815774323546,0.6044980107555945,3.3468558724346447,130.0,5.2,ok,
ksc,20,48,FLICM,,,,,0.4657644920218137,0.6150422053521655,0.3076954131567983,0.4607560928804452,0.6128065191922555,7.39578824229858,185.0,25.09,ok,
ksc,20,48,KWFLICM,,,,,0.5372651989497071,0.6443266930472539,0.3790736609781275,0.5315678372673192,0.6417583270071466,7.8201527631459475,305.0,5.43,ok,
ksc,20,48,SSFCM,,,,,0.5295899818218541,0.5881538333730381,0.3546519698173109,0.5146804835924007,0.5536052656440555,3.242170801356428,195.0,24.08,ok,
ksc,20,48,eSFCM,,,,,0.4471823873964856,0.5068502304484481,0.2159982433601209,0.4402226060257148,0.4889674645532691,5.426833507530264,140.0,16.95,ok,
ksc,20,48,S3FCM,,,,,0.5301959200161583,0.588360769115709,0.3551982308217942,0.5075801189790827,0.556704080117216,3.229902946234102,124.0,3.62,ok,
ksc,20,48,GS-SPFCM,,,,,0.6271460311048274,0.5878548424525403,0.4568419903928148,0.623680675494147,0.5832782250529744,61.52918956483226,26.0,9.81,ok,
ksc,20,48,Softmax,,,,,0.8695213088264997,0.8094515544038551,0.8057229413975653,0.8695068125119939,0.8100198864236209,235.66963969216096,,16.67,ok,
ksc,20,48,Sr-SSFCM,0.99,1060.6267666577342,10.713401683411464,0.8495336185149924,0.8685114118359927,0.8090569609451504,0.8049795606941268,0.8685473037804644,0.8096713814059608,35.42121909921345,10.0,11.8,ok,
ksc,20,48,Sw-SSFCM_r1,0.99,1060.6267666577342,10.713401683411464,0.8526112447333424,0.8939608159967684,0.8525343171505806,0.8353661351328839,0.8942621377854538,0.8527175428894311,35.516015147838246,5.0,11.84,ok,
ksc,20,48,Sw-SSFCM_r2,0.99,1060.6267666577342,10.713401683411464,0.8536823454292338,0.907089476873359,0.873179937825268,0.847318442418308,0.9071195547879486,0.8731123898977737,39.6907456054516,5.0,11.89,ok,
ksc,20,49,FCM,,,,,0.531003837608564,0.588414925726164,0.3564004786984415,0.5242755709076953,0.5854872680509622,3.228170069452259,115.0,0.91,ok,
ksc,20,49,FCM_S1,,,,,0.5544334477883256,0.6168338794519612,0.3725455757714169,0.5463442717328728,0.6136105847850032,3.412520939688387,110.0,2.6,ok,
ksc,20,49,FCM_S2,,,,,0.5435265602908503,0.6068369619779492,0.3646691331079731,0.5359815774323546,0.6044980107555945,3.3468314606413023,105.0,4.94,ok,
ksc,20,49,FLICM,,,,,0.464350636235104,0.6157901424253638,0.3073577618653265,0.4607560928804452,0.6128065191922555,7.395659084157365,180.0,25.16,ok,
ksc,20,49,KWFLICM,,,,,0.5350434255705918,0.6435002677168814,0.3796122488024126,0.5292650163116485,0.6404288757292812,8.914658900407415,165.0,3.75,ok,
ksc,20,49,SSFCM,,,,,0.5249444556655222,0.5751477972042511,0.3256443552568846,0.5102667434273652,0.5443716463194876,3.2317815572391626,90.0,11.44,ok,
ksc,20,49,eSFCM,,,,,0.4479903049888911,0.5064461892546231,0.2164559762475389,0.4636346190750335,0.5060683172051389,5.4222832575155815,140.0,17.46,ok,
ksc,20,49,S3FCM,,,,,0.5318117552009695,0.5895791562881288,0.3572787240550943,0.5156399923239301,0.5649986945014551,3.233480066250402,107.0,3.27,ok,
ksc,20,49,GS-SPFCM,,,,,0.6414865683700263,0.6166150960154488,0.4637262581076007,0.6388409134523124,0.611297413571451,92.75138786180896,23.0,10.43,ok,
ksc,20,49,Softmax,,,,,0.8675015148454858,0.810887664876769,0.8027518165615479,0.8681635002878526,0.8111547817550233,113.0544517432707,,18.49,ok,
ksc,20,49,Sr-SSFCM,0.99,1010.7656533406268,10.209754074147751,0.8453027277396338,0.866087659058776,0.8085466819763828,0.8016095031584208,0.8668201880637114,0.8089551000615133,31.03476450892725,10.0,11.84,ok,
ksc,20,49,Sw-SSFCM_r1,0.99,1010.7656533406268,10.209754074147751,0.8505018713783694,0.8988083215512018,0.8539229963021874,0.8477706029834352,0.899251583189407,0.8551759967520877,27.627956552823616,10.0,11.93,ok,
ksc,20,49,Sw-SSFCM_r2,0.99,1010.7656533406268,10.209754074147751,0.8521408330572396,0.9101191678448798,0.875656009982417,0.8608845686166854,0.9101899827288428,0.8759108559651863,26.429033184878342,10.0,11.97,ok,
ksc,20,50,FCM,,,,,0.5303978994142597,0.5884680147531959,0.3557201574288997,0.5244674726540012,0.5857425082059108,3.228342926298005,95.0,0.74,ok,
ksc,20,50,FCM_S1,,,,,0.5522116744092103,0.6158039878775471,0.3705153172606147,0.5463442717328728,0.6136105847850032,3.412521867231733,105.0,2.44,ok,
ksc,20,50,FCM_S2,,,,,0.5417087457079378,0.6061328547453911,0.3630573754665583,0.5359815774323546,0.6044978756047997,3.347039201706153,95.0,4.57,ok,
ksc,20,50,FLICM,,,,,0.4649565744294082,0.614797705445718,0.3079127224928807,0.4607560928804452,0.6124338381547442,7.396901119493182,185.0,25.42,ok,
ksc,20,50,KWFLICM,,,,,0.5368612401535043,0.6440607992458892,0.3796758541510193,0.5315678372673192,0.6417583270071466,7.820047852351791,200.0,5.55,ok,
ksc,20,50,SSFCM,,,,,0.5301959200161583,0.5880202137710323,0.355482932728876,0.5152561888313184,0.5612685143572829,3.242137568003542,70.0,9.85,ok,
ksc,20,50,eSFCM,,,,,0.4389012320743284,0.5008710095897603,0.2178260415619524,0.4246785645749376,0.4862370488580688,4.975310651787988,125.0,17.24,ok,
ksc,20,50,S3FCM,,,,,0.5318117552009695,0.5897828674399745,0.3569941471517718,0.510650546919977,0.5712861358320301,3.230384464506722,81.0,2.55,ok,
ksc,20,50,GS-SPFCM,,,,,0.6689557665118158,0.6378453430691386,0.4923992852480182,0.6637881404720783,0.6330995901570887,184.40612999882453,22.0,8.7,ok,
ksc,20,50,Softmax,,,,,0.8408402342961018,0.779909010105172,0.7717134161424634,0.8420648627902514,0.7815468696615908,34.8525341917661,,16.92,ok,
ksc,20,50,Sr-SSFCM,0.99,959.4490685553532,9.691404732882363,0.8363870705723525,0.8406382548980004,0.780163253478487,0.7717846067655666,0.8420648627902514,0.7818710013551287,9.908381362493929,10.0,11.88,ok,
ksc,20,50,Sw-SSFCM_r1,0.99,959.4490685553532,9.691404732882363,0.8436637987273585,0.8656837002625732,0.8198363113120964,0.8032116195842958,0.8666282863174055,0.8206339187464688,10.12797968439129,10.0,11.96,ok,
ksc,20,50,Sw-SSFCM_r2,0.99,959.4490685553532,9.691404732882363,0.846517363206129,0.8731569379923247,0.8375078823045422,0.8092952595333585,0.8750719631548647,0.839016733111434,10.102746514084242,10.0,12.01,ok,
ksc,20,51,FCM,,,,,0.5303978994142597,0.5879780685805732,0.3564142538046221,0.5242755709076953,0.5854872680509623,3.228127306349573,110.0,1.36,ok,
ksc,20,51,FCM_S1,,,,,0.5522116744092103,0.6164683658325888,0.3713835675307568,0.5461523699865669,0.6134502935083136,3.410889397670041,120.0,3.67,ok,
ksc,20,51,FCM_S2,,,,,0.5421127045041406,0.6073721463168302,0.3640367100927648,0.5359815774323546,0.6044980107555945,3.346869042603373,120.0,5.07,ok,
ksc,20,51,FLICM,,,,,0.4651585538275096,0.6157704027358945,0.3083112514149392,0.4607560928804452,0.6128065191922555,7.395777285798525,185.0,25.53,ok,
ksc,20,51,KWFLICM,,,,,0.5372651989497071,0.6441388621625599,0.3801305736810458,0.5315678372673192,0.6417583270071466,7.820027065452736,565.0,8.61,ok,
ksc,20,51,SSFCM,,,,,0.5231266410826095,0.5737192099894498,0.3244910011044692,0.5121857608904241,0.5468320522369325,3.2312508939032734,375.0,52.15,ok,
ksc,20,51,eSFCM,,,,,0.4378913350838214,0.501591394467429,0.2174720069087253,0.4394549990404913,0.4936773558870795,4.977938649394021,110.0,13.19,ok,
ksc,20,51,S3FCM,,,,,0.5308018582104626,0.5883999400983648,0.3569121696849736,0.517750911533295,0.5704798167419743,3.2314731197369784,119.0,3.11,ok,
ksc,20,51,GS-SPFCM,,,,,0.6255301959200161,0.6163962164288207,0.4560842511514319,0.621953559777394,0.6122338050667998,245.55067969684887,27.0,9.45,ok,
ksc,20,51,Softmax,,,,,0.822460109068875,0.7712454281050706,0.7713680476538047,0.8246018038764152,0.7731443357449304,153.26903114573994,,16.05,ok,
ksc,20,51,Sr-SSFCM,0.99,1057.735765744011,10.684199653979915,0.8372667294505216,0.8220561502726722,0.7714699488185714,0.7719324175035287,0.8240260986374977,0.7730279245424894,40.945748056602426,10.0,11.88,ok,
ksc,20,51,Sw-SSFCM_r1,0.99,1057.735765744011,10.684199653979915,0.8417220481987072,0.8493233690163603,0.8163101946153012,0.8059004718072471,0.8501247361350989,0.8162061825386818,43.65146101414456,10.0,11.96,ok,
ksc,20,51,Sw-SSFCM_r2,0.99,1057.735765744011,10.684199653979915,0.8443170500871825,0.8551807715613008,0.8289492925454698,0.8135546397295776,0.8566493955094991,0.8293303915655138,44.89274619614303,10.0,12.02,ok,
ksc,40,42,FCM,,,,,0.5389042848006822,0.5906509527099971,0.3577921383403246,0.5242755709076953,0.5854872680509623,3.2281349053482105,115.0,0.84,ok,
ksc,40,42,FCM_S1,,,,,0.5619270944361543,0.6197528456015599,0.3735198529669205,0.5461523699865669,0.6134502935083135,3.411047557101349,115.0,2.53,ok,
ksc,40,42,FCM_S2,,,,,0.5516947345981666,0.6099133676834722,0.3666414517589272,0.5357896756860487,0.6043955999757966,3.3470204295133,135.0,5.15,ok,
ksc,40,42,FLICM,,,,,0.4672777659347687,0.6153285231421934,0.3039169340778483,0.4607560928804452,0.6128065191922555,7.395723211561711,185.0,23.65,ok,
ksc,40,42,KWFLICM,,,,,0.5399701556171392,0.6453959465686585,0.3787462580040163,0.5290731145653426,0.6405866058376981,8.093385237910708,270.0,6.43,ok,
ksc,40,42,SSFCM,,,,,0.5331485823918141,0.5769784549459289,0.3271160288788995,0.4952984072155056,0.5280814634501533,3.245840342781383,150.0,21.58,ok,
ksc,40,42,eSFCM,,,,,0.4553400127904498,0.5086151314316569,0.2176148157492862,0.4559585492227979,0.4875260812806679,5.523856536739984,235.0,26.83,ok,
ksc,40,42,S3FCM,,,,,0.5397569814538478,0.5906365212438238,0.3587879629839522,0.5025906735751295,0.5399908721250403,3.235537101310639,124.0,3.3,ok,
ksc,40,42,GS-SPFCM,,,,,0.6559369004476657,0.6245828879702666,0.4665333695561347,0.6432546536173479,0.6143929679475796,106.71473661098844,25.0,8.87,ok,
ksc,40,42,Softmax,,,,,0.8878703901087188,0.83158646974116,0.8271911124739321,0.88696987142583,0.8319250109711435,41.1112170903285,,26.27,ok,
ksc,40,42,Sr-SSFCM,0.99,961.0461150661176,9.707536515819378,0.8268497858458677,0.886378170965679,0.8295516548107094,0.8244168719841019,0.8856265592016888,0.830076664845628,12.83973551693979,10.0,19.88,ok,
ksc,40,42,Sw-SSFCM_r1,0.99,961.0461150661176,9.707536515819378,0.8382228362383648,0.9106800255808996,0.8668049367410474,0.857922799631966,0.9084628670120898,0.8665713108324107,12.42314807167044,10.0,19.96,ok,
ksc,40,42,Sw-SSFCM_r2,0.99,961.0461150661176,9.707536515819378,0.8423035337532123,0.92283095288851,0.8858632558675759,0.8744490138864411,0.9199769717904432,0.8855819455633582,12.904947096109153,10.0,20.01,ok,
ksc,40,43,FCM,,,,,0.5361330206778938,0.5893095087034725,0.3559498314918882,0.5242755709076953,0.5854872680509623,3.228153195281781,110.0,1.05,ok,
ksc,40,43,FCM_S1,,,,,0.5587294819867832,0.6182116032576334,0.371244007596812,0.5461523699865669,0.6134502935083135,3.4110743961920056,130.0,3.02,ok,
ksc,40,43,FCM_S2,,,,,0.5478575996589213,0.6084367550305431,0.3638000706969285,0.5359815774323546,0.6044980107555945,3.346866744662085,120.0,5.32,ok,
ksc,40,43,FLICM,,,,,0.4683436367512257,0.6157332354418742,0.3071936304611308,0.4607560928804452,0.6128065191922555,7.395742447176886,175.0,25.73,ok,
ksc,40,43,KWFLICM,,,,,0.478362822425922,0.6195254495095095,0.3107406937521836,0.4691997697179044,0.6173049423607929,7.6305172154026355,885.0,11.82,ok,
ksc,40,43,SSFCM,,,,,0.535706672351311,0.5884966082048375,0.3556950008565473,0.4976012281711763,0.5429243424262146,3.2501329944850115,95.0,11.2,ok,
ksc,40,43,eSFCM,,,,,0.4457471754423364,0.5037181481902235,0.218753123610953,0.4367683745922088,0.4901135926164514,5.15683930144458,105.0,12.21,ok,
ksc,40,43,S3FCM,,,,,0.5376252398209337,0.5902067688012067,0.3575405461520278,0.5045096910381884,0.5501429154675402,3.234391052599665,108.0,2.98,ok,
ksc,40,43,GS-SPFCM,,,,,0.6651033894691963,0.6405495818860372,0.4580388763317228,0.6574553828439839,0.6305336021650484,302.10107232157424,25.0,10.68,ok,
ksc,40,43,Softmax,,,,,0.8814751652099766,0.8169007865282152,0.8250877073282243,0.8794857033199002,0.8145057898073995,24.262080008831003,,24.7,ok,
ksc,40,43,Sr-SSFCM,0.99,913.3579673161316,9.225838053698306,0.8202698869492795,0.8812619910466851,0.8159863716628462,0.8235833478729899,0.879869506812512,0.8144712033137884,9.723334619941,10.0,19.89,ok,
ksc,40,43,Sw-SSFCM_r1,0.99,913.3579673161316,9.225838053698306,0.832211303429528,0.9151566830100192,0.8698423236405507,0.8657656015001809,0.915179428132796,0.8706170340130228,8.763463627290058,10.0,19.98,ok,
ksc,40,43,Sw-SSFCM_r2,0.99,913.3579673161316,9.225838053698306,0.8357953987747323,0.9298657002771265,0.8941601249083443,0.8862207121602157,0.9297639608520436,0.8950978417270802,8.64116705594526,10.0,20.02,ok,
ksc,40,44,FCM,,,,,0.5369857173310595,0.5907385470166665,0.3561937410735982,0.5244674726540012,0.5855701079101975,3.2283409573038964,95.0,0.73,ok,
ksc,40,44,FCM_S1,,,,,0.5583031336602003,0.6207662772855288,0.3705355373501123,0.5461523699865669,0.6134502935083135,3.4110575222684743,95.0,2.63,ok,
ksc,40,44,FCM_S2,,,,,0.5480707738222127,0.6106219123190147,0.363293546669151,0.5359815774323546,0.604648535459267,3.346981787680487,75.0,5.11,ok,
ksc,40,44,FLICM,,,,,0.4685568109145172,0.6178730613694065,0.3070840759800275,0.4607560928804452,0.6128065191922555,7.3957276853162845,175.0,27.06,ok,
ksc,40,44,KWFLICM,,,,,0.5399701556171392,0.6470556906478223,0.3790809862673007,0.5290731145653426,0.6405866058376981,8.093581869973132,225.0,4.32,ok,
ksc,40,44,SSFCM,,,,,0.5365593690044766,0.5899880373937544,0.3559956492089109,0.5060449050086355,0.5401521634739117,3.2567600805190167,175.0,21.3,ok,
ksc,40,44,eSFCM,,,,,0.4920059688765721,0.5296316057812879,0.2251826723282321,0.4889656495874112,0.513267256952618,8.771748425166102,150.0,17.97,ok,
ksc,40,44,S3FCM,,,,,0.5371988914943508,0.5906423039987139,0.3565314213740639,0.5043177892918825,0.5574978814362523,3.23992657861902,115.0,3.36,ok,
ksc,40,44,GS-SPFCM,,,,,0.6324877424856108,0.6065960526167135,0.45126017026795,0.6242563807330647,0.6002270804156364,182.1691062011683,29.0,12.27,ok,
ksc,40,44,Softmax,,,,,0.8755062886378171,0.8181173314857193,0.8185362912827134,0.8752638649011706,0.8177581142180784,61.93016450120879,,26.9,ok,
ksc,40,44,Sr-SSFCM,0.99,977.9217251731454,9.877997223971176,0.8224758651476315,0.8740140694947772,0.8170057985279445,0.8180111111100428,0.8739205526770294,0.816773987173395,16.227649119742633,10.0,19.94,ok,
ksc,40,44,Sw-SSFCM_r1,0.99,977.9217251731454,9.877997223971176,0.8285097714252375,0.9034321040289915,0.8594896494599981,0.8567533515569441,0.9027058146229132,0.8600969613822613,16.455601266509774,10.0,20.03,ok,
ksc,40,44,Sw-SSFCM_r2,0.99,977.9217251731454,9.877997223971176,0.8310193149406045,0.9130249413771052,0.8757949340051222,0.8676766692848699,0.9124928036845136,0.8759631851294435,16.823850354087718,10.0,20.14,ok,
ksc,40,45,FCM,,,,,0.5359198465146024,0.5908274574396976,0.3557395959888571,0.5242755709076953,0.5854872680509622,3.228154240526304,120.0,0.93,ok,
ksc,40,45,FCM_S1,,,,,0.5574504370070348,0.6185842887670016,0.3702466339597371,0.5461523699865669,0.6134502935083136,3.411015538060071,125.0,3.12,ok,
ksc,40,45,FCM_S2,,,,,0.54764442549563,0.6093943402447469,0.3634412461133586,0.5359815774323546,0.6044980107555945,3.346851181465549,100.0,4.89,ok,
ksc,40,45,FLICM,,,,,0.4662118951183117,0.6161825324996519,0.3057439740577854,0.4607560928804452,0.6128065191922555,7.395685155817907,195.0,30.38,ok,
ksc,40,45,KWFLICM,,,,,0.535706672351311,0.64443692368244,0.3765419570642683,0.5290731145653426,0.6405866058376981,8.093566354551173,250.0,4.85,ok,
ksc,40,45,SSFCM,,,,,0.535706672351311,0.5901693057060147,0.355680525198126,0.51237766263673,0.5684886787479219,3.249561766596228,95.0,12.32,ok,
ksc,40,45,eSFCM,,,,,0.5201449584310381,0.5478986810215809,0.2441230388048967,0.4989445403953176,0.5220731428264821,8.564662451638691,135.0,17.22,ok,
ksc,40,45,S3FCM,,,,,0.5365593690044766,0.591265523211831,0.3566196398338693,0.5056611015160238,0.55352498962825,3.237323563205747,111.0,3.44,ok,
ksc,40,45,GS-SPFCM,,,,,0.6484758047324665,0.6220015092129411,0.4539938429646684,0.6378814047207829,0.6103456724785759,135.85323428795834,22.0,9.0,ok,
ksc,40,45,Softmax,,,,,0.8750799403112343,0.8185968171864811,0.8141473853079226,0.8741124544233353,0.8181402849750788,74.14986783622562,,27.55,ok,
ksc,40,45,Sr-SSFCM,0.99,936.6182239427396,9.460790140835762,0.8317134468742953,0.8738008953314859,0.8169609189166357,0.8131412498711026,0.872769142199194,0.8165007050519723,22.613507110526704,10.0,19.86,ok,
ksc,40,45,Sw-SSFCM_r1,0.99,936.6182239427396,9.460790140835762,0.8412893462486822,0.90769558729482,0.8685353399657543,0.8613177632897815,0.9073114565342544,0.8690898718555025,20.70895036270772,10.0,19.95,ok,
ksc,40,45,Sw-SSFCM_r2,0.99,936.6182239427396,9.460790140835762,0.8449795497296677,0.9221914303986356,0.8938087098978559,0.8794082194372055,0.922279792746114,0.8938957336727307,20.447596782088794,10.0,19.99,ok,
ksc,40,46,FCM,,,,,0.5371988914943508,0.5926635988875467,0.3570698407536591,0.5242755709076953,0.5854872680509623,3.2281429509620425,115.0,0.87,ok,
ksc,40,46,FCM_S1,,,,,0.5602217011298231,0.6217579571526072,0.3727281471930146,0.5461523699865669,0.6134502935083136,3.4108584425178514,125.0,2.76,ok,
ksc,40,46,FCM_S2,,,,,0.5489234704753784,0.6112900679624562,0.3647162022908305,0.5359815774323546,0.6044980107555945,3.346880267054632,160.0,5.66,ok,
ksc,40,46,FLICM,,,,,0.4704753783841398,0.618767943169092,0.3092307356264098,0.4607560928804452,0.6128065191922555,7.395649171009993,185.0,25.34,ok,
ksc,40,46,KWFLICM,,,,,0.5457258580260073,0.6496109323969809,0.3830093035817821,0.5315678372673192,0.6417583270071466,7.820031997410561,170.0,4.65,ok,
ksc,40,46,SSFCM,,,,,0.536772543167768,0.5919522655732359,0.3567072048162335,0.5058530032623297,0.5363558868869451,3.2550289231938976,75.0,11.42,ok,
ksc,40,46,eSFCM,,,,,0.4457471754423364,0.5063916449763244,0.2178333058462741,0.4296680099788908,0.4813695672411081,5.159519934077594,115.0,13.62,ok,
ksc,40,46,S3FCM,,,,,0.5393306331272649,0.594270281369363,0.3589794271568914,0.505277298023412,0.5534853523980844,3.237073678478463,78.0,2.53,ok,
ksc,40,46,GS-SPFCM,,,,,0.6678746535919846,0.6392975398696723,0.4803821890915635,0.6553444636346191,0.6251987030423978,226.58268437275865,25.0,9.17,ok,
ksc,40,46,Softmax,,,,,0.8853123001492219,0.8323577786818882,0.8278935496913882,0.8827480330071004,0.8280835405062755,240.00308552876348,,24.32,ok,
ksc,40,46,Sr-SSFCM,0.99,972.9524585911776,9.827802612032103,0.8270586670837843,0.8840332551694735,0.8319753072266628,0.8278045893486708,0.8819804260218768,0.8282393814070348,67.66735899023412,10.0,19.85,ok,
ksc,40,46,Sw-SSFCM_r1,0.99,972.9524585911776,9.827802612032103,0.8327978820987628,0.9136644638669792,0.8788753549680668,0.8661072966381238,0.913452312416043,0.8787599712241344,63.93317225682664,10.0,19.93,ok,
ksc,40,46,Sw-SSFCM_r2,0.99,972.9524585911776,9.827802612032103,0.8351611053453726,0.9236836495416756,0.8945410364220336,0.8810911601059832,0.9232393014776434,0.8941970039931207,65.53958608943041,10.0,19.98,ok,
ksc,40,47,FCM,,,,,0.5363461948411853,0.5910610509058073,0.3571891310577587,0.5242755709076953,0.5855948962762016,3.228337079549975,130.0,1.19,ok,
ksc,40,47,FCM_S1,,,,,0.5587294819867832,0.6190966864594716,0.3724549609574897,0.5463442717328728,0.6136105847850032,3.412457682354276,125.0,2.77,ok,
ksc,40,47,FCM_S2,,,,,0.5474312513323385,0.6086611727484474,0.3641369166495006,0.5355977739397428,0.6042202131697397,3.3470489705683826,110.0,4.82,ok,
ksc,40,47,FLICM,,,,,0.529950969942443,0.629305872718907,0.3439194636890254,0.5189023220111303,0.62482843634377,7.78515775587543,205.0,27.62,ok,
ksc,40,47,KWFLICM,,,,,0.5953954380729055,0.6562944098513935,0.3950547203281091,0.5816541930531568,0.6513111064740089,3.6323635985220335,130.0,3.24,ok,
ksc,40,47,SSFCM,,,,,0.5363461948411853,0.5906460921374813,0.357223530776779,0.5169833045480714,0.5416281831826848,3.2555214916218285,180.0,22.2,ok,
ksc,40,47,eSFCM,,,,,0.4979748454487316,0.5594320835977116,0.2738479653936752,0.4724620994051046,0.5385192755722649,7.8990828299103635,90.0,11.74,ok,
ksc,40,47,S3FCM,,,,,0.5386911106373907,0.5932567569387008,0.3594095637846835,0.5043177892918825,0.5529861582988609,3.234817960723221,113.0,3.82,ok,
ksc,40,47,GS-SPFCM,,,,,0.6776806651033894,0.6478401265312974,0.4983250176804114,0.6724237190558434,0.6405198828787501,84.1419472022623,21.0,10.12,ok,
ksc,40,47,Softmax,,,,,0.8729481986783202,0.8156560676579028,0.818574981297613,0.8750719631548647,0.8184680002755447,61.63177638943982,,25.26,ok,
ksc,40,47,Sr-SSFCM,0.99,933.0108177958092,9.424351694907172,0.8091442780970607,0.873374547004903,0.8160697660945176,0.8190661697181252,0.8750719631548647,0.8186154991589857,13.28359708580059,10.0,19.98,ok,
ksc,40,47,Sw-SSFCM_r1,0.99,933.0108177958092,9.424351694907172,0.8153217901303632,0.8970368791302494,0.8563052201656942,0.8494768296148607,0.8982920744578776,0.8582429570669697,15.46593297200494,10.0,20.06,ok,
ksc,40,47,Sw-SSFCM_r2,0.99,933.0108177958092,9.424351694907172,0.8179252977192852,0.9053506714986144,0.8733030546420166,0.8561095460296273,0.9071195547879486,0.8759282807166485,16.981710473147793,10.0,20.11,ok,
ksc,40,48,FCM,,,,,0.5371988914943508,0.5914537297751083,0.3571524482012319,0.5242755709076953,0.5854872680509623,3.228131180221044,135.0,1.16,ok,
ksc,40,48,FCM_S1,,,,,0.5597953528032402,0.62126617293849,0.3724050107295745,0.5461523699865669,0.6134502935083136,3.4109296101541324,135.0,3.33,ok,
ksc,40,48,FCM_S2,,,,,0.548710296312087,0.6096926283598283,0.3644150114169704,0.5359815774323546,0.6044980107555945,3.3468558724346447,130.0,6.67,ok,
ksc,40,48,FLICM,,,,,0.4711149008740141,0.6180476291406444,0.309842422359399,0.4607560928804452,0.6128065191922555,7.39578824229858,185.0,26.36,ok,
ksc,40,48,KWFLICM,,,,,0.5446599872095502,0.6492915105712541,0.3822007031389022,0.5315678372673192,0.6417583270071466,7.8201527631459475,305.0,5.42,ok,
ksc,40,48,SSFCM,,,,,0.536772543167768,0.5913036436599335,0.3569329328290309,0.5062368067549414,0.5416428815409352,3.256342438310749,195.0,24.57,ok,
ksc,40,48,eSFCM,,,,,0.4576849285866552,0.5117555203376991,0.2209913267693611,0.4419497217424679,0.4915928231949096,5.525359258189831,230.0,29.19,ok,
ksc,40,48,S3FCM,,,,,0.5393306331272649,0.5934099629994614,0.3591421778408721,0.5047015927844943,0.5620290425418754,3.2345726230296283,111.0,3.74,ok,
ksc,40,48,GS-SPFCM,,,,,0.6599872095502025,0.6358890321449607,0.4694701116898471,0.6482440990213011,0.6256086307980665,381.0708912379102,28.0,13.57,ok,
ksc,40,48,Softmax,,,,,0.8799829460669367,0.8151352077643182,0.8197036097743433,0.8810209172903474,0.8167691841291465,337.65401544810896,,24.53,ok,
ksc,40,48,Sr-SSFCM,0.99,962.2520682940072,9.719717861555637,0.8326301524087342,0.8793434235770624,0.81391386648159,0.8194073610459908,0.8804452120514297,0.8156100965310312,128.96765457618054,10.0,19.88,ok,
ksc,40,48,Sw-SSFCM_r1,0.99,962.2520682940072,9.719717861555637,0.8420188655768563,0.914517160520145,0.8697568133115946,0.8640035231442803,0.9138361159086548,0.870202934449447,123.40521841682178,10.0,19.96,ok,
ksc,40,48,Sw-SSFCM_r2,0.99,962.2520682940072,9.719717861555637,0.8456246847087251,0.927094436154338,0.8916235034607282,0.8801153132052624,0.9266935329111496,0.8921583361727503,127.14962547110422,10.0,20.01,ok,
ksc,40,49,FCM,,,,,0.5374120656576423,0.5919940156703807,0.3573968937018253,0.5242755709076953,0.5854872680509622,3.228170069452259,115.0,0.87,ok,
ksc,40,49,FCM_S1,,,,,0.5585163078234918,0.6199974386829419,0.3714710696450852,0.5463442717328728,0.6136105847850032,3.412520939688387,110.0,2.75,ok,
ksc,40,49,FCM_S2,,,,,0.5491366446386698,0.6116104808240511,0.3647681925248681,0.5359815774323546,0.6044980107555945,3.3468314606413023,105.0,6.26,ok,
ksc,40,49,FLICM,,,,,0.4679172884246429,0.617280550304104,0.3076237929872492,0.4607560928804452,0.6128065191922555,7.395659084157365,180.0,30.64,ok,
ksc,40,49,KWFLICM,,,,,0.5386911106373907,0.6454531629954047,0.3791634209051468,0.5292650163116485,0.6404288757292812,8.914658900407415,165.0,3.76,ok,
ksc,40,49,SSFCM,,,,,0.5303773182690258,0.5762937444537068,0.3245596348220176,0.5016311648436,0.5327450259399241,3.243523977153357,90.0,11.71,ok,
ksc,40,49,eSFCM,,,,,0.454913664463867,0.5090608076521322,0.2186998544572402,0.4905008635578584,0.5188239388669301,5.519319315041684,215.0,27.19,ok,
ksc,40,49,S3FCM,,,,,0.5391174589639736,0.5929188799549201,0.3591534595675394,0.5054691997697179,0.5543064112440579,3.2360265276734124,101.0,3.19,ok,
ksc,40,49,GS-SPFCM,,,,,0.6849285866552974,0.6382301391204758,0.4930705010071404,0.6708885050853963,0.6248931241407082,321.928154495284,26.0,11.88,ok,
ksc,40,49,Softmax,,,,,0.8727350245150288,0.808745802078154,0.8164892367389649,0.8706582229898292,0.8092594946856504,161.55790205500102,,28.73,ok,
ksc,40,49,Sr-SSFCM,0.99,953.9101789376758,9.635456352905823,0.8083597413399076,0.8731613728416115,0.8094955557210274,0.8177316927920644,0.8706582229898292,0.8096344289896928,78.97880660116557,10.0,19.94,ok,
ksc,40,49,Sw-SSFCM_r1,0.99,953.9101789376758,9.635456352905823,0.8147537142241676,0.9006608399062034,0.856102093283513,0.8543267501457728,0.8984839762041834,0.8560304049121251,73.48184115852646,10.0,20.02,ok,
ksc,40,49,Sw-SSFCM_r2,0.99,953.9101789376758,9.635456352905823,0.8175602919548264,0.9111063739074824,0.8761509598044445,0.863290150049827,0.9094223757436192,0.8755364611880893,82.72977484471127,10.0,20.07,ok,
ksc,40,50,FCM,,,,,0.5350671498614368,0.5894957639537154,0.355058950963248,0.5244674726540012,0.5857425082059108,3.228342926298005,95.0,0.78,ok,
ksc,40,50,FCM_S1,,,,,0.5572372628437433,0.6183130483300114,0.3698041142661146,0.5463442717328728,0.6136105847850032,3.412521867231733,105.0,2.55,ok,
ksc,40,50,FCM_S2,,,,,0.5472180771690471,0.6091493937928613,0.3629969271812668,0.5359815774323546,0.6044978756047997,3.347039201706153,95.0,4.67,ok,
ksc,40,50,FLICM,,,,,0.4706885525474312,0.6163032485736636,0.3087579354120342,0.4607560928804452,0.6124338381547442,7.396901119493182,185.0,28.07,ok,
ksc,40,50,KWFLICM,,,,,0.5423150714133447,0.6461322636182949,0.3802547177887127,0.5315678372673192,0.6417583270071466,7.820047852351791,200.0,4.03,ok,
ksc,40,50,SSFCM,,,,,0.5346408015348539,0.5887989917851151,0.3547773876775304,0.5066206102475532,0.5519972544970301,3.25639500592863,70.0,8.0,ok,
ksc,40,50,eSFCM,,,,,0.4457471754423364,0.5024002856687231,0.217033035136356,0.4287085012473614,0.4886982976632082,5.176768110343904,105.0,11.77,ok,
ksc,40,50,S3FCM,,,,,0.5354934981880196,0.5897197479015224,0.3556513261524722,0.5056611015160238,0.5541970530342403,3.233600520199684,74.0,2.22,ok,
ksc,40,50,GS-SPFCM,,,,,0.6459177147729696,0.6192910018991998,0.4595673023131207,0.6367299942429476,0.6110036944706178,1379.8393645372184,22.0,7.93,ok,
ksc,40,50,Softmax,,,,,0.8714559795352803,0.8111798397471208,0.8065726219429018,0.8729610439454999,0.8129089628053854,2039.1480503380476,,23.28,ok,
ksc,40,50,Sr-SSFCM,0.99,946.3056948017804,9.558643381836175,0.8294145501803253,0.8699637603922404,0.8104449148833665,0.8064476568193045,0.8712339282287469,0.8117139385986656,179.29339109761932,10.0,19.89,ok,
ksc,40,50,Sw-SSFCM_r1,0.99,946.3056948017804,9.558643381836175,0.8372409669207171,0.8983159241099978,0.8545880108176152,0.8426829481962421,0.9005948954135483,0.8579904419355826,131.89806152524056,10.0,19.98,ok,
ksc,40,50,Sw-SSFCM_r2,0.99,946.3056948017804,9.558643381836175,0.8408292204785603,0.9123854188872308,0.8766629629615565,0.8583271064537658,0.9146037228938784,0.8798103593362545,116.4473938144752,10.0,20.02,ok,
ksc,40,51,FCM,,,,,0.5380515881475165,0.5928269747810568,0.3573127746636266,0.5242755709076953,0.5854872680509623,3.228127306349573,110.0,0.93,ok,
ksc,40,51,FCM_S1,,,,,0.5615007461095716,0.6214774672968347,0.3733019106936416,0.5461523699865669,0.6134502935083136,3.410889397670041,120.0,2.57,ok,
ksc,40,51,FCM_S2,,,,,0.549776167128544,0.6109457450315616,0.3647096898883499,0.5359815774323546,0.6044980107555945,3.346869042603373,120.0,4.88,ok,
ksc,40,51,FLICM,,,,,0.4689831592410999,0.6196644418449934,0.3086754598061887,0.4607560928804452,0.6128065191922555,7.395777285798525,185.0,23.35,ok,
ksc,40,51,KWFLICM,,,,,0.5427414197399275,0.6488990972472141,0.3811294878457602,0.5315678372673192,0.6417583270071466,7.820027065452736,565.0,8.72,ok,
ksc,40,51,SSFCM,,,,,0.5327222340652313,0.5784871871400773,0.3269634331434183,0.5118019573978123,0.5436179554388615,3.245469714912949,375.0,43.4,ok,
ksc,40,51,eSFCM,,,,,0.4500106587081646,0.5071376588157992,0.2204343695510561,0.4588370754173863,0.5046989468250382,5.15895769451865,135.0,15.34,ok,
ksc,40,51,S3FCM,,,,,0.5382647623108079,0.5929244541417321,0.3577074888554339,0.5047015927844943,0.5541562253213447,3.2390033300975536,113.0,3.26,ok,
ksc,40,51,GS-SPFCM,,,,,0.6429332764868898,0.620899093703515,0.4497920589664534,0.6319324505853003,0.6075801614497763,250.29149083291645,30.0,10.78,ok,
ksc,40,51,Softmax,,,,,0.8829673843530164,0.8264648765440892,0.824585186474883,0.8804452120514297,0.8245817632758832,29.753856809416355,,22.75,ok,
ksc,40,51,Sr-SSFCM,0.99,947.357075646226,9.56926339036593,0.831122026714799,0.8819015135365593,0.826510833398625,0.8218327784267523,0.8787180963346767,0.823507910163931,8.326850160552164,10.0,19.85,ok,
ksc,40,51,Sw-SSFCM_r1,0.99,947.357075646226,9.56926339036593,0.8419608275997953,0.9111063739074824,0.8743837768174598,0.8603196353891469,0.9076952600268664,0.871055945966847,7.069287834982808,10.0,19.93,ok,
ksc,40,51,Sw-SSFCM_r2,0.99,947.357075646226,9.56926339036593,0.8449310098705517,0.923896823704967,0.8975140966860181,0.8755393629612586,0.9207445787756668,0.8952115127638872,6.830369069198966,10.0,19.98,ok,
ksc,60,42,FCM,,,,,0.5420898217106748,0.5953208412447705,0.3562141037686021,0.5242755709076953,0.5854872680509623,3.2281349053482105,115.0,0.85,ok,
ksc,60,42,FCM_S1,,,,,0.5644324080343037,0.6229282765001817,0.370660715176279,0.5461523699865669,0.6134502935083135,3.411047557101349,115.0,2.54,ok,
ksc,60,42,FCM_S2,,,,,0.5538253215978335,0.6126836513847511,0.3636738181178857,0.5357896756860487,0.6043955999757966,3.3470204295133,135.0,5.49,ok,
ksc,60,42,FLICM,,,,,0.4766418415707515,0.6220592935804048,0.3099122969562415,0.4607560928804452,0.6128065191922555,7.395723211561711,185.0,24.23,ok,
ksc,60,42,KWFLICM,,,,,0.5468291582035658,0.6496744076827565,0.3806938980568096,0.5290731145653426,0.6405866058376981,8.093385237910708,270.0,4.78,ok,
ksc,60,42,SSFCM,,,,,0.5380275332881967,0.5811302989210088,0.3258254395698089,0.480521972749952,0.5255150121727803,3.257808556451889,150.0,17.69,ok,
ksc,60,42,eSFCM,,,,,0.4971789663732792,0.5327090701108202,0.2216023822776348,0.4868547303780464,0.5110746825653386,9.021111300063335,95.0,11.32,ok,
ksc,60,42,S3FCM,,,,,0.5420898217106748,0.5956566543160448,0.3565349748378345,0.4903089618115525,0.5463160100098181,3.241694028622557,100.0,3.03,ok,
ksc,60,42,GS-SPFCM,,,,,0.6885578876100203,0.6481073064557598,0.4857876924537132,0.669545192861255,0.6293473598904712,121.2522197990218,25.0,8.99,ok,
ksc,60,42,Softmax,,,,,0.9004739336492891,0.8410624269335819,0.8338454195410248,0.8965649587411245,0.8373404559908029,43.68450837220112,,31.53,ok,
ksc,60,42,KFCM,,,,,0.5382532159783344,0.580435133814208,0.3256582790066218,0.5171752062943773,0.5696454508400818,3.2197276222322904,123.0,1.31,ok,
ksc,60,42,SMUC,,,,,0.3556759196569623,0.3470515333180634,0.1075814959702161,0.4281327960084437,0.450371951732994,1.697354601221445,46.0,13.22,ok,
ksc,60,42,S2-PFCM,,,,,0.688783570300158,0.6489477619761926,0.4857504930301858,0.7238533870658223,0.6766994760239037,124.7637536147988,24.0,8.98,ok,
ksc,60,42,Sr-SSFCM,0.99,915.173523888635,9.24417700897612,0.8249936918435863,0.9009252990295644,0.8420927982826512,0.8344435946594815,0.8967568604874304,0.8379361405073151,10.534244390260628,10.0,27.73,ok,
ksc,60,42,Sw-SSFCM_r1,0.99,915.173523888635,9.24417700897612,0.8363659657791612,0.9313924621981494,0.8915294163628089,0.8757618107000437,0.9276530416426788,0.8884360615981963,9.105642882893918,10.0,27.81,ok,
ksc,60,42,Sw-SSFCM_r2,0.99,915.173523888635,9.24417700897612,0.8402912421538875,0.9429022793951704,0.9115450446289856,0.8935425374132822,0.9410861638840914,0.910452661461938,8.757202061410906,10.0,27.86,ok,
ksc,60,43,FCM,,,,,0.5405100428797112,0.5929539282389542,0.3547736574710587,0.5242755709076953,0.5854872680509623,3.228153195281781,110.0,0.85,ok,
ksc,60,43,FCM_S1,,,,,0.5633039945836155,0.6226541330395021,0.3696238505620961,0.5461523699865669,0.6134502935083135,3.4110743961920056,130.0,2.88,ok,
ksc,60,43,FCM_S2,,,,,0.5526969081471451,0.6121193446836278,0.36262403969862,0.5359815774323546,0.6044980107555945,3.346866744662085,120.0,5.4,ok,
ksc,60,43,FLICM,,,,,0.4734822839088242,0.6176446432749588,0.3080857282073259,0.4607560928804452,0.6128065191922555,7.395742447176886,175.0,23.78,ok,
ksc,60,43,KWFLICM,,,,,0.4829609568946061,0.6236495855723788,0.3115113617424999,0.4691997697179044,0.6173049423607929,7.6305172154026355,885.0,12.32,ok,
ksc,60,43,SSFCM,,,,,0.5396073121191605,0.5914748252096562,0.3541430795392964,0.4847438111686816,0.5398518816076385,3.262513051374881,95.0,11.65,ok,
ksc,60,43,eSFCM,,,,,0.4581358609794628,0.5076487291984988,0.2215620984491498,0.4502014968336212,0.5004982815971347,5.306799901536568,105.0,12.67,ok,
ksc,60,43,S3FCM,,,,,0.5400586774994358,0.592385482571811,0.3547699376299324,0.4922279792746113,0.5482619252760503,3.2377298549458176,85.0,2.68,ok,
ksc,60,43,GS-SPFCM,,,,,0.6463552245542767,0.6062721828615337,0.4557961192439341,0.6374976012281712,0.6001075732836494,142.12190758468043,24.0,9.74,ok,
ksc,60,43,Softmax,,,,,0.9016023470999774,0.8458489190244668,0.8410390934864374,0.8984839762041834,0.8421462248320879,41.04969469489647,,30.94,ok,
ksc,60,43,KFCM,,,,,0.5400586774994358,0.5927756856578452,0.3542041035923571,0.5236998656687776,0.5849691147897447,3.227040493243449,68.0,0.97,ok,
ksc,60,43,SMUC,,,,,0.3559016023471,0.349202389709176,0.1063791063362614,0.4273651890232201,0.4468448919371782,2.161446137972424,76.0,20.89,ok,
ksc,60,43,S2-PFCM,,,,,0.645452493793726,0.6060407139520032,0.4553510828208253,0.6872001535213971,0.6385499268068471,141.872828917969,24.0,8.84,ok,
ksc,60,43,Sr-SSFCM,0.99,949.589069071581,9.591808778500829,0.8291423107449211,0.901150981719702,0.844810344079774,0.8417389822042446,0.8981001727115717,0.8412992524911584,14.82666117982368,10.0,27.81,ok,
ksc,60,43,Sw-SSFCM_r1,0.99,949.589069071581,9.591808778500829,0.8354636721874874,0.9284585872263598,0.8889827010009054,0.8793953036025666,0.925542122433314,0.8873905111576679,13.846250129073724,10.0,27.89,ok,
ksc,60,43,Sw-SSFCM_r2,0.99,949.589069071581,9.591808778500829,0.8374915812462967,0.9386143082825548,0.9079876428380568,0.8908963355863448,0.9368643254653616,0.9081188351632408,14.269192964058576,10.0,27.94,ok,
ksc,60,44,FCM,,,,,0.5443466486120515,0.5921032440062718,0.3588522389256884,0.5244674726540012,0.5855701079101975,3.2283409573038964,95.0,0.75,ok,
ksc,60,44,FCM_S1,,,,,0.5655608214849921,0.6211852742941848,0.3723086639005614,0.5461523699865669,0.6134502935083135,3.4110575222684743,95.0,2.21,ok,
ksc,60,44,FCM_S2,,,,,0.5547280523583841,0.6112980330415033,0.3651549996109383,0.5359815774323546,0.604648535459267,3.346981787680487,75.0,4.19,ok,
ksc,60,44,FLICM,,,,,0.4748363800496502,0.6203733894918114,0.3066827926357058,0.4607560928804452,0.6128065191922555,7.3957276853162845,175.0,23.28,ok,
ksc,60,44,KWFLICM,,,,,0.5466034755134281,0.6474184938167472,0.3814795451484411,0.5290731145653426,0.6405866058376981,8.093581869973132,225.0,4.65,ok,
ksc,60,44,SSFCM,,,,,0.5434439178515008,0.5912855124215437,0.3582966811798636,0.4966417194396469,0.5364548494308897,3.271285368970799,175.0,20.79,ok,
ksc,60,44,eSFCM,,,,,0.5053035432182351,0.5334378621450595,0.2287645363007026,0.4987526386490117,0.5217022176711436,8.802667825992367,220.0,25.62,ok,
ksc,60,44,S3FCM,,,,,0.5445723313021891,0.592110984071064,0.359286272468477,0.4956822107081174,0.5557042482303106,3.240722017204585,114.0,3.01,ok,
ksc,60,44,GS-SPFCM,,,,,0.6621530128639134,0.6307045899437896,0.4676978654882881,0.6511226252158895,0.6209984715389166,181.3248255274516,30.0,11.18,ok,
ksc,60,44,Softmax,,,,,0.8851275107199278,0.8367310759780945,0.8183609278897115,0.883515639992324,0.8356558569456696,55.9852788083219,,30.92,ok,
ksc,60,44,KFCM,,,,,0.5427668697810878,0.5916733464493431,0.3576164105916478,0.5235079639224717,0.5850346651009815,3.2275803390845472,124.0,1.65,ok,
ksc,60,44,SMUC,,,,,0.3556759196569623,0.348934091309965,0.105690149059284,0.4273651890232201,0.451911447555505,1.316676018844853,71.0,19.92,ok,
ksc,60,44,S2-PFCM,,,,,0.6619273301737757,0.6301419330222969,0.4683014215675052,0.7035118019573978,0.6591311963338364,182.5727130624711,29.0,10.56,ok,
ksc,60,44,Sr-SSFCM,0.99,911.6127578273936,9.208209675024186,0.8230868513200265,0.8835477318889641,0.8362516806776662,0.815637731588984,0.881596622529265,0.8348847133167117,12.841280532110376,10.0,27.81,ok,
ksc,60,44,Sw-SSFCM_r1,0.99,911.6127578273936,9.208209675024186,0.833271452142106,0.9056646355224556,0.8746583321903971,0.8494492811254784,0.9055843408175014,0.8745102815940999,12.005869737523977,10.0,27.89,ok,
ksc,60,44,Sw-SSFCM_r2,0.99,911.6127578273936,9.208209675024186,0.8360148754298333,0.9124351162265856,0.8850872278495073,0.8550911498833133,0.913452312416043,0.8874696239652948,11.27154373490444,10.0,27.94,ok,
ksc,60,45,FCM,,,,,0.5466034755134281,0.5926177635423464,0.35910561624517,0.5242755709076953,0.5854872680509622,3.228154240526304,120.0,0.9,ok,
ksc,60,45,FCM_S1,,,,,0.5673662830060935,0.6211500240308229,0.3725488645685232,0.5461523699865669,0.6134502935083136,3.411015538060071,125.0,2.79,ok,
ksc,60,45,FCM_S2,,,,,0.5565335138794855,0.6103747146349267,0.364943889981299,0.5359815774323546,0.6044980107555945,3.346851181465549,100.0,4.63,ok,
ksc,60,45,FLICM,,,,,0.4759647935003385,0.6204906192914643,0.3102045594002192,0.4607560928804452,0.6128065191922555,7.395685155817907,195.0,25.97,ok,
ksc,60,45,KWFLICM,,,,,0.5443466486120515,0.6464104059102295,0.3782471750855271,0.5290731145653426,0.6405866058376981,8.093566354551173,250.0,4.59,ok,
ksc,60,45,SSFCM,,,,,0.5459264274430151,0.5916599398001974,0.3587866452395562,0.5093072346958357,0.5710726079267749,3.25851504663525,95.0,11.2,ok,
ksc,60,45,eSFCM,,,,,0.5319341006544798,0.551678486033446,0.246539963318646,0.4983688351563999,0.5278236842853274,8.648684559737928,245.0,29.13,ok,
ksc,60,45,S3FCM,,,,,0.5468291582035658,0.5923037995042151,0.3593876027407663,0.4991364421416235,0.5489825155156564,3.246923921789575,113.0,3.24,ok,
ksc,60,45,GS-SPFCM,,,,,0.6727600993003836,0.6248470137147855,0.4832645784492655,0.6568796776050662,0.6148805478880688,194.55425049474343,26.0,10.79,ok,
ksc,60,45,Softmax,,,,,0.8948318663958474,0.8367150930667583,0.8309496038796039,0.8936864325465361,0.8373264872015899,44.20547189795628,,31.44,ok,
ksc,60,45,KFCM,,,,,0.5459264274430151,0.5918885015830537,0.358414727696602,0.5236998656687776,0.585081895088073,3.226841331148102,79.0,0.93,ok,
ksc,60,45,SMUC,,,,,0.4570074475287745,0.5600259156950691,0.1568528088177833,0.5148723853387066,0.5945000483056155,2.578655480656315,101.0,29.05,ok,
ksc,60,45,S2-PFCM,,,,,0.672534416610246,0.6262768871829402,0.4825459594409161,0.7054308194204567,0.6562463834174672,194.43880924975736,25.0,9.38,ok,
ksc,60,45,Sr-SSFCM,0.99,882.898962941431,8.918171342842745,0.8083045457793083,0.8948318663958474,0.836782670306363,0.8312463040633139,0.8934945308002303,0.8371176124709367,12.493602758475207,10.0,27.83,ok,
ksc,60,45,Sw-SSFCM_r1,0.99,882.898962941431,8.918171342842745,0.8199299632636945,0.919431279620853,0.881298208252058,0.8658103360707397,0.9178660525810785,0.8809969508524255,12.698701570283848,10.0,27.88,ok,
ksc,60,45,Sw-SSFCM_r2,0.99,882.898962941431,8.918171342842745,0.8241292264019728,0.9259760776348456,0.8975643883564752,0.8716418689616106,0.9236231049702552,0.8965181970918492,13.427989638179646,10.0,27.93,ok,
ksc,60,46,FCM,,,,,0.5443466486120515,0.5913902460654281,0.3560568741701527,0.5242755709076953,0.5854872680509623,3.2281429509620425,115.0,0.87,ok,
ksc,60,46,FCM_S1,,,,,0.5682690137666441,0.6200379050959123,0.3716906288323686,0.5461523699865669,0.6134502935083136,3.4108584425178514,125.0,2.78,ok,
ksc,60,46,FCM_S2,,,,,0.5574362446400362,0.610712830304075,0.3648246962601368,0.5359815774323546,0.6044980107555945,3.346880267054632,160.0,5.68,ok,
ksc,60,46,FLICM,,,,,0.4757391108102008,0.6188588998781184,0.3085632136555234,0.4607560928804452,0.6128065191922555,7.395649171009993,185.0,26.24,ok,
ksc,60,46,KWFLICM,,,,,0.5495373504852178,0.6500307819318143,0.3810497052832537,0.5315678372673192,0.6417583270071466,7.820031997410561,170.0,5.19,ok,
ksc,60,46,SSFCM,,,,,0.5438952832317762,0.5904469880771707,0.3558989510194751,0.4983688351563999,0.5287422000434523,3.267308562335007,75.0,9.39,ok,
ksc,60,46,eSFCM,,,,,0.4565560821484992,0.509102730105736,0.2206980739921565,0.4350412588754557,0.487796872148612,5.308140225431451,115.0,14.12,ok,
ksc,60,46,S3FCM,,,,,0.5445723313021891,0.5915537013287303,0.3563774153773626,0.4906927653041643,0.5287877051002898,3.2479598427769827,116.0,3.37,ok,
ksc,60,46,GS-SPFCM,,,,,0.6750169262017603,0.6443793851134936,0.473661722105571,0.6597582037996546,0.6306895066938769,226.9479344150506,24.0,9.87,ok,
ksc,60,46,Softmax,,,,,0.8855788761002031,0.8310520800127948,0.8110090088849673,0.8856265592016888,0.8293583045167042,24.97613529074168,,31.57,ok,
ksc,60,46,KFCM,,,,,0.5454750620627398,0.5919428282432484,0.356838367986859,0.5252350796392247,0.5860943662419679,3.2243138445864883,44.0,0.61,ok,
ksc,60,46,SMUC,,,,,0.4547506206273979,0.5466261948936868,0.1577411027635147,0.5133371713682594,0.5815448220476841,2.458549507440953,71.0,21.3,ok,
ksc,60,46,S2-PFCM,,,,,0.6736628300609343,0.6430709098613877,0.4726912636876861,0.7127230857800806,0.670231641954454,226.5791817516657,24.0,9.09,ok,
ksc,60,46,Sr-SSFCM,0.99,914.2043188149244,9.234387058736615,0.8265866918057129,0.8839990972692394,0.8292617534206033,0.8099153158328041,0.8840913452312416,0.8275985024967238,4.958417945859657,10.0,27.97,ok,
ksc,60,46,Sw-SSFCM_r1,0.99,914.2043188149244,9.234387058736615,0.8369419649687455,0.9142405777476867,0.8756033878921066,0.8528645841886793,0.9147956246401844,0.8760647944417219,4.663560407983492,10.0,28.05,ok,
ksc,60,46,Sw-SSFCM_r2,0.99,914.2043188149244,9.234387058736615,0.8407846764002554,0.9284585872263598,0.8966309085075581,0.8732814523518673,0.929380157359432,0.8976632466751973,4.612205521306449,10.0,28.1,ok,
ksc,60,47,FCM,,,,,0.5454750620627398,0.5937189809948642,0.357172866093984,0.5242755709076953,0.5855948962762016,3.228337079549975,130.0,1.0,ok,
ksc,60,47,FCM_S1,,,,,0.5678176483863687,0.6209856020505592,0.3719789973544101,0.5463442717328728,0.6136105847850032,3.412457682354276,125.0,2.83,ok,
ksc,60,47,FCM_S2,,,,,0.5558564658090724,0.6106501949231649,0.3637293205319203,0.5355977739397428,0.6042202131697397,3.3470489705683826,110.0,4.88,ok,
ksc,60,47,FLICM,,,,,0.5364477544572331,0.6328117612821623,0.3448932455816687,0.5189023220111303,0.62482843634377,7.78515775587543,205.0,28.78,ok,
ksc,60,47,KWFLICM,,,,,0.6039268788083954,0.6595302672647505,0.3947802512483153,0.5816541930531568,0.6513111064740089,3.6323635985220335,130.0,3.69,ok,
ksc,60,47,SSFCM,,,,,0.5450236966824644,0.5923930329259217,0.3570147057720984,0.5154480905776243,0.5374529080642847,3.2688010896719257,180.0,20.7,ok,
ksc,60,47,eSFCM,,,,,0.5086887835703001,0.5633148643909238,0.2769650987512386,0.4741892151218576,0.5444152710841527,8.017122713552547,90.0,10.15,ok,
ksc,60,47,S3FCM,,,,,0.5475062062739788,0.5957426120883123,0.3591048726503529,0.4979850316637881,0.554906680155952,3.240352949500537,117.0,3.19,ok,
ksc,60,47,GS-SPFCM,,,,,0.6621530128639134,0.6231091014568413,0.4639105044258359,0.6497793129917482,0.6115338388609971,124.03763680257566,24.0,9.52,ok,
ksc,60,47,Softmax,,,,,0.8966373279169487,0.8371924378705918,0.8315914747765987,0.8956054500095951,0.837740954515452,40.9859362322217,,30.42,ok,
ksc,60,47,KFCM,,,,,0.5447980139923267,0.5932276506997297,0.3565709960232518,0.5236998656687776,0.585081895088073,3.226897066564216,127.0,1.32,ok,
ksc,60,47,SMUC,,,,,0.3543218235161363,0.3478813256585384,0.1032510059984631,0.4277489925158318,0.4562217341864123,2.142839192112967,121.0,34.28,ok,
ksc,60,47,S2-PFCM,,,,,0.661024599413225,0.6234645456932946,0.4629060176914558,0.7042794089426214,0.654058255077157,123.75384463445296,24.0,9.06,ok,
ksc,60,47,Sr-SSFCM,0.99,892.4657012915693,9.014805063551211,0.8174961649984805,0.8966373279169487,0.8373465114445141,0.8324203706630412,0.8954135482632892,0.837624605834685,10.809146449677016,10.0,27.96,ok,
ksc,60,47,Sw-SSFCM_r1,0.99,892.4657012915693,9.014805063551211,0.8266671277854836,0.9257503949447078,0.8854641513964365,0.8697985613593728,0.9236231049702552,0.8869271962516688,11.174943103341532,10.0,28.04,ok,
ksc,60,47,Sw-SSFCM_r2,0.99,892.4657012915693,9.014805063551211,0.8311777665678138,0.9341006544798014,0.9028396552271076,0.8787049574260729,0.9316829783151028,0.90285173320795,11.796105197266929,10.0,28.09,ok,
ksc,60,48,FCM,,,,,0.5486346197246671,0.5942677771341695,0.3612488952740438,0.5242755709076953,0.5854872680509623,3.228131180221044,135.0,1.0,ok,
ksc,60,48,FCM_S1,,,,,0.5707515233581584,0.6231326488622185,0.3758057500548993,0.5461523699865669,0.6134502935083136,3.4109296101541324,135.0,2.94,ok,
ksc,60,48,FCM_S2,,,,,0.5603701196118258,0.6124747006753283,0.3686575076238079,0.5359815774323546,0.6044980107555945,3.3468558724346447,130.0,5.17,ok,
ksc,60,48,FLICM,,,,,0.4770932069510268,0.6198893825374945,0.308345052583892,0.4607560928804452,0.6128065191922555,7.39578824229858,185.0,24.64,ok,
ksc,60,48,KWFLICM,,,,,0.5502143985556308,0.6495371907600236,0.3824088573948024,0.5315678372673192,0.6417583270071466,7.8201527631459475,305.0,5.31,ok,
ksc,60,48,SSFCM,,,,,0.5477318889641164,0.5931730411138039,0.3607125927415209,0.5002878526194589,0.536962270433284,3.270001466214407,195.0,24.1,ok,
ksc,60,48,eSFCM,,,,,0.4971789663732792,0.5301368419293612,0.221561989803745,0.4668969487622337,0.499829317540497,8.998743007796046,90.0,10.69,ok,
ksc,60,48,S3FCM,,,,,0.5504400812457685,0.5955105426258454,0.3630348013538178,0.4974093264248704,0.5417305827472116,3.237000083370866,121.0,3.49,ok,
ksc,60,48,GS-SPFCM,,,,,0.6750169262017603,0.6457149700395123,0.476564846118899,0.6601420072922664,0.6302225720551744,191.78679144333265,28.0,10.3,ok,
ksc,60,48,Softmax,,,,,0.8955089144662605,0.8379884786920065,0.8310307627244468,0.8923431203223949,0.83650544237333,24.74228987927412,,31.59,ok,
ksc,60,48,KFCM,,,,,0.5477318889641164,0.5934514462784771,0.3603370727268825,0.5236998656687776,0.5849691147897447,3.22702690452174,155.0,1.61,ok,
ksc,60,48,SMUC,,,,,0.355224554276687,0.348361825474905,0.1047530500096615,0.4277489925158318,0.4542039537747908,1.5353116223924188,91.0,26.58,ok,
ksc,60,48,S2-PFCM,,,,,0.6756939742721734,0.6463669285256213,0.4779340448448907,0.7132987910189983,0.673943944836952,192.04620405676408,27.0,10.21,ok,
ksc,60,48,Sr-SSFCM,0.99,869.8288356644816,8.786149855196792,0.8060103479869595,0.8955089144662605,0.8379624798577159,0.8316614619305432,0.8925350220687008,0.8366262250273993,5.095980233155074,10.0,28.0,ok,
ksc,60,48,Sw-SSFCM_r1,0.99,869.8288356644816,8.786149855196792,0.8151318120895353,0.9210110584518169,0.8853909070134077,0.8665895673113077,0.9217040875071963,0.8863760966874097,4.922812488189592,10.0,28.09,ok,
ksc,60,48,Sw-SSFCM_r2,0.99,869.8288356644816,8.786149855196792,0.8184400076248154,0.9300383660573234,0.9038484857439832,0.874967836209218,0.9305315678372672,0.9047768610061953,4.726038595758649,10.0,28.13,ok,
ksc,60,49,FCM,,,,,0.5450236966824644,0.5937454874809459,0.3575757584651048,0.5242755709076953,0.5854872680509622,3.228170069452259,115.0,0.89,ok,
ksc,60,49,FCM_S1,,,,,0.5689460618370571,0.6247999062241915,0.374076899061294,0.5463442717328728,0.6136105847850032,3.412520939688387,110.0,2.54,ok,
ksc,60,49,FCM_S2,,,,,0.5565335138794855,0.6131559265955248,0.3649515581812428,0.5359815774323546,0.6044980107555945,3.3468314606413023,105.0,4.77,ok,
ksc,60,49,FLICM,,,,,0.4755134281200632,0.6212561263421841,0.3092901855486406,0.4607560928804452,0.6128065191922555,7.395659084157365,180.0,24.43,ok,
ksc,60,49,KWFLICM,,,,,0.5477318889641164,0.648438708271018,0.3809384826040547,0.5292650163116485,0.6404288757292812,8.914658900407415,165.0,3.91,ok,
ksc,60,49,SSFCM,,,,,0.5407357255698488,0.5801964678737467,0.3283774636309665,0.500095950873153,0.5322287037737746,3.2529381898978458,90.0,11.6,ok,
ksc,60,49,eSFCM,,,,,0.5001128413450688,0.5301022926161376,0.2236941558281378,0.5142966800997889,0.5334993553585322,9.023294063164052,95.0,11.5,ok,
ksc,60,49,S3FCM,,,,,0.5447980139923267,0.5932626200793601,0.3578529917743085,0.4918441757819996,0.545179912288422,3.2405627936591266,111.0,3.31,ok,
ksc,60,49,GS-SPFCM,,,,,0.6736628300609343,0.6337876474209241,0.4769431785653817,0.6589905968144311,0.6206787864377593,418.7408725420565,22.0,9.95,ok,
ksc,60,49,Softmax,,,,,0.8950575490859851,0.8389939637049053,0.8275773716326769,0.8929188255613126,0.8366211942021843,746.8219215857431,,32.01,ok,
ksc,60,49,KFCM,,,,,0.5411870909501241,0.5792357101276054,0.328405271905558,0.5173671080406832,0.5697668610192481,3.219453459508552,62.0,0.78,ok,
ksc,60,49,SMUC,,,,,0.4572331302189122,0.5585641397157288,0.1571530766277169,0.5150642870850125,0.5931428803426805,2.5316488801846906,86.0,25.67,ok,
ksc,60,49,S2-PFCM,,,,,0.6729857819905213,0.6333661205500052,0.4765282941098996,0.7115716753022453,0.6643397281388249,421.0438467333553,22.0,9.9,ok,
ksc,60,49,Sr-SSFCM,0.99,902.8323289125696,9.119518473864348,0.8178805590725834,0.8928007221846085,0.836544097224206,0.8249268146223294,0.8908079063519478,0.8343529163183115,205.68352412850425,10.0,27.93,ok,
ksc,60,49,Sw-SSFCM_r1,0.99,902.8323289125696,9.119518473864348,0.8247316934165183,0.9192055969307156,0.8817675608095917,0.8623014914330406,0.9178660525810785,0.8804575557384371,137.16346692905512,10.0,28.02,ok,
ksc,60,49,Sw-SSFCM_r2,0.99,902.8323289125696,9.119518473864348,0.8271639908025125,0.9304897314375988,0.8986622409959016,0.8793508339674503,0.9305315678372672,0.8992639967898443,118.70005628868554,10.0,28.06,ok,
ksc,60,50,FCM,,,,,0.5452493793726021,0.5934426851981421,0.3567096770272868,0.5244674726540012,0.5857425082059108,3.228342926298005,95.0,0.76,ok,
ksc,60,50,FCM_S1,,,,,0.5678176483863687,0.6235418685154167,0.3724085856814371,0.5463442717328728,0.6136105847850032,3.412521867231733,105.0,2.49,ok,
ksc,60,50,FCM_S2,,,,,0.5576619273301737,0.6125744026954965,0.3648523324164563,0.5359815774323546,0.6044978756047997,3.347039201706153,95.0,4.68,ok,
ksc,60,50,FLICM,,,,,0.4759647935003385,0.6190673059076883,0.3091291752476914,0.4607560928804452,0.6124338381547442,7.396901119493182,185.0,25.03,ok,
ksc,60,50,KWFLICM,,,,,0.5490859851049424,0.6479460270763976,0.3806455825806115,0.5315678372673192,0.6417583270071466,7.820047852351791,200.0,3.95,ok,
ksc,60,50,SSFCM,,,,,0.5447980139923267,0.5926015649731575,0.3564944581903457,0.5047015927844943,0.5533950768614558,3.2691537696867905,70.0,7.88,ok,
ksc,60,50,eSFCM,,,,,0.4529451591062965,0.5071886064511308,0.2180799994345829,0.429284206486279,0.4985870092723878,5.342285217528627,110.0,12.65,ok,
ksc,60,50,S3FCM,,,,,0.5466034755134281,0.5939557284187952,0.358081824271675,0.4939550949913644,0.5420726822320322,3.2368627153367644,118.0,3.03,ok,
ksc,60,50,GS-SPFCM,,,,,0.6973595125253893,0.665300742256035,0.4922526360806007,0.6845135290731146,0.6493512978443032,112.0210360903091,21.0,7.73,ok,
ksc,60,50,Softmax,,,,,0.8835477318889641,0.8175521420685935,0.8165545872198539,0.883515639992324,0.8190580260801902,35.603581819549454,,28.14,ok,
ksc,60,50,KFCM,,,,,0.5459264274430151,0.5947112598158567,0.3572556163374039,0.5258107848781424,0.5861717886766978,3.2224240135573896,52.0,0.63,ok,
ksc,60,50,SMUC,,,,,0.4561047167682239,0.5676136567453841,0.1579731483103562,0.5121857608904241,0.5973182388464138,2.73244954282936,71.0,19.18,ok,
ksc,60,50,S2-PFCM,,,,,0.6964567817648386,0.6649731718590867,0.4910078305389302,0.734983688351564,0.6908002882091874,111.71909484954516,21.0,7.49,ok,
ksc,60,50,Sr-SSFCM,0.99,882.8183857601906,8.917357431921126,0.8114534034011697,0.8828706838185512,0.8174769089623038,0.8163224415266307,0.8831318364997122,0.8192594126381014,13.15598545470993,10.0,27.91,ok,
ksc,60,50,Sw-SSFCM_r1,0.99,882.8183857601906,8.917357431921126,0.8203022023358735,0.9126607989167232,0.8698473861435259,0.8558552892330111,0.9132604106697372,0.8704015312619081,13.131140195948408,10.0,28.0,ok,
ksc,60,50,Sw-SSFCM_r2,0.99,882.8183857601906,8.917357431921126,0.8248264926815994,0.924170616113744,0.8945012095963312,0.8689802862564768,0.9241988102091728,0.8939501099297649,12.507610028393572,10.0,28.05,ok,
ksc,60,51,FCM,,,,,0.5472805235838412,0.5944915338695378,0.3596613810861006,0.5242755709076953,0.5854872680509623,3.228127306349573,110.0,0.8,ok,
ksc,60,51,FCM_S1,,,,,0.5707515233581584,0.6250482233856182,0.3757304151688899,0.5461523699865669,0.6134502935083136,3.410889397670041,120.0,2.65,ok,
ksc,60,51,FCM_S2,,,,,0.5590160234709998,0.6142161356642143,0.367200469476913,0.5359815774323546,0.6044980107555945,3.346869042603373,120.0,4.62,ok,
ksc,60,51,FLICM,,,,,0.4773188896411645,0.6223101172561802,0.3085494587832158,0.4607560928804452,0.6128065191922555,7.395777285798525,185.0,20.54,ok,
ksc,60,51,KWFLICM,,,,,0.5522455427668698,0.652451106439094,0.3841935350118231,0.5315678372673192,0.6417583270071466,7.820027065452736,565.0,6.96,ok,
ksc,60,51,SSFCM,,,,,0.5416384563303994,0.580839783990424,0.3280907777690794,0.51237766263673,0.5453324514466827,3.256480685629596,390.0,39.51,ok,
ksc,60,51,eSFCM,,,,,0.4585872263597382,0.5100337276683587,0.2210613371439089,0.4749568221070812,0.5173238388300228,5.310212401805632,135.0,13.67,ok,
ksc,60,51,S3FCM,,,,,0.5472805235838412,0.5943499942965247,0.3599016830494486,0.5018230665899059,0.5467838560124654,3.230560829120661,82.0,2.39,ok,
ksc,60,51,GS-SPFCM,,,,,0.688106522229745,0.6519046735942984,0.4942590830526914,0.6735751295336787,0.6358672767877703,308.1395067506905,28.0,9.47,ok,
ksc,60,51,Softmax,,,,,0.8851275107199278,0.8225514307317453,0.8198642517780103,0.8814047207829592,0.8199804612301648,102.95340410828508,,35.32,ok,
ksc,60,51,KFCM,,,,,0.4425637553599639,0.5138434775762036,0.2689798398472608,0.4181539052005373,0.5040006169552559,2.0560643060463697,91.0,0.94,ok,
ksc,60,51,SMUC,,,,,0.3565786504175129,0.3487363315215493,0.1081273236089262,0.4287085012473614,0.451643259907111,1.8734802497329932,91.0,32.79,ok,
ksc,60,51,S2-PFCM,,,,,0.687429474159332,0.6521148508265227,0.4936407836325233,0.7263481097677988,0.681435334024024,309.2661977118586,27.0,9.18,ok,
ksc,60,51,Sr-SSFCM,0.99,927.4913381731176,9.368599375486044,0.8149913581607078,0.8853531934100655,0.8225012336517963,0.8207784033645091,0.8814047207829592,0.8197197731100773,40.50562409426437,10.0,28.0,ok,
ksc,60,51,Sw-SSFCM_r1,0.99,927.4913381731176,9.368599375486044,0.8254524892704311,0.9192055969307156,0.8726922160405125,0.8695433823784519,0.9138361159086548,0.8697848463368987,44.01798356524465,10.0,28.09,ok,
ksc,60,51,Sw-SSFCM_r2,0.99,927.4913381731176,9.368599375486044,0.8299047859795754,0.9318438275784248,0.8974066715726116,0.883557871575207,0.9266935329111496,0.8946836539862975,47.298436216890735,10.0,28.13,ok,
pavia_university,5,42,FCM,,,,,0.5184292434064263,0.5348563871483285,0.5119681633257851,0.518515055171124,0.534984045854821,0.3346822380585693,140.0,0.53,ok,
pavia_university,5,42,FCM_S1,,,,,0.5229224684655168,0.5442177399444362,0.5233117638969431,0.5230269309893398,0.544415455134813,0.4036836835596629,160.0,1.33,ok,
pavia_university,5,42,FCM_S2,,,,,0.5248414500011701,0.5454785906715188,0.520648234447676,0.5249438937722087,0.5456754563755917,0.3838625025501659,250.0,2.95,ok,
pavia_university,5,42,FLICM,,,,,0.4820153986567129,0.5334517920507285,0.4885410977350453,0.4820460071067888,0.5335950762001063,0.3969945424213316,155.0,7.19,ok,
pavia_university,5,42,KWFLICM,,,,,0.435398188668648,0.5204009153713139,0.4588167945148283,0.4355947260145876,0.520535586179919,1.594665586064396,285.0,1.77,ok,
pavia_university,5,42,SSFCM,,,,,0.5184526456202757,0.5348762891912036,0.5120326371464903,0.5179072377033851,0.5326153163887389,0.3375380849208588,45.0,2.14,ok,
pavia_university,5,42,eSFCM,,,,,0.5566450586225457,0.557447132246969,0.5098798843370838,0.5560594726014587,0.5550870740589362,0.4854280323226931,80.0,3.51,ok,
pavia_university,5,42,S3FCM,,,,,0.5326109849991809,0.5237985614056515,0.5414684462810597,0.5327520104731626,0.5235567406786835,0.3358175002336204,66.0,1.03,ok,
pavia_university,5,42,GS-SPFCM,,,,,0.6382251761016592,0.5576752440008221,0.6032669491771014,0.6383018515055171,0.5578256882699922,4.787095943051911,24.0,3.2,ok,
pavia_university,5,42,Softmax,,,,,0.5523390512742505,0.4959887013305371,0.5718948616777184,0.5527866093136338,0.4963611466560485,1.344452725795776,,6.29,ok,
pavia_university,5,42,Sr-SSFCM,0.99,8105.429374239764,81.8730239822199,0.983484162808905,0.5525028667711965,0.4959383964018563,0.5719064958115447,0.5529502524780251,0.4963109466400884,1.1655150064784594,5.0,3.46,ok,
pavia_university,5,42,Sw-SSFCM_r1,0.99,8105.429374239764,81.8730239822199,0.9859464109239028,0.5804217078935667,0.5285206679525474,0.5978748134499923,0.5808397232092762,0.5288752495794784,1.128419408572331,5.0,3.49,ok,
pavia_university,5,42,Sw-SSFCM_r2,0.99,8105.429374239764,81.8730239822199,0.986575251258722,0.5836044089770892,0.5339408260021272,0.6003430699899384,0.583995698522536,0.5342854204669113,1.0900751775032531,5.0,3.5,ok,
pavia_university,5,43,FCM,,,,,0.5185228522618239,0.5348649102082342,0.5121131094939395,0.5185384327660371,0.534984950767709,0.3346459898306568,110.0,0.44,ok,
pavia_university,5,43,FCM_S1,,,,,0.5229926751070652,0.544224612596569,0.5233960566421652,0.5230269309893398,0.544415455134813,0.4036553220134676,125.0,1.16,ok,
pavia_university,5,43,FCM_S2,,,,,0.5249116566427184,0.545460158140741,0.5207326675984445,0.5249438937722087,0.5456671192016925,0.3838377860172171,215.0,2.72,ok,
pavia_university,5,43,FLICM,,,,,0.522220402050034,0.5460369029528819,0.4996100515756381,0.5222554703572097,0.5461322191597829,0.2947981917372551,90.0,4.17,ok,
pavia_university,5,43,KWFLICM,,,,,0.434415295686972,0.5054059436545778,0.4040382316918798,0.4343557134841967,0.5055265246923916,1.7039323568838345,195.0,1.36,ok,
pavia_university,5,43,SSFCM,,,,,0.5185228522618239,0.5349038562794779,0.5121197795909375,0.5179773704881242,0.5317433537889698,0.3365548150219202,120.0,5.24,ok,
pavia_university,5,43,eSFCM,,,,,0.5335704757670076,0.535855296077081,0.5034246046128069,0.5330091640172059,0.5326773622317523,0.4611422808988987,80.0,3.37,ok,
pavia_university,5,43,S3FCM,,,,,0.5327045938545787,0.5238936241869725,0.5416159657518719,0.5325182345240321,0.5234602867435597,0.3359269759023791,55.0,0.86,ok,
pavia_university,5,43,GS-SPFCM,,,,,0.582832135920058,0.5440657445922014,0.5658294909892412,0.5827800635870581,0.5441811752010314,21.582133578794323,43.0,5.33,ok,
pavia_university,5,43,Softmax,,,,,0.5887528960239639,0.5607475516837669,0.6128955324712742,0.5889517486440995,0.5610729618389385,5.792252417093676,,5.14,ok,
pavia_university,5,43,Sr-SSFCM,0.99,6616.488526617967,66.83321744058559,0.9770316204847114,0.5886592871685662,0.560875334732864,0.6130356808384225,0.5888582382644474,0.5612003319334257,3.884213077064649,5.0,3.45,ok,
pavia_university,5,43,Sw-SSFCM_r1,0.99,6616.488526617967,66.83321744058559,0.9796894042332144,0.6073810582481103,0.5959025253742533,0.6462714644120775,0.607794090144006,0.5962370692872458,3.5931847856816863,5.0,3.48,ok,
pavia_university,5,43,Sw-SSFCM_r2,0.99,6616.488526617967,66.83321744058559,0.980656280501388,0.6172567924925698,0.6037113843114879,0.6556338266911843,0.6176360576023938,0.6040343773042686,3.924972045464989,5.0,3.5,ok,
pavia_university,5,44,FCM,,,,,0.5184994500479745,0.534809392526863,0.5120292102983113,0.518515055171124,0.534984045854821,0.3346711845115828,115.0,0.48,ok,
pavia_university,5,44,FCM_S1,,,,,0.5230160773209146,0.5441967509947646,0.5233853163077735,0.5230269309893398,0.544415455134813,0.4036741008408316,130.0,1.32,ok,
pavia_university,5,44,FCM_S2,,,,,0.5249350588565679,0.5454468757104337,0.5207284141508133,0.5249438937722087,0.5456671192016925,0.3838298875741245,215.0,2.74,ok,
pavia_university,5,44,FLICM,,,,,0.522220402050034,0.5458944614872597,0.499557815599053,0.5222554703572097,0.5461322191597829,0.2948024686103384,95.0,4.53,ok,
pavia_university,5,44,KWFLICM,,,,,0.4342982846177248,0.5053200487223715,0.4039320465878066,0.4343557134841967,0.5055319323298018,1.7040226594698336,180.0,1.32,ok,
pavia_university,5,44,SSFCM,,,,,0.5184994500479745,0.5348219583521447,0.5120260373120975,0.5184215447914718,0.5336075109239352,0.3353394751438251,110.0,4.85,ok,
pavia_university,5,44,eSFCM,,,,,0.5336406824085559,0.5358298778227135,0.503334105191713,0.5334299607256405,0.5344603236498134,0.4604638470145014,120.0,5.19,ok,
pavia_university,5,44,S3FCM,,,,,0.5327513982822775,0.523783016815015,0.5415801231661155,0.5327052552833365,0.5234563425623194,0.3358132003473703,63.0,0.96,ok,
pavia_university,5,44,GS-SPFCM,,,,,0.6174674124172147,0.5598337770136126,0.6198770402709697,0.6175425472227417,0.5599295626959764,21.531734199630066,42.0,5.39,ok,
pavia_university,5,44,Softmax,,,,,0.550349863097049,0.561145300966547,0.6122184588595498,0.5507995137460258,0.5614646160112033,19.216478477218494,,6.45,ok,
pavia_university,5,44,Sr-SSFCM,0.99,7172.784304203146,72.45236670912276,0.9804655574330388,0.5504200697385973,0.5612669843898592,0.6123733191917798,0.5508696465307649,0.5615861204134919,11.671047618226211,5.0,3.5,ok,
pavia_university,5,44,Sw-SSFCM_r1,0.99,7172.784304203146,72.45236670912276,0.9828744278298016,0.5605298261215511,0.585961133990711,0.6290100655670472,0.560898634748457,0.5862373853356042,11.332431373367092,5.0,3.47,ok,
pavia_university,5,44,Sw-SSFCM_r2,0.99,7172.784304203146,72.45236670912276,0.9834944895099276,0.5623083943741078,0.5908706501337156,0.6309665256976583,0.5626519543669347,0.591103711913935,12.121870872446047,5.0,3.58,ok,
pavia_university,5,45,FCM,,,,,0.5184994500479745,0.5347817675418072,0.5120527602274058,0.518515055171124,0.534984045854821,0.3346910119048895,145.0,0.54,ok,
pavia_university,5,45,FCM_S1,,,,,0.5229926751070652,0.5442151796593797,0.5233554433176884,0.5230269309893398,0.544415455134813,0.4036830648765409,155.0,1.37,ok,
pavia_university,5,45,FCM_S2,,,,,0.524888254428869,0.5454430235729836,0.520677304607143,0.5249438937722087,0.5456671192016925,0.3838526380575154,245.0,2.97,ok,
pavia_university,5,45,FLICM,,,,,0.5222906086915822,0.5460031070718081,0.4996607020713953,0.5223022255470358,0.546206090454296,0.294741335723732,110.0,5.24,ok,
pavia_university,5,45,KWFLICM,,,,,0.397041960169432,0.477114972492526,0.3534734597211897,0.3970918271928184,0.4772220916662322,1.6229862174559393,180.0,1.32,ok,
pavia_university,5,45,SSFCM,,,,,0.5184994500479745,0.5348205875994565,0.5120594290484296,0.5179539928932112,0.5323822385533781,0.336419932772437,125.0,5.51,ok,
pavia_university,5,45,eSFCM,,,,,0.5335002691254592,0.5357911567177561,0.5033170546704802,0.5329624088273799,0.5333209346470827,0.4610448249846889,85.0,3.68,ok,
pavia_university,5,45,S3FCM,,,,,0.5327045938545787,0.5238393895914535,0.54154689822317,0.5327753880680756,0.5234488855568482,0.3359377489548319,62.0,1.04,ok,
pavia_university,5,45,GS-SPFCM,,,,,0.5678313168425733,0.5233417462979514,0.5840069758136887,0.5679119132223677,0.5235382132954925,16.60088351187889,81.0,9.9,ok,
pavia_university,5,45,Softmax,,,,,0.6093936486391612,0.5195203284042637,0.6123611035088778,0.609757808116701,0.5199080711898628,14.259689788452311,,6.49,ok,
pavia_university,5,45,Sr-SSFCM,0.99,7145.274720172287,72.17449212295246,0.9799297092785876,0.6095808663499567,0.5196299677464082,0.6123664604108234,0.6099448288760052,0.5200174824668916,9.629954346014769,5.0,3.42,ok,
pavia_university,5,45,Sw-SSFCM_r1,0.99,7145.274720172287,72.17449212295246,0.9832444263156932,0.6588659287168566,0.5753258173485115,0.6535830226977972,0.6591780437628577,0.5756742502691088,10.851999996438485,5.0,3.45,ok,
pavia_university,5,45,Sw-SSFCM_r2,0.99,7145.274720172287,72.17449212295246,0.9839264380003876,0.6640846224052795,0.5835218342129554,0.6570141701256731,0.6643678698335516,0.5838543209197119,12.12790410561612,5.0,3.47,ok,
pavia_university,5,46,FCM,,,,,0.5184292434064263,0.5348125960110728,0.5120125578772557,0.518515055171124,0.534984045854821,0.3346967681767154,125.0,0.46,ok,
pavia_university,5,46,FCM_S1,,,,,0.5228990662516674,0.5442046234198106,0.523289015315782,0.5230269309893398,0.544415455134813,0.4036602818649236,125.0,1.14,ok,
pavia_university,5,46,FCM_S2,,,,,0.5248414500011701,0.5455133056337241,0.5206961798688521,0.5249438937722087,0.5456754563755917,0.3838614067969048,225.0,3.1,ok,
pavia_university,5,46,FLICM,,,,,0.522220402050034,0.5460312376127433,0.4996501386620786,0.5222788479521226,0.5462408134515294,0.2947520641582523,195.0,9.28,ok,
pavia_university,5,46,KWFLICM,,,,,0.4523881959233343,0.5174288752224167,0.4659480844866507,0.4525668599214513,0.5176033378367682,1.840145751689084,225.0,1.51,ok,
pavia_university,5,46,SSFCM,,,,,0.5184058411925768,0.5347934724219762,0.5119820934716897,0.517860482513559,0.5324247956096763,0.3366703904315594,60.0,2.76,ok,
pavia_university,5,46,eSFCM,,,,,0.5567620696917929,0.5575629809896717,0.509925689431248,0.5561763605760239,0.5554998886550864,0.4842602973230104,105.0,4.55,ok,
pavia_university,5,46,S3FCM,,,,,0.5327045938545787,0.5239413990520988,0.5414278485268821,0.5327987656629886,0.5235067604320459,0.3362913416325341,49.0,0.88,ok,
pavia_university,5,46,GS-SPFCM,,,,,0.5368935901336266,0.5380983417502344,0.6048175284568885,0.5371703759117262,0.5382360667444492,4.111924198982055,30.0,4.0,ok,
pavia_university,5,46,Softmax,,,,,0.5194355386019518,0.5304836817343582,0.5817697673140807,0.5196605573218628,0.5307946663986733,1.6001033406001832,,6.51,ok,
pavia_university,5,46,Sr-SSFCM,0.99,5316.885809855825,53.705917271271005,0.967442000746369,0.5193185275327046,0.5304663521457849,0.5817698451798161,0.5195436693472976,0.5307773483827773,1.395818144466742,5.0,3.41,ok,
pavia_university,5,46,Sw-SSFCM_r1,0.99,5316.885809855825,53.705917271271005,0.9706433347091934,0.5246308300765252,0.5487898326437558,0.586509443010602,0.5248503833925565,0.5490715574434714,1.3673395857819766,5.0,3.45,ok,
pavia_university,5,46,Sw-SSFCM_r2,0.99,5316.885809855825,53.705917271271005,0.971827178042024,0.5228990662516674,0.5528285870705232,0.5782232426411178,0.5229801757995137,0.5531055881785277,1.3538634549059334,5.0,3.46,ok,
pavia_university,5,47,FCM,,,,,0.5185930589033723,0.534985847853569,0.5120210494290802,0.518515055171124,0.534984045854821,0.3346577853592953,75.0,0.3,ok,
pavia_university,5,47,FCM_S1,,,,,0.5230628817486134,0.5443167237522164,0.5233660231710284,0.5230269309893398,0.544415455134813,0.4036574479486834,120.0,1.05,ok,
pavia_university,5,47,FCM_S2,,,,,0.5249818632842667,0.5455740943632778,0.5206991085533205,0.5249438937722087,0.5456671192016925,0.3838518331773426,210.0,2.78,ok,
pavia_university,5,47,FLICM,,,,,0.5223374131192811,0.5461305500793379,0.4997172312752262,0.5222788479521226,0.5462408134515294,0.2947638443304238,85.0,4.29,ok,
pavia_university,5,47,KWFLICM,,,,,0.3730546909737661,0.4804424147163338,0.3456549852981099,0.373059659622218,0.4804959142287909,1.2361366366864786,295.0,1.81,ok,
pavia_university,5,47,SSFCM,,,,,0.5185696566895228,0.5349975069914019,0.5120117976097431,0.5181410136525154,0.532761157769567,0.3363491640965924,65.0,2.87,ok,
pavia_university,5,47,eSFCM,,,,,0.5336406824085559,0.5360104923721556,0.503463851493456,0.5331961847765102,0.5337309206502661,0.4609855869487841,55.0,2.39,ok,
pavia_university,5,47,S3FCM,,,,,0.5184292434064263,0.5349538431642702,0.5119924147844346,0.5184449223863848,0.5350131817652433,0.3349212403977712,34.0,0.61,ok,
pavia_university,5,47,GS-SPFCM,,,,,0.5909058996981115,0.5077893047835627,0.5994250381512174,0.5909622218066205,0.5079704185946857,6.680135319470451,54.0,6.86,ok,
pavia_university,5,47,Softmax,,,,,0.6200884603683509,0.4892452368042317,0.585365076082245,0.6204647465868711,0.489675326187814,1.1718972728843289,,6.49,ok,
pavia_university,5,47,Sr-SSFCM,0.99,7531.772074795336,76.07850580601357,0.9782463697906946,0.6202756780791463,0.4895725955024435,0.585561814413677,0.6206517673461754,0.4900024346220489,1.0240373579129287,5.0,3.42,ok,
pavia_university,5,47,Sw-SSFCM_r1,0.99,7531.772074795336,76.07850580601357,0.9815221201101592,0.6631953382790012,0.5369696921664158,0.6255583339857357,0.6635262764166823,0.5373317791721227,0.9997035254629196,5.0,3.45,ok,
pavia_university,5,47,Sw-SSFCM_r2,0.99,7531.772074795336,76.07850580601357,0.9824992708074616,0.6720179729002363,0.5482140140540496,0.6334806837499669,0.6723162521039835,0.5485507369568845,0.9616567587835124,5.0,3.47,ok,
pavia_university,5,48,FCM,,,,,0.5184526456202757,0.5347597901995378,0.512075682292997,0.518515055171124,0.534984045854821,0.3346977170705586,115.0,0.43,ok,
pavia_university,5,48,FCM_S1,,,,,0.5229692728932157,0.5442143671906867,0.523424480495539,0.5230269309893398,0.544415455134813,0.403683425785681,125.0,1.08,ok,
pavia_university,5,48,FCM_S2,,,,,0.524888254428869,0.5454389122494336,0.5207746735876633,0.5249438937722087,0.5456671192016925,0.3838002757267515,210.0,2.71,ok,
pavia_university,5,48,FLICM,,,,,0.522220402050034,0.5459561717127542,0.4996652845643493,0.5222554703572097,0.5461700104440149,0.2948110006569215,85.0,4.3,ok,
pavia_university,5,48,KWFLICM,,,,,0.4379724321920853,0.502315187080636,0.4287459832585424,0.4381896390499345,0.5024930784876176,1.872182225422772,185.0,1.37,ok,
pavia_university,5,48,SSFCM,,,,,0.5184526456202757,0.5347597901995378,0.512075682292997,0.5179072377033851,0.531872624150309,0.3362790085866913,100.0,4.41,ok,
pavia_university,5,48,eSFCM,,,,,0.5336406824085559,0.5357830413875619,0.5035878900300409,0.533079296801945,0.5328538427324705,0.4615192036480295,55.0,2.39,ok,
pavia_university,5,48,S3FCM,,,,,0.5326811916407292,0.523767650779148,0.5415889282050065,0.5326585000935103,0.5234912788872473,0.3360285047617272,56.0,0.91,ok,
pavia_university,5,48,GS-SPFCM,,,,,0.5747115677143058,0.55930015638556,0.602500613598911,0.5749018141013652,0.5595387614696915,10.123484854734624,68.0,8.37,ok,
pavia_university,5,48,Softmax,,,,,0.5912803351197023,0.5450386329244438,0.6458765482356084,0.5916869272489246,0.5454444253803299,1.5495531563557692,,6.47,ok,
pavia_university,5,48,Sr-SSFCM,0.99,5175.414928789413,52.27691847262038,0.9690395107709022,0.591210128478154,0.5453539263071893,0.6460140523001098,0.5916167944641855,0.5457594877217385,1.1566916798832882,5.0,3.44,ok,
pavia_university,5,48,Sw-SSFCM_r1,0.99,5175.414928789413,52.27691847262038,0.9732542455904092,0.6250029252767312,0.5921121468819415,0.6883536166279628,0.6253506639236955,0.5924557577251459,1.1565387988233748,5.0,3.47,ok,
pavia_university,5,48,Sw-SSFCM_r2,0.99,5175.414928789413,52.27691847262038,0.9746164308965132,0.6301514123236058,0.59960488100593,0.6903630854228276,0.6304937348045633,0.5999438659487222,1.2274781960366603,5.0,3.49,ok,
pavia_university,5,49,FCM,,,,,0.5184526456202757,0.5347973214634613,0.5120468554229629,0.518515055171124,0.534984045854821,0.334692495276967,120.0,0.45,ok,
pavia_university,5,49,FCM_S1,,,,,0.5229458706793663,0.5442626395921619,0.5233399394889613,0.5230269309893398,0.544415455134813,0.4036576147590098,125.0,1.09,ok,
pavia_university,5,49,FCM_S2,,,,,0.524888254428869,0.5455198870832654,0.5207454623903816,0.5249438937722087,0.5456671192016925,0.3838221708423933,215.0,2.74,ok,
pavia_university,5,49,FLICM,,,,,0.5222906086915822,0.5460854243961032,0.4996777521250605,0.5223022255470358,0.546206090454296,0.2947507360297775,105.0,5.23,ok,
pavia_university,5,49,KWFLICM,,,,,0.4550326460883199,0.5003413038959275,0.4212143841593556,0.4551851505517112,0.5005712600851897,1.76043740719962,160.0,1.23,ok,
pavia_university,5,49,SSFCM,,,,,0.5184760478341252,0.5347982281475808,0.5120529386648628,0.5180475032728633,0.5325713622894718,0.3365430746567186,95.0,4.19,ok,
pavia_university,5,49,eSFCM,,,,,0.533593877980857,0.5358152020125694,0.5033880094363956,0.5331728071815972,0.533879236500865,0.4608870437759275,45.0,1.96,ok,
pavia_university,5,49,S3FCM,,,,,0.5326109849991809,0.5236933464542346,0.5413127607586128,0.5326818776884235,0.5234037236544299,0.3361356537571211,73.0,1.05,ok,
pavia_university,5,49,GS-SPFCM,,,,,0.5515433760033699,0.5426890754139286,0.6021290847996668,0.5518281279221994,0.542881890464329,4.26282323664304,34.0,4.46,ok,
pavia_university,5,49,Softmax,,,,,0.618029065549601,0.5271402591243541,0.6081209598728472,0.618384140639611,0.527483681123413,2.0610778964262857,,6.48,ok,
pavia_university,5,49,Sr-SSFCM,0.99,5213.736296102162,52.664002990930975,0.9743828884863662,0.617865250052655,0.5273205677363427,0.6081780982376601,0.6182204974752198,0.5276638336850941,1.459004217482669,5.0,3.45,ok,
pavia_university,5,49,Sw-SSFCM_r1,0.99,5213.736296102162,52.664002990930975,0.9767659991241648,0.636633825559898,0.5539213401571236,0.6244890477920114,0.6369459510005611,0.5542340724693565,1.3958655527710209,5.0,3.52,ok,
pavia_university,5,49,Sw-SSFCM_r2,0.99,5213.736296102162,52.664002990930975,0.9778696668950926,0.6412206594743862,0.5608573255631744,0.6280208658173118,0.6415045820086029,0.5611545181754896,1.4057213072285002,5.0,3.5,ok,
pavia_university,5,50,FCM,,,,,0.5184058411925768,0.5347650796819559,0.5119968132772039,0.518515055171124,0.534984045854821,0.3346766221451474,125.0,0.46,ok,
pavia_university,5,50,FCM_S1,,,,,0.5229692728932157,0.5442461539593664,0.5233827933842053,0.5230269309893398,0.544415455134813,0.4036597139706108,135.0,1.16,ok,
pavia_university,5,50,FCM_S2,,,,,0.5248180477873207,0.5454589358778922,0.520682228623683,0.5249438937722087,0.5456671192016925,0.3838383871802351,220.0,2.78,ok,
pavia_university,5,50,FLICM,,,,,0.4820622030844118,0.5334253370434593,0.48861077789441,0.4820226295118758,0.533577955896553,0.3969963523659656,170.0,8.19,ok,
pavia_university,5,50,KWFLICM,,,,,0.3726568533383258,0.4805152624128454,0.3454645762805577,0.3727323732934355,0.4805688699538292,1.2373014638556226,290.0,1.92,ok,
pavia_university,5,50,SSFCM,,,,,0.5184292434064263,0.5348047932672824,0.5120095650357794,0.5180007480830372,0.5320579242529808,0.3363788861421066,105.0,4.63,ok,
pavia_university,5,50,eSFCM,,,,,0.5334534646977604,0.5357869229479715,0.5033279006818814,0.5331260519917711,0.5329612393568884,0.4612640030636524,45.0,1.96,ok,
pavia_university,5,50,S3FCM,,,,,0.532727996068428,0.5238693323500467,0.5415970002394837,0.5328688984477277,0.523547951235291,0.3357712903212974,48.0,0.89,ok,
pavia_university,5,50,GS-SPFCM,,,,,0.5907420842011655,0.5443357391926714,0.6011521120899928,0.5908219562371423,0.5445559646769054,12.905334756988998,30.0,3.98,ok,
pavia_university,5,50,Softmax,,,,,0.5842362687510239,0.5533388332558835,0.6166573274009403,0.584673648775014,0.5536910621271564,6.008398303595395,,6.5,ok,
pavia_university,5,50,Sr-SSFCM,0.99,6223.145238745112,62.86005291661735,0.9767282152751392,0.5843298776064215,0.5534292544281917,0.6168854615996449,0.5847671591546661,0.5537816183460449,4.212559805458262,5.0,3.43,ok,
pavia_university,5,50,Sw-SSFCM_r1,0.99,6223.145238745112,62.86005291661735,0.9799767486368488,0.618848143034331,0.5841822669472531,0.6468190225080866,0.6192023564615672,0.5844735570597707,3.8158602529512096,5.0,3.47,ok,
pavia_university,5,50,Sw-SSFCM_r2,0.99,6223.145238745112,62.86005291661735,0.9809824733300953,0.6231307481687768,0.5918310895212073,0.6534881248727206,0.6234804563306527,0.5921157031207656,3.958250259231301,5.0,3.48,ok,
pavia_university,5,51,FCM,,,,,0.5184760478341252,0.534790723410338,0.5119155836145861,0.5185384327660371,0.534984950767709,0.3346588085400143,115.0,0.43,ok,
pavia_university,5,51,FCM_S1,,,,,0.5229692728932157,0.5442052590308865,0.523292300735283,0.5230269309893398,0.544415455134813,0.4036693919575617,155.0,1.3,ok,
pavia_university,5,51,FCM_S2,,,,,0.524888254428869,0.5454608666122479,0.5206253467707604,0.5249438937722087,0.5456671192016925,0.3838465382025254,240.0,2.93,ok,
pavia_university,5,51,FLICM,,,,,0.522220402050034,0.5459526721367822,0.4994757073264545,0.5222788479521226,0.5461658799869558,0.294785502929119,105.0,5.0,ok,
pavia_university,5,51,KWFLICM,,,,,0.4284243289415179,0.5043877840502322,0.4332071447950114,0.4285113147559379,0.5045286392208499,1.3621338738299569,315.0,1.94,ok,
pavia_university,5,51,SSFCM,,,,,0.5184760478341252,0.534829574632944,0.5119222538767707,0.5182812792219936,0.5326965208246309,0.3372730264710093,90.0,4.22,ok,
pavia_university,5,51,eSFCM,,,,,0.5335704757670076,0.5357994318747508,0.5033429791633265,0.5331260519917711,0.5339714055475236,0.4619166358160671,175.0,7.56,ok,
pavia_university,5,51,S3FCM,,,,,0.5184058411925768,0.5347840645384241,0.5118571684888992,0.5183514120067327,0.5345264093911619,0.3348179244627498,46.0,0.84,ok,
pavia_university,5,51,GS-SPFCM,,,,,0.633100091268634,0.5158557548467471,0.6108878571979951,0.6331821582195624,0.5161497893830211,9.626761668849044,38.0,5.02,ok,
pavia_university,5,51,Softmax,,,,,0.6215627998408649,0.5227583502612694,0.5796045006163084,0.6219609126613054,0.5231226553829778,1.4299109100105123,,6.47,ok,
pavia_university,5,51,Sr-SSFCM,0.99,7496.335383471421,75.72055942900431,0.971436509448338,0.6219606374763053,0.5231269280447505,0.579909523764825,0.622358331774827,0.5234910825823335,1.0441039837584156,5.0,3.42,ok,
pavia_university,5,51,Sw-SSFCM_r1,0.99,7496.335383471421,75.72055942900431,0.974903012006759,0.640822821838946,0.5544312837828368,0.597197062623827,0.6411539180849074,0.5547534574147435,0.9557694822690932,5.0,3.45,ok,
pavia_university,5,51,Sw-SSFCM_r2,0.99,7496.335383471421,75.72055942900431,0.975874808129272,0.6434204675762327,0.5586502480656184,0.5977030469913,0.6437722087151674,0.5589782354413161,1.001667745536109,5.0,3.47,ok,
pavia_university,10,42,FCM,,,,,0.5184603851379843,0.5345004598935047,0.5120115559548767,0.518515055171124,0.534984045854821,0.3346822380585693,140.0,0.51,ok,
pavia_university,10,42,FCM_S1,,,,,0.5229349201143232,0.5439220354010992,0.5232910988635909,0.5230269309893398,0.544415455134813,0.4036836835596629,160.0,1.34,ok,
pavia_university,10,42,FCM_S2,,,,,0.5248559246591388,0.5451876859691853,0.5206083211002465,0.5249438937722087,0.5456754563755917,0.3838625025501659,250.0,3.0,ok,
pavia_university,10,42,FLICM,,,,,0.4819378719017945,0.5332063186330122,0.4884648964802882,0.4820460071067888,0.5335950762001063,0.3969945424213316,155.0,7.45,ok,
pavia_university,10,42,KWFLICM,,,,,0.4352480907088975,0.5201871942943473,0.4586267616408261,0.4355947260145876,0.520535586179919,1.594665586064396,285.0,2.08,ok,
pavia_university,10,42,SSFCM,,,,,0.5184838120226772,0.5345013712512123,0.512017641417731,0.5175098185898634,0.5304458024253372,0.3397715302628054,45.0,1.99,ok,
pavia_university,10,42,eSFCM,,,,,0.5564587921098252,0.5572469310627307,0.5092688539628627,0.5552880119693286,0.5529985511245269,0.4874574027651442,80.0,3.47,ok,
pavia_university,10,42,S3FCM,,,,,0.5326570772618657,0.5235487479350591,0.5414890223733244,0.5327520104731626,0.5237310519523358,0.335763967944864,56.0,0.99,ok,
pavia_university,10,42,GS-SPFCM,,,,,0.5995876868294054,0.5411593641295097,0.6136311241203172,0.5998924630634,0.5415625733579582,14.31830549585982,31.0,4.0,ok,
pavia_university,10,42,Softmax,,,,,0.6571475425197957,0.5645510546696753,0.6536554536707805,0.6577520104731626,0.5652550803358537,1.251293765841297,,7.98,ok,
pavia_university,10,42,Sr-SSFCM,0.99,5392.873029271013,54.47346494213149,0.9700563736506624,0.6571943962891814,0.5647827120535763,0.6540366471015011,0.6577987656629886,0.5654864128230289,1.1800070255578254,5.0,5.5,ok,
pavia_university,10,42,Sw-SSFCM_r1,0.99,5392.873029271013,54.47346494213149,0.9743289362394608,0.6927095534835778,0.6055890559921543,0.6904484340216429,0.6932158219562371,0.6061754757616971,1.1439638332229676,5.0,5.54,ok,
pavia_university,10,42,Sw-SSFCM_r2,0.99,5392.873029271013,54.47346494213149,0.9757339332808888,0.6957316216089584,0.6112089819366194,0.691704676846273,0.6962315317000187,0.611816446188358,1.1250649242816837,5.0,5.55,ok,
pavia_university,10,43,FCM,,,,,0.5183666775992128,0.534532277803236,0.5118773793314378,0.5185384327660371,0.534984950767709,0.3346459898306568,110.0,0.41,ok,
pavia_university,10,43,FCM_S1,,,,,0.5227709319214731,0.5439235562062155,0.5230853551990614,0.5230269309893398,0.544415455134813,0.4036553220134676,125.0,1.09,ok,
pavia_university,10,43,FCM_S2,,,,,0.5247387902356745,0.5452185837473501,0.5204849414809666,0.5249438937722087,0.5456671192016925,0.3838377860172171,215.0,2.87,ok,
pavia_university,10,43,FLICM,,,,,0.5221384060347655,0.5456929740923933,0.4994360850123898,0.5222554703572097,0.5461322191597829,0.2947981917372551,90.0,4.28,ok,
pavia_university,10,43,KWFLICM,,,,,0.4343110153211826,0.505201126461095,0.4039775663024293,0.4343557134841967,0.5055265246923916,1.7039323568838345,195.0,1.52,ok,
pavia_university,10,43,SSFCM,,,,,0.5183198238298271,0.5345800469575913,0.511865350793513,0.517229287450907,0.5289231338554641,0.3387879377503774,120.0,5.6,ok,
pavia_university,10,43,eSFCM,,,,,0.533523871995502,0.535460853139263,0.503336294628391,0.532401346549467,0.5297859910843307,0.4628918670987676,80.0,3.47,ok,
pavia_university,10,43,S3FCM,,,,,0.5326336503771728,0.5234176765695989,0.5412100101997215,0.5326351224985973,0.5231195130342827,0.3362004907311628,60.0,0.92,ok,
pavia_university,10,43,GS-SPFCM,,,,,0.6046947476924519,0.5361040575668051,0.5878722372610385,0.6049654011595287,0.536544615669169,53.8938303651876,43.0,5.47,ok,
pavia_university,10,43,Softmax,,,,,0.6984959940027176,0.5902260420695303,0.6908981447931672,0.6989900878997569,0.5909109780655605,3.804532665253965,,7.94,ok,
pavia_university,10,43,Sr-SSFCM,0.99,7432.98425861382,75.08064907690733,0.9785815066831872,0.698402286463946,0.5903719735062508,0.6910794237272797,0.6989199551150178,0.5910720660333229,2.613724030462532,5.0,5.54,ok,
pavia_university,10,43,Sw-SSFCM_r1,0.99,7432.98425861382,75.08064907690733,0.9809925035343892,0.7392587733683175,0.6368692466995464,0.733611892470142,0.7396437254535253,0.6374822351357486,2.337382856482978,5.0,5.52,ok,
pavia_university,10,43,Sw-SSFCM_r2,0.99,7432.98425861382,75.08064907690733,0.981969745793864,0.747879866935295,0.6456933379812023,0.7393359909153056,0.7482233027866093,0.6462697597216464,2.412393571992749,5.0,5.53,ok,
pavia_university,10,44,FCM,,,,,0.518530665792063,0.5347349014923621,0.5122656534421276,0.518515055171124,0.534984045854821,0.3346711845115828,115.0,0.43,ok,
pavia_university,10,44,FCM_S1,,,,,0.5229817738837089,0.5441628087256116,0.5235115598121882,0.5230269309893398,0.544415455134813,0.4036741008408316,130.0,1.12,ok,
pavia_university,10,44,FCM_S2,,,,,0.5249496321979104,0.5453878550879063,0.5209631498640332,0.5249438937722087,0.5456671192016925,0.3838298875741245,215.0,2.74,ok,
pavia_university,10,44,FLICM,,,,,0.5222555404582299,0.5457606551523304,0.4997572934893968,0.5222554703572097,0.5461322191597829,0.2948024686103384,95.0,4.59,ok,
pavia_university,10,44,KWFLICM,,,,,0.4342641615517968,0.5052413798776951,0.4040423483326706,0.4343557134841967,0.5055319323298018,1.7040226594698336,180.0,1.6,ok,
pavia_university,10,44,SSFCM,,,,,0.518530665792063,0.5347709468658183,0.5122601386479759,0.5183747896016457,0.53256826800151,0.3357992207553759,110.0,4.63,ok,
pavia_university,10,44,eSFCM,,,,,0.5335472988801949,0.5356253176223656,0.5035626496095968,0.5331260519917711,0.5331887624462534,0.461484801615964,130.0,5.51,ok,
pavia_university,10,44,S3FCM,,,,,0.5326336503771728,0.5236010785964368,0.5418088454668865,0.5327286328782495,0.5230436514966685,0.3359069045411959,55.0,0.89,ok,
pavia_university,10,44,GS-SPFCM,,,,,0.5859532399381531,0.5436034048860782,0.6078895998177667,0.5862633252291004,0.5439938925176233,2.6266982311796623,41.0,5.16,ok,
pavia_university,10,44,Softmax,,,,,0.6144403317246873,0.560521241120863,0.6548663278258926,0.6151580325416122,0.5611988703051979,2.58431620505623,,7.93,ok,
pavia_university,10,44,Sr-SSFCM,0.99,4981.18553318758,50.31500538573318,0.9637286750846186,0.6142763435318371,0.5604920365880656,0.6546827679635281,0.6149943893772208,0.5611695149110779,1.997205501993666,5.0,5.49,ok,
pavia_university,10,44,Sw-SSFCM_r1,0.99,4981.18553318758,50.31500538573318,0.9679115420363762,0.6437005107060864,0.5968932303810028,0.6879299896819276,0.6443800261829064,0.5975455670958727,1.7897620515955908,5.0,5.52,ok,
pavia_university,10,44,Sw-SSFCM_r2,0.99,4981.18553318758,50.31500538573318,0.9693796826907094,0.6505411610364054,0.6058233865632487,0.6936279565949749,0.6512062838975127,0.6064574020343978,1.808653960563404,5.0,5.62,ok,
pavia_university,10,45,FCM,,,,,0.5183901044839058,0.5346092681763384,0.5118781955294361,0.518515055171124,0.534984045854821,0.3346910119048895,145.0,0.56,ok,
pavia_university,10,45,FCM_S1,,,,,0.5229817738837089,0.5441091280385635,0.5233485106992988,0.5230269309893398,0.544415455134813,0.4036830648765409,155.0,1.35,ok,
pavia_university,10,45,FCM_S2,,,,,0.5249027784285246,0.5453666568748995,0.5206677859796184,0.5249438937722087,0.5456671192016925,0.3838526380575154,245.0,2.96,ok,
pavia_university,10,45,FLICM,,,,,0.5223492479970013,0.5458976949467508,0.4996275214794601,0.5223022255470358,0.546206090454296,0.294741335723732,110.0,5.42,ok,
pavia_university,10,45,KWFLICM,,,,,0.3969217073513564,0.4770538360717142,0.3532230209924358,0.3970918271928184,0.4772220916662322,1.6229862174559393,180.0,1.3,ok,
pavia_university,10,45,SSFCM,,,,,0.5183901044839058,0.5346218604807319,0.5118750153981946,0.5174163082102113,0.5302037450796773,0.3380087675644077,125.0,5.39,ok,
pavia_university,10,45,eSFCM,,,,,0.5335004451108092,0.5355197323726989,0.5033017299906573,0.5326351224985973,0.531050612179087,0.4625791913866284,85.0,3.6,ok,
pavia_university,10,45,S3FCM,,,,,0.5325165159537085,0.523512147372741,0.5412633428838087,0.5326585000935103,0.5237974113449432,0.3360604930862882,58.0,1.0,ok,
pavia_university,10,45,GS-SPFCM,,,,,0.5568804760342969,0.5403609755063469,0.587681957377284,0.5571582195623714,0.5406578329015637,20.576184555971047,35.0,4.46,ok,
pavia_university,10,45,Softmax,,,,,0.7052195099095723,0.5526079812949373,0.6639947726074023,0.7057462128296241,0.5533990113944391,2.054998210328568,,7.5,ok,
pavia_university,10,45,Sr-SSFCM,0.99,6393.902347159274,64.58487219352807,0.9777187864857292,0.7051726561401864,0.5527763566449456,0.6640644515242117,0.705699457639798,0.5535669702193654,1.3285700919684909,5.0,5.49,ok,
pavia_university,10,45,Sw-SSFCM_r1,0.99,6393.902347159274,64.58487219352807,0.9807213730782504,0.7416717424916834,0.6011495232100907,0.6994444016321251,0.742051617729568,0.6017755757088247,1.4016615381033593,5.0,5.52,ok,
pavia_university,10,45,Sw-SSFCM_r2,0.99,6393.902347159274,64.58487219352807,0.9816432902771712,0.7492620531321745,0.61056431672946,0.7062026699503073,0.7496493360763045,0.6112027764701802,1.4330293121316462,5.0,5.53,ok,
pavia_university,10,46,FCM,,,,,0.5183198238298271,0.5345300156273348,0.5118658788555551,0.518515055171124,0.534984045854821,0.3346967681767154,125.0,0.49,ok,
pavia_university,10,46,FCM_S1,,,,,0.5228177856908588,0.5439006147067682,0.5232108294922454,0.5230269309893398,0.544415455134813,0.4036602818649236,125.0,1.16,ok,
pavia_university,10,46,FCM_S2,,,,,0.5247387902356745,0.545205428762886,0.5205358234049866,0.5249438937722087,0.5456754563755917,0.3838614067969048,225.0,2.83,ok,
pavia_university,10,46,FLICM,,,,,0.5221384060347655,0.5458075707565269,0.4994767335890522,0.5222788479521226,0.5462408134515294,0.2947520641582523,195.0,9.44,ok,
pavia_university,10,46,KWFLICM,,,,,0.4523028627653094,0.5172233279498377,0.4658506667764927,0.4525668599214513,0.5176033378367682,1.840145751689084,225.0,1.58,ok,
pavia_university,10,46,SSFCM,,,,,0.5182963969451342,0.5345145895682684,0.5118281980320082,0.517205909855994,0.5301205364506829,0.3391053898026167,60.0,2.61,ok,
pavia_university,10,46,eSFCM,,,,,0.556669634072061,0.5572376322281786,0.5098100423069905,0.555498410323546,0.5535051318510518,0.485666025233827,105.0,4.46,ok,
pavia_university,10,46,S3FCM,,,,,0.5325867966077871,0.5235204239035489,0.5412991521913102,0.5327286328782495,0.5237251102954662,0.3360102362917045,60.0,0.95,ok,
pavia_university,10,46,GS-SPFCM,,,,,0.5769104624467039,0.5249961020480871,0.6023997568515065,0.5772629511875819,0.5255078102093921,4.406453039277129,37.0,4.71,ok,
pavia_university,10,46,Softmax,,,,,0.6952865107997939,0.57856326236967,0.693125635758924,0.6958574901814102,0.5793035046185935,1.3381134066919016,,7.33,ok,
pavia_university,10,46,Sr-SSFCM,0.99,7087.955023525055,71.59550528813193,0.9781055765904004,0.6953333645691796,0.5786578360609046,0.6932960258753819,0.6959042453712362,0.5793980035945064,1.149015491121112,5.0,5.51,ok,
pavia_university,10,46,Sw-SSFCM_r1,0.99,7087.955023525055,71.59550528813193,0.981272348972222,0.7319964391135266,0.6197641342743759,0.7308750225855205,0.7324668038152234,0.6204335309799456,1.0998122554517598,5.0,5.54,ok,
pavia_university,10,46,Sw-SSFCM_r2,0.99,7087.955023525055,71.59550528813193,0.982265702566884,0.7405003982570397,0.6275830794355504,0.7364632887207903,0.7409294931737422,0.6281519109000215,1.0800143414876402,5.0,5.56,ok,
pavia_university,10,47,FCM,,,,,0.5183901044839058,0.5346421149686174,0.5120341257407977,0.518515055171124,0.534984045854821,0.3346577853592953,75.0,0.27,ok,
pavia_university,10,47,FCM_S1,,,,,0.5228880663449375,0.5441009443342891,0.5233797809412372,0.5230269309893398,0.544415455134813,0.4036574479486834,120.0,1.02,ok,
pavia_university,10,47,FCM_S2,,,,,0.524832497774446,0.5453436095069788,0.5207586333045076,0.5249438937722087,0.5456671192016925,0.3838518331773426,210.0,2.78,ok,
pavia_university,10,47,FLICM,,,,,0.5223258211123085,0.5460303283856961,0.4998419406780336,0.5222788479521226,0.5462408134515294,0.2947638443304238,85.0,4.29,ok,
pavia_university,10,47,KWFLICM,,,,,0.3729794311952396,0.4802751332744675,0.345594883861417,0.373059659622218,0.4804959142287909,1.2361366366864786,295.0,1.79,ok,
pavia_university,10,47,SSFCM,,,,,0.5183901044839058,0.5346790095272175,0.512037448724172,0.5175331961847766,0.5306010366459103,0.3375575347592766,65.0,2.81,ok,
pavia_university,10,47,eSFCM,,,,,0.5335004451108092,0.5355821822771857,0.5035666385136048,0.5326117449036843,0.5313990630926141,0.4620065226923672,55.0,2.34,ok,
pavia_university,10,47,S3FCM,,,,,0.5327039310312515,0.5238073968522233,0.5416502822398841,0.5327987656629886,0.5239146856973004,0.3361594283952567,58.0,0.77,ok,
pavia_university,10,47,GS-SPFCM,,,,,0.5667197676053038,0.5501991825048487,0.594131859437272,0.5669066766411072,0.5505274475525583,28.65128743986883,27.0,3.63,ok,
pavia_university,10,47,Softmax,,,,,0.6807384154055194,0.5858016182709249,0.675391342109862,0.681246493360763,0.5864658844895412,1.7923546963050532,,7.71,ok,
pavia_university,10,47,Sr-SSFCM,0.99,5648.82776357548,57.058866298742274,0.9782167536309876,0.6807852691749051,0.5856802473829829,0.6755694755733646,0.6812932485505891,0.5863448894711104,1.2754830577298548,5.0,5.49,ok,
pavia_university,10,47,Sw-SSFCM_r1,0.99,5648.82776357548,57.058866298742274,0.9815150977968248,0.7306845335707257,0.6337763884997083,0.7219370415225348,0.7311342809051805,0.6343213001387978,0.9601469138540308,5.0,5.53,ok,
pavia_university,10,47,Sw-SSFCM_r2,0.99,5648.82776357548,57.058866298742274,0.9821624621049464,0.7394227615611676,0.6455148955386767,0.7292500168479725,0.7398541238077426,0.6461185290605822,0.9747285407714888,5.0,5.54,ok,
pavia_university,10,48,FCM,,,,,0.5186009464461416,0.5345909912203392,0.51212896085997,0.518515055171124,0.534984045854821,0.3346977170705586,115.0,0.46,ok,
pavia_university,10,48,FCM_S1,,,,,0.523145762076559,0.5440813640822542,0.5235456701533615,0.5230269309893398,0.544415455134813,0.403683425785681,125.0,1.13,ok,
pavia_university,10,48,FCM_S2,,,,,0.5250667666213746,0.5453348744877972,0.5208742869158394,0.5249438937722087,0.5456671192016925,0.3838002757267515,210.0,2.74,ok,
pavia_university,10,48,FLICM,,,,,0.5223726748816943,0.5457736451003362,0.4996936456281019,0.5222554703572097,0.5461700104440149,0.2948110006569215,85.0,4.33,ok,
pavia_university,10,48,KWFLICM,,,,,0.4381295975261209,0.5021757361410809,0.4286962581090879,0.4381896390499345,0.5024930784876176,1.872182225422772,185.0,1.33,ok,
pavia_university,10,48,SSFCM,,,,,0.5186243733308344,0.5346308757835572,0.5121417262046823,0.5175331961847766,0.5293802073244573,0.3381884080694142,100.0,4.32,ok,
pavia_university,10,48,eSFCM,,,,,0.5338518483812023,0.5356025023993832,0.5037029039090852,0.5327286328782495,0.530281765993157,0.4636095996707348,55.0,2.34,ok,
pavia_university,10,48,S3FCM,,,,,0.5328913461087944,0.5236658565396934,0.541445022678985,0.5328688984477277,0.523988570848743,0.3360726794365933,75.0,1.02,ok,
pavia_university,10,48,GS-SPFCM,,,,,0.5659935341798248,0.5240271341376108,0.6021295225053556,0.5664157471479334,0.5243203036398446,19.57476502222636,112.0,13.23,ok,
pavia_university,10,48,Softmax,,,,,0.6312842618188633,0.5679091665318027,0.6727468186755625,0.6319899008789975,0.5686278050414997,2.3767795964684075,,7.18,ok,
pavia_university,10,48,Sr-SSFCM,0.99,5485.162912146514,55.40568598127796,0.966223171792612,0.6312139811647847,0.5680367826994055,0.672903874975717,0.6319197680942584,0.5687553215444365,1.8598397018424468,5.0,5.52,ok,
pavia_university,10,48,Sw-SSFCM_r1,0.99,5485.162912146514,55.40568598127796,0.9703526846044646,0.6602867450686408,0.6028492975653524,0.7060807120201054,0.6609079857864223,0.6034992925755555,1.6493696357182248,5.0,5.55,ok,
pavia_university,10,48,Sw-SSFCM_r2,0.99,5485.162912146514,55.40568598127796,0.9719557708812782,0.6686032891346109,0.611264031662814,0.7149144281928322,0.6692070319805499,0.6119461206938394,1.7017553714784528,5.0,5.57,ok,
pavia_university,10,49,FCM,,,,,0.5184135313685986,0.534645175184458,0.5121489618427078,0.518515055171124,0.534984045854821,0.334692495276967,120.0,0.47,ok,
pavia_university,10,49,FCM_S1,,,,,0.5228880663449375,0.543986932455112,0.5233814456875323,0.5230269309893398,0.544415455134813,0.4036576147590098,125.0,1.18,ok,
pavia_university,10,49,FCM_S2,,,,,0.524832497774446,0.5452978989247543,0.52078120005725,0.5249438937722087,0.5456671192016925,0.3838221708423933,215.0,2.84,ok,
pavia_university,10,49,FLICM,,,,,0.5222555404582299,0.5458118982029136,0.4997673921300419,0.5223022255470358,0.546206090454296,0.2947507360297775,105.0,5.22,ok,
pavia_university,10,49,KWFLICM,,,,,0.4551375158131471,0.5004285187574963,0.4213904740239578,0.4551851505517112,0.5005712600851897,1.76043740719962,160.0,1.22,ok,
pavia_university,10,49,SSFCM,,,,,0.5184135313685986,0.5346387171797385,0.5120873308954019,0.5176734617542548,0.5305716315724506,0.3382075599541756,95.0,4.1,ok,
pavia_university,10,49,eSFCM,,,,,0.5335707257648877,0.5354124633913594,0.5037954898326658,0.5328221432579017,0.5318780121226502,0.4623275531290357,45.0,1.92,ok,
pavia_university,10,49,S3FCM,,,,,0.5326336503771728,0.5237677831385888,0.5416615796938318,0.5325883673087712,0.5233495151138752,0.3361595912196459,62.0,0.94,ok,
pavia_university,10,49,GS-SPFCM,,,,,0.622827156444736,0.5658254034268361,0.6136451172847157,0.623012904432392,0.5662190521737662,5.71118240652491,59.0,7.22,ok,
pavia_university,10,49,Softmax,,,,,0.6830576769901139,0.5838949127019617,0.6885313300631619,0.6836543856368057,0.5846239513879746,4.784913297591612,,7.46,ok,
pavia_university,10,49,Sr-SSFCM,0.99,4948.3763696049,49.98359969297883,0.9734770953188414,0.6832450920676568,0.5840118557158938,0.6888905417195611,0.68384140639611,0.5847410824604234,3.3541317152310066,5.0,5.49,ok,
pavia_university,10,49,Sw-SSFCM_r1,0.99,4948.3763696049,49.98359969297883,0.977327738491776,0.7288103827952959,0.6237002176472153,0.7239671475770945,0.7292406957172246,0.6243460897152688,2.5785040072155545,5.0,5.52,ok,
pavia_university,10,49,Sw-SSFCM_r2,0.99,4948.3763696049,49.98359969297883,0.9785040971704836,0.7304971184931828,0.6287227754233433,0.7230990969729478,0.7309706377407892,0.6293806679638814,2.484334932206924,5.0,5.54,ok,
pavia_university,10,50,FCM,,,,,0.5183666775992128,0.5345136156408968,0.5119075880513462,0.518515055171124,0.534984045854821,0.3346766221451474,125.0,0.58,ok,
pavia_university,10,50,FCM_S1,,,,,0.5228880663449375,0.5440059879625933,0.5232806653133507,0.5230269309893398,0.544415455134813,0.4036597139706108,135.0,1.14,ok,
pavia_university,10,50,FCM_S2,,,,,0.524832497774446,0.5452413676385073,0.5206626587918828,0.5249438937722087,0.5456671192016925,0.3838383871802351,220.0,2.82,ok,
pavia_university,10,50,FLICM,,,,,0.4820550063252589,0.5332393100902632,0.4885922062448441,0.4820226295118758,0.533577955896553,0.3969963523659656,170.0,8.25,ok,
pavia_university,10,50,KWFLICM,,,,,0.3725811741554608,0.4803487995738577,0.3453411051883816,0.3727323732934355,0.4805688699538292,1.2373014638556226,290.0,1.77,ok,
pavia_university,10,50,SSFCM,,,,,0.51834325071452,0.534522257662653,0.5118861239207266,0.5174864409949504,0.5295234016104808,0.3381422892853116,105.0,4.54,ok,
pavia_university,10,50,eSFCM,,,,,0.5335472988801949,0.5354926570380254,0.5036064438797818,0.5328922760426408,0.5303853141955556,0.4633281283656427,45.0,1.92,ok,
pavia_university,10,50,S3FCM,,,,,0.5325633697230943,0.5236991957366086,0.5413801996022782,0.5325416121189452,0.5235770520485155,0.3362665148746367,65.0,0.99,ok,
pavia_university,10,50,GS-SPFCM,,,,,0.603008011994565,0.5381002281365364,0.5989672819552404,0.6033289695156162,0.5385892779112883,5.415980751050562,29.0,3.78,ok,
pavia_university,10,50,Softmax,,,,,0.7159724499836012,0.6065066085879013,0.6907418013706128,0.7164297737048813,0.6070745929308683,1.8345583768104703,,7.45,ok,
pavia_university,10,50,Sr-SSFCM,0.99,6213.474626794466,62.76236996762092,0.9725653545294232,0.715995876868294,0.606445285222661,0.6906268971774906,0.7164531512997943,0.6070134073543544,1.5158463899133228,5.0,5.5,ok,
pavia_university,10,50,Sw-SSFCM_r1,0.99,6213.474626794466,62.76236996762092,0.9768654445636552,0.7414609005294476,0.6458690706152078,0.7173551365125483,0.7419113521600897,0.6464296437349525,1.55847796311188,5.0,5.53,ok,
pavia_university,10,50,Sw-SSFCM_r2,0.99,6213.474626794466,62.76236996762092,0.978157778209928,0.7487466616689312,0.6529148567239907,0.7247198837348898,0.7491817841780437,0.6534648754066729,1.5102870512593811,5.0,5.55,ok,
pavia_university,10,51,FCM,,,,,0.5184603851379843,0.5345116190699417,0.512146895655343,0.5185384327660371,0.534984950767709,0.3346588085400143,115.0,0.39,ok,
pavia_university,10,51,FCM_S1,,,,,0.5229349201143232,0.543980446926981,0.5234165370438035,0.5230269309893398,0.544415455134813,0.4036693919575617,155.0,1.25,ok,
pavia_university,10,51,FCM_S2,,,,,0.5248793515438317,0.5452330931486012,0.5208136092456526,0.5249438937722087,0.5456671192016925,0.3838465382025254,240.0,3.05,ok,
pavia_university,10,51,FLICM,,,,,0.5223023942276156,0.5457605246690849,0.499793944563969,0.5222788479521226,0.5461658799869558,0.294785502929119,105.0,5.2,ok,
pavia_university,10,51,KWFLICM,,,,,0.4283840134938856,0.5042569575526412,0.4330802503446179,0.4285113147559379,0.5045286392208499,1.3621338738299569,315.0,1.86,ok,
pavia_university,10,51,SSFCM,,,,,0.5184369582532915,0.5345107122372191,0.5121408112291614,0.5180475032728633,0.5306634862143144,0.3388452915859055,90.0,3.89,ok,
pavia_university,10,51,eSFCM,,,,,0.5336410064189664,0.535464103881582,0.5037930753468854,0.5327520104731626,0.5321326943451066,0.4635984277875293,170.0,7.2,ok,
pavia_university,10,51,S3FCM,,,,,0.5326570772618657,0.5235863470811705,0.5415506989759307,0.5327052552833365,0.5230982364034349,0.3361730978646066,61.0,0.93,ok,
pavia_university,10,51,GS-SPFCM,,,,,0.5929578784613222,0.5541792155733928,0.6243197849783216,0.5932298485131849,0.5546287362040454,13.9544192400253,33.0,4.25,ok,
pavia_university,10,51,Softmax,,,,,0.6452935388652017,0.5737409817813409,0.6935630301083605,0.6459697026369927,0.5745284503698759,1.810826729589737,,7.33,ok,
pavia_university,10,51,Sr-SSFCM,0.99,4756.606570702328,48.04653101719528,0.9597314059005544,0.6450358431335801,0.5737143844535584,0.6935320634566496,0.6457125490929493,0.5745020357618613,1.405979379038912,5.0,5.49,ok,
pavia_university,10,51,Sw-SSFCM_r1,0.99,4756.606570702328,48.04653101719528,0.9657234922338642,0.6675022255540458,0.6078916569657138,0.7198508018454134,0.6680849074247242,0.6085804074708824,1.2511242173470054,5.0,5.53,ok,
pavia_university,10,51,Sw-SSFCM_r2,0.99,4756.606570702328,48.04653101719528,0.9676811965672436,0.6739914726139717,0.6136906630259934,0.7248046134506796,0.674630634000374,0.6144428136615004,1.250685366232011,5.0,5.54,ok,
pavia_university,20,42,FCM,,,,,0.518170720255423,0.5340384860702608,0.5117316190000406,0.518515055171124,0.534984045854821,0.3346822380585693,140.0,0.54,ok,
pavia_university,20,42,FCM_S1,,,,,0.5226547093623815,0.5434934625492733,0.5229895883944268,0.5230269309893398,0.544415455134813,0.4036836835596629,160.0,1.3,ok,
pavia_university,20,42,FCM_S2,,,,,0.5245797727486149,0.5446730879323386,0.5204333490547567,0.5249438937722087,0.5456754563755917,0.3838625025501659,250.0,3.07,ok,
pavia_university,20,42,FLICM,,,,,0.4818762325100948,0.5328286218817343,0.4884669151679686,0.4820460071067888,0.5335950762001063,0.3969945424213316,155.0,7.53,ok,
pavia_university,20,42,KWFLICM,,,,,0.4350173725232416,0.5197962191226033,0.4584807828839541,0.4355947260145876,0.520535586179919,1.594665586064396,285.0,1.75,ok,
pavia_university,20,42,SSFCM,,,,,0.5181237674899052,0.5340368744385539,0.5116456240875663,0.5162941836543856,0.5268690511952344,0.3451512895463925,45.0,1.96,ok,
pavia_university,20,42,eSFCM,,,,,0.5558268382007701,0.5569160372821903,0.5081305240129512,0.5534879371610248,0.5494194773566837,0.4921987786683494,100.0,4.24,ok,
pavia_university,20,42,S3FCM,,,,,0.532561742886656,0.5232243471423057,0.541452786717177,0.5328455208528147,0.5228478496884599,0.3361483382626029,60.0,1.0,ok,
pavia_university,20,42,GS-SPFCM,,,,,0.5911587942529815,0.5382899368459451,0.6117587425243359,0.5917570600336637,0.5391815546433563,10.032913699726263,31.0,3.92,ok,
pavia_university,20,42,Softmax,,,,,0.7378861864963846,0.6251431962694807,0.7434479407087029,0.7385216008976997,0.6262510688863681,2.752089859507265,,8.78,ok,
pavia_university,20,42,Sr-SSFCM,0.99,6019.594047633796,60.80398027912931,0.9754365360170392,0.7378157573481078,0.6250710367880395,0.7433938003958741,0.7384514681129606,0.6261789395164563,2.2218887768549918,5.0,7.56,ok,
pavia_university,20,42,Sw-SSFCM_r1,0.99,6019.594047633796,60.80398027912931,0.978504732455142,0.7767161235796789,0.669920073573063,0.7848483578891059,0.7773284084533383,0.6710351623981723,2.064458706767463,5.0,7.59,ok,
pavia_university,20,42,Sw-SSFCM_r2,0.99,6019.594047633796,60.80398027912931,0.9793890291587224,0.7853084796694525,0.6798727184736784,0.790936377735171,0.7858612305965962,0.6808577647091183,2.169509497341488,5.0,7.6,ok,
pavia_university,20,43,FCM,,,,,0.518194196638182,0.5340388766384158,0.5118045580202233,0.5185384327660371,0.534984950767709,0.3346459898306568,110.0,0.37,ok,
pavia_university,20,43,FCM_S1,,,,,0.5226781857451404,0.5435629040482004,0.5231492520579447,0.5230269309893398,0.544415455134813,0.4036553220134676,125.0,1.05,ok,
pavia_university,20,43,FCM_S2,,,,,0.5245797727486149,0.5447597938020601,0.5204625960132419,0.5249438937722087,0.5456671192016925,0.3838377860172171,215.0,2.85,ok,
pavia_university,20,43,FLICM,,,,,0.5221382289416847,0.5454017106499645,0.4995959487743062,0.5222554703572097,0.5461322191597829,0.2947981917372551,90.0,4.47,ok,
pavia_university,20,43,KWFLICM,,,,,0.4342426518921964,0.5048877886240686,0.404026596290294,0.4343557134841967,0.5055265246923916,1.7039323568838345,195.0,1.37,ok,
pavia_university,20,43,SSFCM,,,,,0.5182176730209409,0.5340796009643957,0.5118118571028822,0.5160370301103423,0.5241225093175332,0.3422415429001494,120.0,5.18,ok,
pavia_university,20,43,eSFCM,,,,,0.533430369048737,0.5347774826133057,0.5038923909875388,0.5311857116139892,0.5248156201021847,0.4663247034130204,80.0,3.4,ok,
pavia_university,20,43,S3FCM,,,,,0.5325852192694149,0.523151214275643,0.5415534731623509,0.5327753880680756,0.5222868806681549,0.3364714038732171,58.0,0.88,ok,
pavia_university,20,43,GS-SPFCM,,,,,0.5904075500046952,0.544061819271361,0.6081910406835228,0.5909388442117075,0.5449838268151114,40.13388187635245,163.0,19.07,ok,
pavia_university,20,43,Softmax,,,,,0.6933514884026669,0.5676061699172907,0.665655649460294,0.6943379465120628,0.5689288493553243,1.7695233754911788,,8.36,ok,
pavia_university,20,43,Sr-SSFCM,0.99,5292.138540804027,53.45594485660638,0.970869871767982,0.6932810592543901,0.5676189889276029,0.6657764143604777,0.6942678137273237,0.5689417724413666,1.3180605407083097,5.0,7.57,ok,
pavia_university,20,43,Sw-SSFCM_r1,0.99,5292.138540804027,53.45594485660638,0.9757079479131904,0.7304911259273171,0.6072016387075815,0.7034441846173014,0.7313446792593978,0.6084252626190255,1.0090308146165112,5.0,7.6,ok,
pavia_university,20,43,Sw-SSFCM_r2,0.99,5292.138540804027,53.45594485660638,0.9769657352452232,0.7377922809653489,0.6164329918477953,0.7092526519840843,0.7386151112773518,0.6176065456287722,1.0392260973678302,5.0,7.62,ok,
pavia_university,20,44,FCM,,,,,0.5183585313174947,0.5341879964255635,0.5119482532220577,0.518515055171124,0.534984045854821,0.3346711845115828,115.0,0.52,ok,
pavia_university,20,44,FCM_S1,,,,,0.5227720912761762,0.5436139996012405,0.5231849079684919,0.5230269309893398,0.544415455134813,0.4036741008408316,130.0,1.25,ok,
pavia_university,20,44,FCM_S2,,,,,0.5246971546624096,0.5448448044125914,0.5205524215292772,0.5249438937722087,0.5456671192016925,0.3838298875741245,215.0,2.94,ok,
pavia_university,20,44,FLICM,,,,,0.5221851817072025,0.545393986062919,0.4996266631606399,0.5222554703572097,0.5461322191597829,0.2948024686103384,95.0,4.62,ok,
pavia_university,20,44,KWFLICM,,,,,0.4343130810404733,0.5049973784128754,0.4041864475443407,0.4343557134841967,0.5055319323298018,1.7040226594698336,180.0,1.36,ok,
pavia_university,20,44,SSFCM,,,,,0.5182881021692177,0.5342265199347296,0.5118644131154944,0.5179773704881242,0.5303239125662863,0.3367499711017067,110.0,4.95,ok,
pavia_university,20,44,eSFCM,,,,,0.5334068926659781,0.5350087559118872,0.5033992765474387,0.533032541612119,0.5310593790843823,0.4620338791770998,130.0,5.73,ok,
pavia_university,20,44,S3FCM,,,,,0.5324208845901024,0.5230643400684947,0.5412429953109394,0.532401346549467,0.5222361583139631,0.3364145564282174,57.0,0.92,ok,
pavia_university,20,44,GS-SPFCM,,,,,0.5753591886562118,0.5384526754914185,0.6075181143299858,0.5757434075182345,0.5391194596886579,9.10661552755531,60.0,7.62,ok,
pavia_university,20,44,Softmax,,,,,0.6957226030613203,0.6011783503700765,0.7076186574135437,0.696488685244062,0.6022933331662307,1.4958761460776004,,10.22,ok,
pavia_university,20,44,Sr-SSFCM,0.99,5776.380110185581,58.34727384025844,0.9749331887757168,0.6955582683820077,0.6010782480150879,0.7075336228075719,0.6963016644847578,0.6021752248199754,1.362170252769287,5.0,7.55,ok,
pavia_university,20,44,Sw-SSFCM_r1,0.99,5776.380110185581,58.34727384025844,0.9792794273794748,0.7523945910414124,0.6551164222515306,0.7649547788546813,0.7530858425285206,0.6561984001700014,1.3023451687652898,5.0,7.59,ok,
pavia_university,20,44,Sw-SSFCM_r2,0.99,5776.380110185581,58.34727384025844,0.9803537466879216,0.7616442858484365,0.6651454139480638,0.773169472569536,0.7623199925191696,0.6662103499407032,1.3053396667887314,5.0,7.6,ok,
pavia_university,20,45,FCM,,,,,0.5184054840830125,0.534177075448322,0.5120749228783885,0.518515055171124,0.534984045854821,0.3346910119048895,145.0,0.54,ok,
pavia_university,20,45,FCM_S1,,,,,0.5227955676589351,0.5435541494024034,0.5232532666802029,0.5230269309893398,0.544415455134813,0.4036830648765409,155.0,1.31,ok,
pavia_university,20,45,FCM_S2,,,,,0.5247675838106864,0.5448610695221165,0.5206366878028316,0.5249438937722087,0.5456671192016925,0.3838526380575154,245.0,3.08,ok,
pavia_university,20,45,FLICM,,,,,0.522419945534792,0.5454206044709589,0.4998982239935159,0.5223022255470358,0.546206090454296,0.294741335723732,110.0,5.27,ok,
pavia_university,20,45,KWFLICM,,,,,0.3969152033054747,0.4768820865411899,0.3531085930722761,0.3970918271928184,0.4772220916662322,1.6229862174559393,180.0,1.52,ok,
pavia_university,20,45,SSFCM,,,,,0.5183350549347356,0.5341785107784136,0.5119878793052215,0.5165045820086029,0.526290990844331,0.3409748516856609,125.0,5.61,ok,
pavia_university,20,45,eSFCM,,,,,0.5335242745797727,0.5348969970165134,0.5039101497186951,0.5316532635122498,0.5269378770910159,0.4655453240868134,85.0,3.85,ok,
pavia_university,20,45,S3FCM,,,,,0.5327260775659687,0.5232887693602705,0.5418247297217785,0.5325649897138582,0.5226330143783307,0.3363148799205042,59.0,1.05,ok,
pavia_university,20,45,GS-SPFCM,,,,,0.5834350643252888,0.545159989602916,0.605653485662954,0.5838086777632318,0.5459090928909967,6.461605117568337,34.0,4.52,ok,
pavia_university,20,45,Softmax,,,,,0.7071321250821674,0.6106436898173634,0.7153912994445767,0.7080372171311016,0.6118590239964696,3.142305212476935,,10.33,ok,
pavia_university,20,45,Sr-SSFCM,0.99,5328.676098545181,53.82501109641602,0.970755787747453,0.7068269321063011,0.610456897588619,0.7150315836939934,0.7077333083972321,0.6116721592254654,2.342279232883055,5.0,7.57,ok,
pavia_university,20,45,Sw-SSFCM_r1,0.99,5328.676098545181,53.82501109641602,0.9747983288592418,0.755070898675932,0.6595503671332649,0.7697177126733288,0.7558443987282588,0.6606244620691365,1.8468730568524607,5.0,7.6,ok,
pavia_university,20,45,Sw-SSFCM_r2,0.99,5328.676098545181,53.82501109641602,0.9760788832585658,0.7617381913794723,0.6676719525456403,0.775133044022319,0.7625070132784739,0.6687549266629265,1.851843781394756,5.0,7.62,ok,
pavia_university,20,46,FCM,,,,,0.5185463423795662,0.5343603218805811,0.5121551878123823,0.518515055171124,0.534984045854821,0.3346967681767154,125.0,0.47,ok,
pavia_university,20,46,FCM_S1,,,,,0.5229833787210066,0.5437311534811609,0.5234256393337566,0.5230269309893398,0.544415455134813,0.4036602818649236,125.0,1.11,ok,
pavia_university,20,46,FCM_S2,,,,,0.5249084421072401,0.5449578607048445,0.5207612214093018,0.5249438937722087,0.5456754563755917,0.3838614067969048,225.0,2.85,ok,
pavia_university,20,46,FLICM,,,,,0.5223495163865152,0.5456376506073056,0.4997421717698975,0.5222788479521226,0.5462408134515294,0.2947520641582523,195.0,9.36,ok,
pavia_university,20,46,KWFLICM,,,,,0.4522959902338248,0.517331621384052,0.4657881651255823,0.4525668599214513,0.5176033378367682,1.840145751689084,225.0,1.65,ok,
pavia_university,20,46,SSFCM,,,,,0.5184993896140483,0.5343374645303449,0.512049029084592,0.5163175612492986,0.5263202438357817,0.342395435152243,60.0,2.68,ok,
pavia_university,20,46,eSFCM,,,,,0.5565780824490563,0.5569803790099309,0.5092711094551539,0.554236020198242,0.5503508587844116,0.4877689643568542,115.0,5.29,ok,
pavia_university,20,46,S3FCM,,,,,0.5327965067142455,0.5234497585922551,0.5418645009749151,0.5330091640172059,0.5226744297327719,0.3360686462178375,58.0,0.97,ok,
pavia_university,20,46,GS-SPFCM,,,,,0.5825899145459668,0.5416379389928682,0.6072877601146787,0.5829904619412755,0.5422397682714297,7.040054706457869,80.0,10.02,ok,
pavia_university,20,46,Softmax,,,,,0.7704009766175228,0.6377334181769049,0.753580811640254,0.7709930802319057,0.6388142069486895,1.5241008772002669,,10.22,ok,
pavia_university,20,46,Sr-SSFCM,0.99,5802.4934591134925,58.61104504155048,0.9799737459058656,0.7703540238520049,0.6376490422770248,0.7534127755157255,0.7709463250420797,0.6387301425696399,1.082383645921193,5.0,7.56,ok,
pavia_university,20,46,Sw-SSFCM_r1,0.99,5802.4934591134925,58.61104504155048,0.9825593796248104,0.817705887876796,0.6931648755684088,0.8052908684254696,0.8180288011969329,0.6939502503180949,1.1168866854510933,5.0,7.6,ok,
pavia_university,20,46,Sw-SSFCM_r2,0.99,5802.4934591134925,58.61104504155048,0.9832893143493688,0.8252418067424171,0.7021820974963373,0.8122188655185054,0.8255797643538433,0.7030179439089846,1.1585700462670137,5.0,7.61,ok,
pavia_university,20,47,FCM,,,,,0.5183820077002536,0.5342229753409187,0.512137382257398,0.518515055171124,0.534984045854821,0.3346577853592953,75.0,0.3,ok,
pavia_university,20,47,FCM_S1,,,,,0.5228894731899709,0.5436874860617109,0.5235759523714044,0.5230269309893398,0.544415455134813,0.4036574479486834,120.0,1.07,ok,
pavia_university,20,47,FCM_S2,,,,,0.5248145365762044,0.5448464526916171,0.5208803764185175,0.5249438937722087,0.5456671192016925,0.3838518331773426,210.0,2.74,ok,
pavia_university,20,47,FLICM,,,,,0.5223025636209973,0.5455024177756825,0.4997852384062791,0.5222788479521226,0.5462408134515294,0.2947638443304238,85.0,4.13,ok,
pavia_university,20,47,KWFLICM,,,,,0.3728988637430744,0.4799953635775674,0.3453923916450911,0.373059659622218,0.4804959142287909,1.2361366366864786,295.0,1.83,ok,
pavia_university,20,47,SSFCM,,,,,0.5183350549347356,0.5342302150137034,0.5121152901430427,0.5166214699831682,0.5269182674545069,0.3403645643544348,65.0,2.85,ok,
pavia_university,20,47,eSFCM,,,,,0.5334538454314959,0.5349819853173124,0.5039648523416754,0.531676641107163,0.5274425051985862,0.4641129385767788,55.0,2.38,ok,
pavia_university,20,47,S3FCM,,,,,0.532608695652174,0.5232602958952729,0.541843822298378,0.5325182345240321,0.5226434120873577,0.3364853043699434,59.0,0.78,ok,
pavia_university,20,47,GS-SPFCM,,,,,0.5624941309043102,0.5437462467418362,0.6079646628549208,0.5632363942397606,0.5445310010462402,6.535380596503265,28.0,4.04,ok,
pavia_university,20,47,Softmax,,,,,0.7370879894825805,0.6109463254521742,0.7239997105444158,0.7379371610248737,0.6122655094147924,1.9836036575007112,,10.17,ok,
pavia_university,20,47,Sr-SSFCM,0.99,5050.774160650424,51.01792081465079,0.9729387951975352,0.7367123673584374,0.6110614514155208,0.7237152786252645,0.7375631195062652,0.6123784212141888,1.441625507944447,5.0,7.57,ok,
pavia_university,20,47,Sw-SSFCM_r1,0.99,5050.774160650424,51.01792081465079,0.9765234803408566,0.7615503803174007,0.6494836501341583,0.7500480268712066,0.7622498597344305,0.6506229508117691,1.3216211258103538,5.0,7.61,ok,
pavia_university,20,47,Sw-SSFCM_r2,0.99,5050.774160650424,51.01792081465079,0.9777373436746528,0.7638980185932951,0.655095303983041,0.7511452220053114,0.7646343744155601,0.6562544610458071,1.321139367241066,5.0,7.62,ok,
pavia_university,20,48,FCM,,,,,0.5184289604657715,0.5344384984265254,0.5121935491144854,0.518515055171124,0.534984045854821,0.3346977170705586,115.0,0.44,ok,
pavia_university,20,48,FCM_S1,,,,,0.5229129495727298,0.5438570731620692,0.5235456053940651,0.5230269309893398,0.544415455134813,0.403683425785681,125.0,1.11,ok,
pavia_university,20,48,FCM_S2,,,,,0.5248380129589633,0.5451126005718057,0.5209047141503366,0.5249438937722087,0.5456671192016925,0.3838002757267515,210.0,2.75,ok,
pavia_university,20,48,FLICM,,,,,0.5222790872382383,0.5456542129735066,0.4997300296415256,0.5222554703572097,0.5461700104440149,0.2948110006569215,85.0,4.13,ok,
pavia_university,20,48,KWFLICM,,,,,0.4378580148370739,0.502007253518443,0.4282964807431994,0.4381896390499345,0.5024930784876176,1.872182225422772,185.0,1.36,ok,
pavia_university,20,48,SSFCM,,,,,0.5184993896140483,0.5344736790682363,0.5123949039973148,0.5163175612492986,0.5250662932636455,0.3416253922690457,100.0,4.5,ok,
pavia_university,20,48,eSFCM,,,,,0.533852943938398,0.5354446018305745,0.5042854050826638,0.5316065083224238,0.5259321834630643,0.4672765470440864,60.0,2.66,ok,
pavia_university,20,48,S3FCM,,,,,0.5327495539487276,0.5235179388410275,0.5419147393210736,0.5325416121189452,0.5219067596945083,0.3363844164231366,58.0,0.93,ok,
pavia_university,20,48,GS-SPFCM,,,,,0.5848906000563433,0.5381383384830971,0.6019516118020901,0.585328221432579,0.5386352996719376,14.849139465212364,51.0,6.52,ok,
pavia_university,20,48,Softmax,,,,,0.7800028171659311,0.6339631670698969,0.7588149317051412,0.7805545165513372,0.6351125866893623,2.434239324382738,,7.73,ok,
pavia_university,20,48,Sr-SSFCM,0.99,5998.4717140744,60.590623374488935,0.9768548592101348,0.7801201990797259,0.6340638975731137,0.7589814029328038,0.7806714045259023,0.6352135739918089,1.923588042573728,5.0,7.59,ok,
pavia_university,20,48,Sw-SSFCM_r1,0.99,5998.4717140744,60.590623374488935,0.980009938329907,0.8306413747769744,0.6942069003832602,0.8152801073086026,0.8309799887787545,0.6951703449715685,1.5167415271660865,5.0,7.62,ok,
pavia_university,20,48,Sw-SSFCM_r2,0.99,5998.4717140744,60.590623374488935,0.9811387572349852,0.8349140764391023,0.7004106340505625,0.8176293571745493,0.835328221432579,0.701410597835794,1.4350031075443934,5.0,7.64,ok,
pavia_university,20,49,FCM,,,,,0.5184054840830125,0.5342868737802547,0.5119202565208917,0.518515055171124,0.534984045854821,0.334692495276967,120.0,0.46,ok,
pavia_university,20,49,FCM_S1,,,,,0.5228894731899709,0.5437608211856104,0.5233539276967356,0.5230269309893398,0.544415455134813,0.4036576147590098,125.0,1.28,ok,
pavia_university,20,49,FCM_S2,,,,,0.5247675838106864,0.5449321056235106,0.5206055825072062,0.5249438937722087,0.5456671192016925,0.3838221708423933,215.0,2.78,ok,
pavia_university,20,49,FLICM,,,,,0.5223260400037563,0.5457490292104685,0.4995539298597151,0.5223022255470358,0.546206090454296,0.2947507360297775,105.0,5.11,ok,
pavia_university,20,49,KWFLICM,,,,,0.4550192506338623,0.5003714747908635,0.4212938596266312,0.4551851505517112,0.5005712600851897,1.76043740719962,160.0,1.25,ok,
pavia_university,20,49,SSFCM,,,,,0.5183585313174947,0.5343165277297491,0.5118837794173136,0.5169955115017767,0.5269769932033749,0.3432943702798715,95.0,4.27,ok,
pavia_university,20,49,eSFCM,,,,,0.5335007981970138,0.5349467822876336,0.5036985842168996,0.5320974378155975,0.528498267150987,0.4657889927593304,45.0,1.99,ok,
pavia_university,20,49,S3FCM,,,,,0.5326556484176918,0.5234845669666414,0.5416431051174014,0.5326351224985973,0.5230702192372105,0.3361556992994126,68.0,1.03,ok,
pavia_university,20,49,GS-SPFCM,,,,,0.5802422762700723,0.5266841514038832,0.601705499834476,0.5805591920703198,0.5272430556934982,12.697398332358713,47.0,6.1,ok,
pavia_university,20,49,Softmax,,,,,0.739858202648136,0.6303688148742049,0.7437552761371795,0.7405554516551337,0.6313775285533357,2.709130928476017,,10.21,ok,
pavia_university,20,49,Sr-SSFCM,0.99,7055.0005415454425,71.26263173278231,0.982481077394045,0.7399286317964128,0.6307238809412823,0.7438987037944412,0.7406255844398728,0.6317304777837429,2.138492594730194,5.0,7.58,ok,
pavia_university,20,49,Sw-SSFCM_r1,0.99,7055.0005415454425,71.26263173278231,0.9850703747740482,0.7958024227627007,0.691146204457865,0.798694652591617,0.7963343931176361,0.6920448130150104,1.5439152115907115,5.0,7.62,ok,
pavia_university,20,49,Sw-SSFCM_r2,0.99,7055.0005415454425,71.26263173278231,0.985490863643456,0.8039252511972955,0.700907593670525,0.804136361871069,0.8043529081728071,0.7016832983225484,1.616531113222471,5.0,7.63,ok,
pavia_university,20,50,FCM,,,,,0.5184759132312893,0.5344737028165522,0.5119663530218849,0.518515055171124,0.534984045854821,0.3346766221451474,125.0,0.47,ok,
pavia_university,20,50,FCM_S1,,,,,0.5229599023382477,0.5439650869301256,0.5233932515529739,0.5230269309893398,0.544415455134813,0.4036597139706108,135.0,1.14,ok,
pavia_university,20,50,FCM_S2,,,,,0.5248849657244812,0.5452023683580836,0.5207266762265679,0.5249438937722087,0.5456671192016925,0.3838383871802351,220.0,2.81,ok,
pavia_university,20,50,FLICM,,,,,0.4819466616583717,0.5328443549477883,0.4885701871487538,0.4820226295118758,0.533577955896553,0.3969963523659656,170.0,8.47,ok,
pavia_university,20,50,KWFLICM,,,,,0.3727110526810029,0.4803416876255669,0.345405874006032,0.3727323732934355,0.4805688699538292,1.2373014638556226,290.0,1.82,ok,
pavia_university,20,50,SSFCM,,,,,0.5184759132312893,0.5345235315428768,0.5119665039319585,0.5167617355526464,0.5256179531730378,0.3420184832351076,105.0,4.73,ok,
pavia_university,20,50,eSFCM,,,,,0.5336651328763264,0.5354585393820603,0.5040136606476359,0.5323545913596409,0.5264102162529245,0.4680450142959151,50.0,2.22,ok,
pavia_university,20,50,S3FCM,,,,,0.5327965067142455,0.5236900854101908,0.541506866934591,0.532401346549467,0.5222250374164811,0.3367329098557793,63.0,1.01,ok,
pavia_university,20,50,GS-SPFCM,,,,,0.5948445863461358,0.5473773097827784,0.5696480717049798,0.5947961473723583,0.5478211588984679,88.8946023996101,150.0,18.32,ok,
pavia_university,20,50,Softmax,,,,,0.7263827589445019,0.6213827214391333,0.7264557366399458,0.7270665793903123,0.6224665999137762,11.134698427689564,,10.22,ok,
pavia_university,20,50,Sr-SSFCM,0.99,6627.620988961753,66.94566655516928,0.978648755455674,0.7263592825617429,0.6213996451187448,0.7265738218978397,0.7270432017953993,0.6224827569870761,7.971975298738316,5.0,7.58,ok,
pavia_university,20,50,Sw-SSFCM_r1,0.99,6627.620988961753,66.94566655516928,0.9817666245411986,0.7790637618555732,0.6796517532376878,0.785312387464512,0.7796194127548158,0.6805930189582838,6.406402416425141,5.0,7.61,ok,
pavia_university,20,50,Sw-SSFCM_r2,0.99,6627.620988961753,66.94566655516928,0.9827489166482914,0.7871396375246502,0.6905593925359955,0.7922668700608885,0.7876613054049,0.6915194099142028,6.712621056706739,5.0,7.63,ok,
pavia_university,20,51,FCM,,,,,0.518593295145084,0.5343030016443407,0.5123278181097354,0.5185384327660371,0.534984950767709,0.3346588085400143,115.0,0.45,ok,
pavia_university,20,51,FCM_S1,,,,,0.5231007606348014,0.5438335123598063,0.5236666303529133,0.5230269309893398,0.544415455134813,0.4036693919575617,155.0,1.36,ok,
pavia_university,20,51,FCM_S2,,,,,0.5250258240210348,0.5449954105947511,0.5210603476616147,0.5249438937722087,0.5456671192016925,0.3838465382025254,240.0,2.87,ok,
pavia_university,20,51,FLICM,,,,,0.522419945534792,0.5456343065597499,0.499910023754004,0.5222788479521226,0.5461658799869558,0.294785502929119,105.0,5.33,ok,
pavia_university,20,51,KWFLICM,,,,,0.4282326979059067,0.5042581238388475,0.4330640794427947,0.4285113147559379,0.5045286392208499,1.3621338738299569,315.0,1.93,ok,
pavia_university,20,51,SSFCM,,,,,0.5185698187623251,0.5343028454270088,0.5123022602179967,0.5177903497288199,0.5275048831673257,0.3435542213477748,90.0,4.05,ok,
pavia_university,20,51,eSFCM,,,,,0.5337590384073622,0.5350604297517957,0.5043144771501978,0.5319805498410324,0.5291042539717934,0.4676107739475963,155.0,6.84,ok,
pavia_university,20,51,S3FCM,,,,,0.5329373650107991,0.5233888173234135,0.542099260780684,0.5328221432579017,0.5227490788516035,0.336581211218357,60.0,0.95,ok,
pavia_university,20,51,GS-SPFCM,,,,,0.6332284721570101,0.5643188087938283,0.6263575965246249,0.6336497101178231,0.565049285719599,7.617880220798515,28.0,3.82,ok,
pavia_university,20,51,Softmax,,,,,0.7352333552446239,0.59539993589302,0.7199078176568925,0.7359500654572657,0.5966135088232665,4.428223740506813,,10.21,ok,
pavia_university,20,51,Sr-SSFCM,0.99,5001.438163168995,50.51957740574746,0.9725141406454751,0.7353742135411776,0.5954833382013799,0.7197781933502152,0.7360903310267439,0.5967066671884019,3.2336561096791714,5.0,7.61,ok,
pavia_university,20,51,Sw-SSFCM_r1,0.99,5001.438163168995,50.51957740574746,0.9758947468917112,0.7822800262935486,0.6487159332048161,0.7780354894449211,0.7827987656629886,0.6497528333605384,2.3942806835916186,5.0,7.64,ok,
pavia_university,20,51,Sw-SSFCM_r2,0.99,5001.438163168995,50.51957740574746,0.9769308831004154,0.7899333270729646,0.657278972729434,0.7854951086742086,0.7904899943893772,0.6583975803576507,2.402664376859629,5.0,7.66,ok,
pavia_university,40,42,FCM,,,,,0.5182949830252734,0.5337171033983179,0.5118107456678412,0.518515055171124,0.534984045854821,0.3346822380585693,140.0,0.52,ok,
pavia_university,40,42,FCM_S1,,,,,0.5227272727272727,0.5430276522113672,0.5231306522295801,0.5230269309893398,0.544415455134813,0.4036836835596629,160.0,1.36,ok,
pavia_university,40,42,FCM_S2,,,,,0.5247312334967936,0.544301761129802,0.5205172836174695,0.5249438937722087,0.5456754563755917,0.3838625025501659,250.0,3.03,ok,
pavia_university,40,42,FLICM,,,,,0.4819407770652584,0.5325088330051441,0.488543622767531,0.4820460071067888,0.5335950762001063,0.3969945424213316,155.0,7.37,ok,
pavia_university,40,42,KWFLICM,,,,,0.4346473029045643,0.5193432858134228,0.4581048341429274,0.4355947260145876,0.520535586179919,1.594665586064396,285.0,1.89,ok,
pavia_university,40,42,SSFCM,,,,,0.5182242549981139,0.5337527170284468,0.5117189342473056,0.5146811296053861,0.5213501585285781,0.3552432187361803,45.0,2.22,ok,
pavia_university,40,42,eSFCM,,,,,0.5547434930215013,0.5561453995215297,0.5049917023200967,0.5500748083037217,0.5432681014549952,0.5031524322971166,85.0,3.76,ok,
pavia_university,40,42,S3FCM,,,,,0.5323698604300264,0.5226626936740555,0.54137114156149,0.5325416121189452,0.5218215010898922,0.3369277311122289,60.0,1.04,ok,
pavia_university,40,42,GS-SPFCM,,,,,0.5858166729536024,0.5341513911751643,0.6037262112458229,0.5869178978866654,0.5355537180038176,11.850123723907773,30.0,3.96,ok,
pavia_university,40,42,Softmax,,,,,0.7504007921539042,0.63421539494975,0.768616778220512,0.7517299420235646,0.6365442642898961,1.9838718116050624,,15.6,ok,
pavia_university,40,42,Sr-SSFCM,0.99,5701.461857494887,57.59052381307972,0.9748076146609695,0.7505422482082234,0.6345701398880601,0.76870195139638,0.7518702075930428,0.636895605154048,1.444440638062366,5.0,13.56,ok,
pavia_university,40,42,Sw-SSFCM_r1,0.99,5701.461857494887,57.59052381307972,0.9784963736095558,0.798047906450396,0.6906597004965915,0.8203845253912944,0.7990929493173742,0.6926578032951314,1.1951684889332057,5.0,13.59,ok,
pavia_university,40,42,Sw-SSFCM_r2,0.99,5701.461857494887,57.59052381307972,0.9795819037421856,0.805450773293097,0.6983455080606084,0.8254708455331933,0.8063867589302413,0.7001498774947663,1.1474510396640587,5.0,13.61,ok,
pavia_university,40,43,FCM,,,,,0.5183185590343267,0.5335217474257802,0.5119916230384876,0.5185384327660371,0.534984950767709,0.3346459898306568,110.0,0.42,ok,
pavia_university,40,43,FCM_S1,,,,,0.5226093926820068,0.5429501285714337,0.5231622619822256,0.5230269309893398,0.544415455134813,0.4036553220134676,125.0,1.1,ok,
pavia_university,40,43,FCM_S2,,,,,0.524660505469634,0.5442127377572135,0.5206850429543517,0.5249438937722087,0.5456671192016925,0.3838377860172171,215.0,2.71,ok,
pavia_university,40,43,FLICM,,,,,0.5223500565824217,0.5449762161784221,0.4997030418011817,0.5222554703572097,0.5461322191597829,0.2947981917372551,90.0,4.31,ok,
pavia_university,40,43,KWFLICM,,,,,0.4340814786872878,0.5043752121234195,0.404098486457579,0.4343557134841967,0.5055265246923916,1.7039323568838345,195.0,1.64,ok,
pavia_university,40,43,SSFCM,,,,,0.5182478310071671,0.53355952525751,0.5118977734966784,0.513886291378343,0.516413134614499,0.3500624849829991,120.0,5.65,ok,
pavia_university,40,43,eSFCM,,,,,0.5337608449641644,0.5342928715722547,0.5049746911307715,0.5292687488311203,0.5171825200951274,0.473171034033395,80.0,3.54,ok,
pavia_university,40,43,S3FCM,,,,,0.5322991324028669,0.5225914377719768,0.5417177265155626,0.5326117449036843,0.5218760526280541,0.3366696677484125,58.0,0.92,ok,
pavia_university,40,43,GS-SPFCM,,,,,0.6192946058091287,0.5551470970610278,0.6091642716954215,0.6198569291191323,0.556656566189984,4.341535411260304,44.0,5.71,ok,
pavia_university,40,43,Softmax,,,,,0.77263296869106,0.6421885272479532,0.7621732374524668,0.7736113708621657,0.6442470151723174,3.093425831954587,,15.61,ok,
pavia_university,40,43,Sr-SSFCM,0.99,5779.554249624248,58.37933585479043,0.9735181479230754,0.7727272727272727,0.6423129351512923,0.7622629789741099,0.7737048812418178,0.6443708851024385,2.398328765756828,5.0,13.6,ok,
pavia_university,40,43,Sw-SSFCM_r1,0.99,5779.554249624248,58.37933585479043,0.9777076877035816,0.8287910222557525,0.7057544794897069,0.8209591605336982,0.8295305778941463,0.7075345872894692,2.4135687544728275,5.0,13.63,ok,
pavia_university,40,43,Sw-SSFCM_r2,0.99,5779.554249624248,58.37933585479043,0.9786776726503804,0.833246887966805,0.7122630224398163,0.8235142595492678,0.8340190761174491,0.7140135530982598,2.318081563690632,5.0,13.65,ok,
pavia_university,40,44,FCM,,,,,0.5183185590343267,0.533466966929773,0.5124476212688075,0.518515055171124,0.534984045854821,0.3346711845115828,115.0,0.44,ok,
pavia_university,40,44,FCM_S1,,,,,0.5227036967182196,0.5429336299983606,0.5236370918229212,0.5230269309893398,0.544415455134813,0.4036741008408316,130.0,1.21,ok,
pavia_university,40,44,FCM_S2,,,,,0.5247312334967936,0.544227072389123,0.52115149495288,0.5249438937722087,0.5456671192016925,0.3838298875741245,215.0,2.71,ok,
pavia_university,40,44,FLICM,,,,,0.5224679366276876,0.5446291274922048,0.5002511711004838,0.5222554703572097,0.5461322191597829,0.2948024686103384,95.0,4.57,ok,
pavia_university,40,44,KWFLICM,,,,,0.4341757827235005,0.5043075728787773,0.4040423809861513,0.4343557134841967,0.5055319323298018,1.7040226594698336,180.0,1.52,ok,
pavia_university,40,44,SSFCM,,,,,0.5183185590343267,0.5334742089468487,0.5124362393524821,0.5176968393491678,0.5267893925160644,0.3393959969330008,110.0,4.94,ok,
pavia_university,40,44,eSFCM,,,,,0.5337136929460581,0.5340738868669122,0.504435778672573,0.5329624088273799,0.5272918394864214,0.4646092366766812,120.0,5.3,ok,
pavia_university,40,44,S3FCM,,,,,0.5324877404752923,0.5225640301180998,0.542130013475854,0.5323078361698148,0.5209157302416794,0.3376350224623565,56.0,0.92,ok,
pavia_university,40,44,GS-SPFCM,,,,,0.5828460958129008,0.5374304968983277,0.615583653784003,0.5838320553581448,0.5391310564690481,9.672185920394488,50.0,6.47,ok,
pavia_university,40,44,Softmax,,,,,0.7740946812523576,0.6570481097209642,0.784853449959618,0.7751075369366,0.659048702286887,2.1712442878629425,,15.51,ok,
pavia_university,40,44,Sr-SSFCM,0.99,4729.244429387415,47.77014575138807,0.9690027876252718,0.7738589211618258,0.6566083378176424,0.7845938060646922,0.7748737609874696,0.658614664602839,1.70594241616183,5.0,13.54,ok,
pavia_university,40,44,Sw-SSFCM_r1,0.99,4729.244429387415,47.77014575138807,0.9733530834926588,0.8089164466239155,0.7020530916853374,0.825507886200519,0.8098232653824574,0.703966379826633,1.5171984766621844,5.0,13.57,ok,
pavia_university,40,44,Sw-SSFCM_r2,0.99,4729.244429387415,47.77014575138807,0.9747005828508156,0.8147868728781592,0.7104831958510288,0.8294685319946504,0.8157144193005423,0.7124283445530529,1.5187775933993972,5.0,13.59,ok,
pavia_university,40,45,FCM,,,,,0.5183421350433799,0.5336084663516498,0.5120308490272448,0.518515055171124,0.534984045854821,0.3346910119048895,145.0,0.48,ok,
pavia_university,40,45,FCM_S1,,,,,0.5227980007544323,0.5431556905341363,0.5234418022517762,0.5230269309893398,0.544415455134813,0.4036830648765409,155.0,1.31,ok,
pavia_university,40,45,FCM_S2,,,,,0.5247783855149001,0.5443704584101772,0.5208415875806384,0.5249438937722087,0.5456671192016925,0.3838526380575154,245.0,3.03,ok,
pavia_university,40,45,FLICM,,,,,0.5223029045643154,0.54492871371433,0.4998134944669325,0.5223022255470358,0.546206090454296,0.294741335723732,110.0,5.32,ok,
pavia_university,40,45,KWFLICM,,,,,0.3966663523198793,0.4766111583156407,0.3526976636116546,0.3970918271928184,0.4772220916662322,1.6229862174559393,180.0,1.24,ok,
pavia_university,40,45,SSFCM,,,,,0.5182949830252734,0.5335925384177124,0.5119241711655502,0.5147512623901253,0.519815242917568,0.3475387077695495,125.0,5.39,ok,
pavia_university,40,45,eSFCM,,,,,0.5337844209732177,0.5343711224377042,0.5048390904304986,0.5301337198429026,0.5205108164145953,0.4719223372313066,85.0,3.64,ok,
pavia_university,40,45,S3FCM,,,,,0.5327470765748774,0.5228695887174042,0.5421596740415721,0.5328688984477277,0.5223296567726307,0.3367332169584258,66.0,1.07,ok,
pavia_university,40,45,GS-SPFCM,,,,,0.5918992832893247,0.5373426378518494,0.6353530415982429,0.5925051430708809,0.5387037668678958,52.33735422292042,188.0,22.07,ok,
pavia_university,40,45,Softmax,,,,,0.7158855149000377,0.6141145034349252,0.7291234676315509,0.717551898260707,0.616537726984213,5.279515033024021,,19.82,ok,
pavia_university,40,45,Sr-SSFCM,0.99,5276.184059482206,53.29478847961829,0.9682732606698458,0.715673330818559,0.6142301799791368,0.7289348802597336,0.7173414999064897,0.6166508436288959,3.202049040710201,5.0,13.54,ok,
pavia_university,40,45,Sw-SSFCM_r1,0.99,5276.184059482206,53.29478847961829,0.9734070582747816,0.7601141078838174,0.6665158400255936,0.7769980311016929,0.7615952870768655,0.6687934401919574,2.9055773312175823,5.0,13.57,ok,
pavia_university,40,45,Sw-SSFCM_r2,0.99,5276.184059482206,53.29478847961829,0.9749999804884562,0.7708647680120709,0.6765851194793211,0.7862447454342281,0.7722320927622967,0.6787574795417924,3.0587209092293746,5.0,13.59,ok,
pavia_university,40,46,FCM,,,,,0.5183421350433799,0.5337428926922939,0.5120938080133626,0.518515055171124,0.534984045854821,0.3346967681767154,125.0,0.45,ok,
pavia_university,40,46,FCM_S1,,,,,0.5228687287815919,0.5431539768303794,0.523636935673505,0.5230269309893398,0.544415455134813,0.4036602818649236,125.0,1.9,ok,
pavia_university,40,46,FCM_S2,,,,,0.5247312334967936,0.544292614907559,0.5208199849470253,0.5249438937722087,0.5456754563755917,0.3838614067969048,225.0,3.77,ok,
pavia_university,40,46,FLICM,,,,,0.5223500565824217,0.5449494521449176,0.4998218895759623,0.5222788479521226,0.5462408134515294,0.2947520641582523,195.0,14.78,ok,
pavia_university,40,46,KWFLICM,,,,,0.4520463975858166,0.5166095826365014,0.4654714432185502,0.4525668599214513,0.5176033378367682,1.840145751689084,225.0,2.39,ok,
pavia_university,40,46,SSFCM,,,,,0.5183421350433799,0.5337666573917436,0.5120742563991275,0.5139798017579952,0.5195010846960854,0.3503982750187207,55.0,3.83,ok,
pavia_university,40,46,eSFCM,,,,,0.5558044134288948,0.5563595552334127,0.5069439499967531,0.5511268000748083,0.5448809441143451,0.4928418467133952,125.0,8.65,ok,
pavia_university,40,46,S3FCM,,,,,0.5324877404752923,0.5228477625111765,0.5416936054329149,0.5323545913596409,0.5209969473414034,0.3372280071391555,54.0,1.81,ok,
pavia_university,40,46,GS-SPFCM,,,,,0.5806299509619012,0.5343653663153569,0.6024420906715264,0.5814475406770151,0.5358006349888601,8.448329254598702,36.0,6.74,ok,
pavia_university,40,46,Softmax,,,,,0.7619058845718597,0.6433857632413144,0.7696706840988472,0.7631148307462128,0.6456068025308808,2.4755440376673725,,25.83,ok,
pavia_university,40,46,Sr-SSFCM,0.99,5887.877701173371,59.4735121330644,0.9767815218713672,0.7619294605809128,0.6434275785228949,0.7698274686131952,0.7631382083411259,0.6456489919359327,1.9327612114196848,5.0,13.54,ok,
pavia_university,40,46,Sw-SSFCM_r1,0.99,5887.877701173371,59.4735121330644,0.9801494454339044,0.809859486986043,0.7016400199851963,0.820926570438891,0.8107116139891528,0.7034416212489739,1.7653920142734745,5.0,13.57,ok,
pavia_university,40,46,Sw-SSFCM_r2,0.99,5887.877701173371,59.4735121330644,0.980936669967138,0.8171680497925311,0.7114547322397331,0.8267031002392755,0.8180288011969329,0.7131924275795201,1.6606834356946805,5.0,13.58,ok,
pavia_university,40,47,FCM,,,,,0.5183892870614862,0.5333471614498134,0.5119839227483994,0.518515055171124,0.534984045854821,0.3346577853592953,75.0,0.3,ok,
pavia_university,40,47,FCM_S1,,,,,0.5227508487363259,0.5427646295720375,0.5231393226883739,0.5230269309893398,0.544415455134813,0.4036574479486834,120.0,1.09,ok,
pavia_university,40,47,FCM_S2,,,,,0.5247548095058469,0.5440766264600224,0.5205189064180965,0.5249438937722087,0.5456671192016925,0.3838518331773426,210.0,2.69,ok,
pavia_university,40,47,FLICM,,,,,0.522515088645794,0.544712971557431,0.4997932846743842,0.5222788479521226,0.5462408134515294,0.2947638443304238,85.0,4.0,ok,
pavia_university,40,47,KWFLICM,,,,,0.3726423990946813,0.479609967518229,0.3449180155035724,0.373059659622218,0.4804959142287909,1.2361366366864786,295.0,2.15,ok,
pavia_university,40,47,SSFCM,,,,,0.5183421350433799,0.5333864131577765,0.511905001951735,0.5149149055545166,0.5205491282660454,0.3464614503378299,65.0,5.35,ok,
pavia_university,40,47,eSFCM,,,,,0.5337844209732177,0.5343439991512431,0.5048908417616212,0.5302272302225547,0.521061498390493,0.4681511638572408,55.0,4.46,ok,
pavia_university,40,47,S3FCM,,,,,0.5323934364390795,0.5225449415677481,0.5416390919276871,0.5329156536375538,0.5216288844638454,0.3359878122000026,57.0,1.32,ok,
pavia_university,40,47,GS-SPFCM,,,,,0.6064692568841946,0.5378812253671996,0.6172407133144696,0.6074901814101366,0.5397537988627324,10.348540675420695,146.0,25.11,ok,
pavia_university,40,47,Softmax,,,,,0.7825113164843456,0.653391397993227,0.7783891740980304,0.7834299607256405,0.6553776499376774,1.5443488181213687,,33.05,ok,
pavia_university,40,47,Sr-SSFCM,0.99,5617.640877434419,56.743847246812365,0.9776694670711992,0.7820397963032818,0.6530517222512557,0.7777946070964649,0.7829624088273799,0.6550398087265651,1.2069937134069717,5.0,13.49,ok,
pavia_university,40,47,Sw-SSFCM_r1,0.99,5617.640877434419,56.743847246812365,0.9809343980163292,0.8270463975858167,0.7082090426060269,0.8230614645616079,0.8278006358705816,0.7099861564984012,1.0014909360586366,5.0,13.52,ok,
pavia_university,40,47,Sw-SSFCM_r2,0.99,5617.640877434419,56.743847246812365,0.9818289235267512,0.8328460958129008,0.7157796921293607,0.8284287484641123,0.8336216570039274,0.7175087404425445,0.9864027786556236,5.0,13.54,ok,
pavia_university,40,48,FCM,,,,,0.5181771029800075,0.5336911339199706,0.5119287314633575,0.518515055171124,0.534984045854821,0.3346977170705586,115.0,0.81,ok,
pavia_university,40,48,FCM_S1,,,,,0.5225858166729536,0.5431511619974091,0.5231532792706746,0.5230269309893398,0.544415455134813,0.403683425785681,125.0,1.9,ok,
pavia_university,40,48,FCM_S2,,,,,0.5245897774424746,0.544442426533839,0.5206587613457222,0.5249438937722087,0.5456671192016925,0.3838002757267515,210.0,3.39,ok,
pavia_university,40,48,FLICM,,,,,0.5223264805733685,0.544961155580554,0.4998470762370255,0.5222554703572097,0.5461700104440149,0.2948110006569215,85.0,4.39,ok,
pavia_university,40,48,KWFLICM,,,,,0.4372170878913617,0.5013424991273138,0.4272259665601292,0.4381896390499345,0.5024930784876176,1.872182225422772,185.0,1.34,ok,
pavia_university,40,48,SSFCM,,,,,0.5181535269709544,0.5337086774012326,0.5119160593280104,0.5137927809986909,0.5173074108896826,0.34813178317255,100.0,4.36,ok,
pavia_university,40,48,eSFCM,,,,,0.5338787250094305,0.534289952727655,0.5050987490225656,0.5293856368056854,0.5177619925653477,0.4749104587069677,60.0,2.57,ok,
pavia_university,40,48,S3FCM,,,,,0.5321105243304414,0.5225348000773449,0.54162451260065,0.5323312137647279,0.5213851352901452,0.3365938545392973,51.0,0.86,ok,
pavia_university,40,48,GS-SPFCM,,,,,0.5846614485099962,0.5381807249565643,0.6071944888797213,0.5853749766224051,0.5396454830222374,7.913080820834548,44.0,5.51,ok,
pavia_university,40,48,Softmax,,,,,0.7976235382874387,0.6599708910145146,0.7782129378686125,0.7986020198242005,0.6621186769735153,4.000564190450655,,20.11,ok,
pavia_university,40,48,Sr-SSFCM,0.99,5435.373204246225,54.9027596388508,0.970449740592522,0.7974349302150132,0.6598399689371716,0.7780624958186212,0.7984149990648962,0.6619891782589006,2.925926142497828,5.0,13.51,ok,
pavia_university,40,48,Sw-SSFCM_r1,0.99,5435.373204246225,54.9027596388508,0.9751121076463266,0.8558327046397586,0.7301842263006104,0.8422159521199153,0.8566252103983543,0.7321199009568932,2.353914403358692,5.0,13.54,ok,
pavia_university,40,48,Sw-SSFCM_r2,0.99,5435.373204246225,54.9027596388508,0.9764564209800553,0.8639192757450019,0.7429979241402466,0.8493251000664692,0.8646437254535253,0.7448262407280651,2.2236109184155364,5.0,13.6,ok,
pavia_university,40,49,FCM,,,,,0.5182478310071671,0.5335050700411855,0.511779048895293,0.518515055171124,0.534984045854821,0.334692495276967,120.0,0.41,ok,
pavia_university,40,49,FCM_S1,,,,,0.5226093926820068,0.5427846264540069,0.5231719034403882,0.5230269309893398,0.544415455134813,0.4036576147590098,125.0,1.03,ok,
pavia_university,40,49,FCM_S2,,,,,0.5246133534515277,0.5441492912403884,0.5205313667069495,0.5249438937722087,0.5456671192016925,0.3838221708423933,215.0,3.56,ok,
pavia_university,40,49,FLICM,,,,,0.5222557525462089,0.5448579884989314,0.4995001086896515,0.5223022255470358,0.546206090454296,0.2947507360297775,105.0,8.1,ok,
pavia_university,40,49,KWFLICM,,,,,0.4547104866088268,0.4996612274470418,0.4206587367559737,0.4551851505517112,0.5005712600851897,1.76043740719962,160.0,1.91,ok,
pavia_university,40,49,SSFCM,,,,,0.5182242549981139,0.533553867742866,0.5117635209365526,0.5156162334019077,0.520638182554373,0.3510640825444425,95.0,6.28,ok,
pavia_university,40,49,eSFCM,,,,,0.5337608449641644,0.5342370289743268,0.5048776907939853,0.531045446044511,0.5227599790082483,0.4718498598864841,45.0,2.97,ok,
pavia_university,40,49,S3FCM,,,,,0.5322991324028669,0.5225519432726415,0.5414911390697564,0.5323545913596409,0.5217981778728672,0.3361526343087413,53.0,1.76,ok,
pavia_university,40,49,GS-SPFCM,,,,,0.5819266314598265,0.5359203588657757,0.6060836452575517,0.5827333083972321,0.5372933185272698,8.517147059754638,67.0,13.26,ok,
pavia_university,40,49,Softmax,,,,,0.7793521312712184,0.6413754600235515,0.7630648710684057,0.7802739854123808,0.6433102400232418,1.5480200223474083,,21.36,ok,
pavia_university,40,49,Sr-SSFCM,0.99,5918.915919246207,59.787029487335474,0.979467370699788,0.7791399471897397,0.6410458474297972,0.7629525324806128,0.7800402094632504,0.6429594599951196,1.1394088871509986,5.0,13.47,ok,
pavia_university,40,49,Sw-SSFCM_r1,0.99,5918.915919246207,59.787029487335474,0.982227057865506,0.8279422859298378,0.6964960238622016,0.8210662931640148,0.8285253413128857,0.698077504530631,1.0231069504841743,5.0,13.5,ok,
pavia_university,40,49,Sw-SSFCM_r2,0.99,5918.915919246207,59.787029487335474,0.9827649811096898,0.8328932478310072,0.7033402496366231,0.8235712964319694,0.8335515242191883,0.7050611779121024,1.0435851911528589,5.0,13.51,ok,
pavia_university,40,50,FCM,,,,,0.5182714070162203,0.5334631331025624,0.5121092609950672,0.518515055171124,0.534984045854821,0.3346766221451474,125.0,0.46,ok,
pavia_university,40,50,FCM_S1,,,,,0.5225858166729536,0.5427803344140297,0.5231473413011151,0.5230269309893398,0.544415455134813,0.4036597139706108,135.0,1.15,ok,
pavia_university,40,50,FCM_S2,,,,,0.5244954734062618,0.5440730810197016,0.5204506862614541,0.5249438937722087,0.5456671192016925,0.3838383871802351,220.0,2.77,ok,
pavia_university,40,50,FLICM,,,,,0.4820586571105243,0.5322077922270616,0.4888455609716458,0.4820226295118758,0.533577955896553,0.3969963523659656,170.0,7.99,ok,
pavia_university,40,50,KWFLICM,,,,,0.3725245190494153,0.4797546669782125,0.3451020816692691,0.3727323732934355,0.4805688699538292,1.2373014638556226,290.0,2.09,ok,
pavia_university,40,50,SSFCM,,,,,0.5182006789890607,0.5335313707995035,0.5121013487715964,0.5147746399850384,0.5181111321702551,0.3490002064052077,105.0,8.65,ok,
pavia_university,40,50,eSFCM,,,,,0.5333836288193134,0.5342045665764004,0.5051105674451511,0.5307649149055546,0.5186075587534252,0.4757157918778112,50.0,4.05,ok,
pavia_university,40,50,S3FCM,,,,,0.5322048283666541,0.5225128873450062,0.541640521471742,0.5322610809799888,0.5211755245152637,0.3367034515751719,55.0,1.82,ok,
pavia_university,40,50,GS-SPFCM,,,,,0.5897538664654848,0.5455081392048087,0.613807970559029,0.5905180475032729,0.5467853881397462,59.62902910676468,148.0,26.31,ok,
pavia_university,40,50,Softmax,,,,,0.775910033949453,0.6496286760929513,0.7671685035255117,0.7768141013652515,0.651450526676871,7.062709433394903,,33.75,ok,
pavia_university,40,50,Sr-SSFCM,0.99,5958.435094751786,60.18621307830092,0.977506411869582,0.7760986420218785,0.649741608542381,0.7672537389807562,0.7770011221245559,0.6515637430602798,5.308180811576932,5.0,13.49,ok,
pavia_university,40,50,Sw-SSFCM_r1,0.99,5958.435094751786,60.18621307830092,0.980553062124226,0.8303470388532629,0.7078045661512133,0.8241604198692447,0.8311436319431457,0.709685604819015,4.183746774327595,5.0,13.58,ok,
pavia_university,40,50,Sw-SSFCM_r2,0.99,5958.435094751786,60.18621307830092,0.9813111994027744,0.8380799698227084,0.7167935017210196,0.83108017350151,0.8388582382644474,0.7186404306678411,4.202372921490159,5.0,13.53,ok,
pavia_university,40,51,FCM,,,,,0.5183421350433799,0.5336427157079882,0.5121274841600826,0.5185384327660371,0.534984950767709,0.3346588085400143,115.0,0.81,ok,
pavia_university,40,51,FCM_S1,,,,,0.52263296869106,0.5429468712463956,0.523101500297789,0.5230269309893398,0.544415455134813,0.4036693919575617,155.0,2.31,ok,
pavia_university,40,51,FCM_S2,,,,,0.524660505469634,0.5442985123319329,0.520627557482706,0.5249438937722087,0.5456671192016925,0.3838465382025254,240.0,4.03,ok,
pavia_university,40,51,FLICM,,,,,0.5224679366276876,0.5448596612478047,0.4999357419384331,0.5222788479521226,0.5461658799869558,0.294785502929119,105.0,6.79,ok,
pavia_university,40,51,KWFLICM,,,,,0.4275037721614485,0.5037311789264878,0.431887043580175,0.4285113147559379,0.5045286392208499,1.3621338738299569,315.0,1.9,ok,
pavia_university,40,51,SSFCM,,,,,0.5182949830252734,0.5336396659882383,0.5120924106303744,0.5167383579577333,0.5219241379147372,0.3526744747508493,90.0,3.92,ok,
pavia_university,40,51,eSFCM,,,,,0.5341380611090155,0.5344175925644057,0.505439924260748,0.5305778941462502,0.5240469439989011,0.476109011270998,135.0,5.77,ok,
pavia_university,40,51,S3FCM,,,,,0.5325348924933987,0.5225458074091397,0.5418449678659595,0.5324948569291191,0.5213185346066965,0.3360781103610525,55.0,0.89,ok,
pavia_university,40,51,GS-SPFCM,,,,,0.5625471520181063,0.5442278988054,0.6075908858521,0.5639377220871516,0.545676895981995,11.709644064937072,29.0,3.82,ok,
pavia_university,40,51,Softmax,,,,,0.7511080724254998,0.6261277145187762,0.7637638921660136,0.7525014026556948,0.6285117709906303,2.589191699183549,,20.1,ok,
pavia_university,40,51,Sr-SSFCM,0.99,5045.080703292587,50.96041114436961,0.9735895932163212,0.7504007921539042,0.6256710373210952,0.7630321806924564,0.7518000748083037,0.6280566422769356,1.9850473557339223,5.0,13.53,ok,
pavia_university,40,51,Sw-SSFCM_r1,0.99,5045.080703292587,50.96041114436961,0.976934434390764,0.7914466239155036,0.6752159287339385,0.8115547824928584,0.7927108659061156,0.6774463464113156,1.5211571588792234,5.0,13.56,ok,
pavia_university,40,51,Sw-SSFCM_r2,0.99,5045.080703292587,50.96041114436961,0.9778430077117152,0.8001225952470766,0.6855331547311914,0.8194251214828264,0.8012670656442865,0.6876129897122604,1.5517196568597893,5.0,13.58,ok,
pavia_university,60,42,FCM,,,,,0.5183255990150583,0.532807931461687,0.5122700958148283,0.518515055171124,0.534984045854821,0.3346822380585693,140.0,0.47,ok,
pavia_university,60,42,FCM_S1,,,,,0.5227057486504404,0.5420803260233914,0.5236035685095558,0.5230269309893398,0.544415455134813,0.4036836835596629,160.0,1.26,ok,
pavia_university,60,42,FCM_S2,,,,,0.5246708968652335,0.543397790689227,0.5210538426226219,0.5249438937722087,0.5456754563755917,0.3838625025501659,250.0,4.27,ok,
pavia_university,60,42,FLICM,,,,,0.4816507245004262,0.5317251541960158,0.4888456226128846,0.4820460071067888,0.5335950762001063,0.3969945424213316,155.0,12.93,ok,
pavia_university,60,42,KWFLICM,,,,,0.4340373141395965,0.5187451904744198,0.4575687835152262,0.4355947260145876,0.520535586179919,1.594665586064396,285.0,2.97,ok,
pavia_university,60,42,SSFCM,,,,,0.5183019225305426,0.5328657891256199,0.5122546127851704,0.5130446979614737,0.5160600769256751,0.3648926345194797,45.0,3.02,ok,
pavia_university,60,42,eSFCM,,,,,0.5536982668813335,0.5546908177861986,0.5093083329352849,0.5467084346362446,0.5373293646744156,0.5119822240129754,90.0,5.67,ok,
pavia_university,60,42,S3FCM,,,,,0.5317501657353916,0.5220496815356553,0.5416713978548509,0.5320740602206845,0.5209597025048383,0.3370211421039487,62.0,1.69,ok,
pavia_university,60,42,GS-SPFCM,,,,,0.5825599015058244,0.5383123872613335,0.6101157751167108,0.5844632504207967,0.5406196034683497,16.476835944917518,32.0,6.79,ok,
pavia_university,60,42,Softmax,,,,,0.7902500236764846,0.6585402889143929,0.7806123229756512,0.791658874135029,0.6614222096694062,1.706418241929868,,31.52,ok,
pavia_university,60,42,KFCM,,,,,0.5184676579221518,0.5329003126251972,0.5128988443288705,0.5186319431456892,0.5350635388776708,0.3347742001368052,42.0,0.22,ok,
pavia_university,60,42,SMUC,,,,,0.6093143290084289,0.5881519434984697,0.5591592829207507,0.6114409949504395,0.590287852615602,1.3261757588441032,281.0,22.0,ok,
pavia_university,60,42,S2-PFCM,,,,,0.5826309309593711,0.5383716269575696,0.61038857653012,0.5878997568730129,0.5425880188438829,16.586499134415156,32.0,7.67,ok,
pavia_university,60,42,Sr-SSFCM,0.99,5072.763521722164,51.24003557295119,0.9714927955916082,0.7902500236764846,0.6586809183039973,0.7805272165482674,0.791635496540116,0.6615449213712156,1.200354318910058,5.0,19.27,ok,
pavia_university,60,42,Sw-SSFCM_r1,0.99,5072.763521722164,51.24003557295119,0.975642316063726,0.8337437257316034,0.7124706728378375,0.8363204756396719,0.8348372919394053,0.715113025478437,1.0932590055232605,5.0,19.3,ok,
pavia_university,60,42,Sw-SSFCM_r2,0.99,5072.763521722164,51.24003557295119,0.9766536817806534,0.8411307889004641,0.7230079772968281,0.8431397455485535,0.8421778567420983,0.7254327974767697,1.077114685238769,5.0,19.33,ok,
pavia_university,60,43,FCM,,,,,0.5181598636234492,0.5327532664545374,0.5119952002597725,0.5185384327660371,0.534984950767709,0.3346459898306568,110.0,0.77,ok,
pavia_university,60,43,FCM_S1,,,,,0.5223506013827067,0.5420955661052673,0.5231134343620553,0.5230269309893398,0.544415455134813,0.4036553220134676,125.0,1.9,ok,
pavia_university,60,43,FCM_S2,,,,,0.5243867790510465,0.5433059156884457,0.5205865340671774,0.5249438937722087,0.5456671192016925,0.3838377860172171,215.0,2.57,ok,
pavia_university,60,43,FLICM,,,,,0.5221848659910976,0.5438234014423317,0.4993907059202556,0.5222554703572097,0.5461322191597829,0.2947981917372551,90.0,3.84,ok,
pavia_university,60,43,KWFLICM,,,,,0.433729519840894,0.5034698524528824,0.4039044527454557,0.4343557134841967,0.5055265246923916,1.7039323568838345,195.0,2.27,ok,
pavia_university,60,43,SSFCM,,,,,0.5180414812008713,0.5326763469090112,0.5119167876134676,0.5115017766972134,0.509434304758742,0.3584434084041267,120.0,9.23,ok,
pavia_university,60,43,eSFCM,,,,,0.533810019888247,0.533697322404652,0.5053813751234648,0.5272816532635123,0.510538240931909,0.4805033151248197,80.0,5.81,ok,
pavia_university,60,43,S3FCM,,,,,0.5319632540960318,0.5222629346685798,0.5418334370428679,0.532401346549467,0.5215819150485737,0.3369815187512263,56.0,1.3,ok,
pavia_university,60,43,GS-SPFCM,,,,,0.588265934274079,0.5341160667290716,0.6018117408580479,0.5896063213016645,0.5363083486112112,8.317847043018977,47.0,10.07,ok,
pavia_university,60,43,Softmax,,,,,0.7863907567004451,0.6614329414035379,0.7898973941738183,0.7877781933794651,0.6642593774705834,1.405860136906092,,37.75,ok,
pavia_university,60,43,KFCM,,,,,0.5182545695615115,0.5328425793291975,0.5125562515762658,0.5186553207406022,0.5350782029539345,0.3348148077209351,139.0,0.58,ok,
pavia_university,60,43,SMUC,,,,,0.6669192158348328,0.6059303862118014,0.5793359000204598,0.6683186833738545,0.6081666984719,1.857889799683452,106.0,8.23,ok,
pavia_university,60,43,S2-PFCM,,,,,0.5881949048205323,0.5342044895093789,0.6018195821724758,0.5933934916775762,0.5384031547335615,8.33094091775068,49.0,6.15,ok,
pavia_university,60,43,Sr-SSFCM,0.99,5673.70445383076,57.31014599829055,0.9746173211691528,0.786177668339805,0.6615840940095782,0.7897435730565625,0.7875911726201609,0.6644294589568562,1.065883177025413,5.0,19.3,ok,
pavia_university,60,43,Sw-SSFCM_r1,0.99,5673.70445383076,57.31014599829055,0.9777848092842564,0.829766076332986,0.7121921984382871,0.8326483211631196,0.8309799887787545,0.714915519420666,0.9645448286406746,5.0,19.33,ok,
pavia_university,60,43,Sw-SSFCM_r2,0.99,5673.70445383076,57.31014599829055,0.9785739831112332,0.8369400511412065,0.7199077336312532,0.8393055549757497,0.8381569104170563,0.7226545726589668,0.9773929545457576,5.0,19.4,ok,
pavia_university,60,44,FCM,,,,,0.5182308930769959,0.5326747047485447,0.5120779835059145,0.518515055171124,0.534984045854821,0.3346711845115828,115.0,0.42,ok,
pavia_university,60,44,FCM_S1,,,,,0.5225400132588314,0.5419959441792881,0.5233365114944721,0.5230269309893398,0.544415455134813,0.4036741008408316,130.0,1.11,ok,
pavia_university,60,44,FCM_S2,,,,,0.52452883795814,0.5431905879217941,0.5206677998177585,0.5249438937722087,0.5456671192016925,0.3838298875741245,215.0,2.73,ok,
pavia_university,60,44,FLICM,,,,,0.5224216308362535,0.5437119277879223,0.5000773698704555,0.5222554703572097,0.5461322191597829,0.2948024686103384,95.0,4.47,ok,
pavia_university,60,44,KWFLICM,,,,,0.4339899611705654,0.5035250369351074,0.4041999129452907,0.4343557134841967,0.5055319323298018,1.7040226594698336,180.0,1.31,ok,
pavia_university,60,44,SSFCM,,,,,0.5181835401079647,0.5326537041078442,0.512018184698586,0.5172526650458201,0.5236726325926305,0.3416133500744709,115.0,7.53,ok,
pavia_university,60,44,eSFCM,,,,,0.5339284023108248,0.5333239817379397,0.5045468512758458,0.5327987656629886,0.524175615520805,0.4672940586713909,115.0,9.34,ok,
pavia_university,60,44,S3FCM,,,,,0.5322473719102188,0.52211550582199,0.5421003525949571,0.5325649897138582,0.5208400077359652,0.3369008655991322,63.0,0.88,ok,
pavia_university,60,44,GS-SPFCM,,,,,0.6113268301922531,0.541409117496052,0.6186276883367297,0.6124696091266131,0.5440036877829479,6.620895754325235,73.0,11.23,ok,
pavia_university,60,44,Softmax,,,,,0.8071076806515769,0.6676949888930782,0.7900817026894013,0.8083037217131102,0.670684623270069,3.60052842093647,,43.67,ok,
pavia_university,60,44,KFCM,,,,,0.5183255990150583,0.5327596110152574,0.5125745928693188,0.5186553207406022,0.5350782029539345,0.3348304891144038,132.0,0.84,ok,
pavia_university,60,44,SMUC,,,,,0.6068519746188086,0.5647317897178668,0.5434242718456888,0.6089863474845708,0.5649613103558082,3.6672056309733017,91.0,7.73,ok,
pavia_university,60,44,S2-PFCM,,,,,0.6110900653470973,0.5412328015193305,0.618296542969327,0.6159996259584813,0.5455822281812418,6.626434711525504,79.0,9.55,ok,
pavia_university,60,44,Sr-SSFCM,0.99,5022.243366399345,50.7297309737308,0.9715013304779168,0.8069182687754523,0.6676741743381284,0.7899096218792057,0.8081167009538058,0.6706613236071883,2.590666058327209,5.0,19.38,ok,
pavia_university,60,44,Sw-SSFCM_r1,0.99,5022.243366399345,50.7297309737308,0.9755155094859268,0.8559522682072166,0.7286422315910352,0.8430726884568842,0.8566953431830934,0.7309781202052341,2.0751119857742197,5.0,19.41,ok,
pavia_university,60,44,Sw-SSFCM_r2,0.99,5022.243366399345,50.7297309737308,0.9765827035782068,0.8622028601193295,0.7385461936676342,0.8478901528847635,0.8629839162146998,0.7409537341387178,1.9913782037092456,5.0,19.43,ok,
pavia_university,60,45,FCM,,,,,0.5182545695615115,0.5326235379981652,0.5120604444401491,0.518515055171124,0.534984045854821,0.3346910119048895,145.0,0.52,ok,
pavia_university,60,45,FCM_S1,,,,,0.5224926602898001,0.5418911602141658,0.5232187023341544,0.5230269309893398,0.544415455134813,0.4036830648765409,155.0,1.28,ok,
pavia_university,60,45,FCM_S2,,,,,0.5245525144426556,0.5431700080301628,0.520797224806315,0.5249438937722087,0.5456671192016925,0.3838526380575154,245.0,2.94,ok,
pavia_university,60,45,FLICM,,,,,0.52227957192916,0.5439147511119446,0.4995716079974127,0.5223022255470358,0.546206090454296,0.294741335723732,110.0,5.18,ok,
pavia_university,60,45,KWFLICM,,,,,0.3959892035230609,0.4762087553420818,0.3514974779836113,0.3970918271928184,0.4772220916662322,1.6229862174559393,180.0,1.31,ok,
pavia_university,60,45,SSFCM,,,,,0.5182308930769959,0.5326594911032041,0.5120340697168695,0.5129745651767346,0.5138215099094382,0.3544924031040723,130.0,5.66,ok,
pavia_university,60,45,eSFCM,,,,,0.534094137702434,0.5333235965974568,0.5052620788792935,0.5289882176921639,0.514421718025262,0.4783339424599439,85.0,3.63,ok,
pavia_university,60,45,S3FCM,,,,,0.5325078132398902,0.5221106427706884,0.5418345414170803,0.5325883673087712,0.5196141371412424,0.3375394988998129,53.0,0.97,ok,
pavia_university,60,45,GS-SPFCM,,,,,0.6183350696088645,0.551511801407063,0.6136319207094826,0.6192724892463063,0.5535294519525967,5.076288686789525,89.0,10.69,ok,
pavia_university,60,45,Softmax,,,,,0.8137134198314234,0.6782250165644154,0.804444106794036,0.8150130914531513,0.6812497081128408,2.025585742923385,,37.67,ok,
pavia_university,60,45,KFCM,,,,,0.518396628468605,0.5327030794035076,0.5126959606051434,0.5186553207406022,0.5350782029539345,0.3348159766033269,147.0,1.29,ok,
pavia_university,60,45,SMUC,,,,,0.6508192063642391,0.6012005159723256,0.5775735644408875,0.648213951748644,0.5994584107933077,1.574070066845633,76.0,10.36,ok,
pavia_university,60,45,S2-PFCM,,,,,0.6181456577327399,0.5512376629476935,0.6134178229396138,0.6229661492425659,0.5553948296642075,5.098360406531464,106.0,21.57,ok,
pavia_university,60,45,Sr-SSFCM,0.99,5402.034665960694,54.56600672687574,0.968025250587593,0.8135240079552988,0.6779769842630945,0.8041849222975831,0.8148026930989339,0.6809797938263434,1.7010358227273956,5.0,19.35,ok,
pavia_university,60,45,Sw-SSFCM_r1,0.99,5402.034665960694,54.56600672687574,0.9729989642637078,0.8580831518136187,0.736877595206977,0.8580756784441953,0.8590564802693099,0.7394399843403494,1.5316684014836637,5.0,19.38,ok,
pavia_university,60,45,Sw-SSFCM_r2,0.99,5402.034665960694,54.56600672687574,0.9744585920304628,0.8648783028695899,0.747384960973083,0.8630855345576044,0.8656489620347858,0.7496307576196145,1.5339161281958036,5.0,19.4,ok,
pavia_university,60,46,FCM,,,,,0.5181598636234492,0.5325780031846471,0.5119327119628907,0.518515055171124,0.534984045854821,0.3346967681767154,125.0,0.88,ok,
pavia_university,60,46,FCM_S1,,,,,0.5225163367743157,0.5419390783754446,0.5232341066863833,0.5230269309893398,0.544415455134813,0.4036602818649236,125.0,1.9,ok,
pavia_university,60,46,FCM_S2,,,,,0.5244341320200776,0.5431406999317887,0.5205000645868267,0.5249438937722087,0.5456754563755917,0.3838614067969048,225.0,3.57,ok,
pavia_university,60,46,FLICM,,,,,0.5223742778672222,0.543926376022401,0.4997928658115561,0.5222788479521226,0.5462408134515294,0.2947520641582523,195.0,15.4,ok,
pavia_university,60,46,KWFLICM,,,,,0.4516289421346718,0.5158401324270596,0.4649822163303916,0.4525668599214513,0.5176033378367682,1.840145751689084,225.0,2.06,ok,
pavia_university,60,46,SSFCM,,,,,0.5181361871389336,0.5326014186912408,0.5119173088009998,0.5115952870768655,0.5129084362529782,0.3578927912183512,55.0,2.41,ok,
pavia_university,60,46,eSFCM,,,,,0.5552845913438773,0.5553704279424,0.50535059842234,0.548274733495418,0.5397796342053944,0.4977050275160534,115.0,4.91,ok,
pavia_university,60,46,S3FCM,,,,,0.5320342835495786,0.5219328752997148,0.5414760128586937,0.5323078361698148,0.5210658018751636,0.337572211771217,54.0,0.91,ok,
pavia_university,60,46,GS-SPFCM,,,,,0.5716923951131736,0.5418336686768486,0.5979624233477584,0.5731718720778006,0.5440121524470904,40.62679544548124,354.0,41.23,ok,
pavia_university,60,46,Softmax,,,,,0.78352590207406,0.6624326736378259,0.7888514751288449,0.7849261268000748,0.6653882851573893,3.760410707183009,,31.73,ok,
pavia_university,60,46,KFCM,,,,,0.5183729519840894,0.5328516775712875,0.512657260778604,0.5187254535253413,0.5352509355642625,0.335362975507376,50.0,0.49,ok,
pavia_university,60,46,SMUC,,,,,0.6685765697509234,0.6157107638514469,0.5849622300588364,0.669908359827941,0.6174795522974942,1.5762933928845126,121.0,15.82,ok,
pavia_university,60,46,S2-PFCM,,,,,0.5716923951131736,0.5417215979574915,0.5987537122668996,0.5770993080231905,0.5458693742993632,40.88588224794189,226.0,35.38,ok,
pavia_university,60,46,Sr-SSFCM,0.99,5261.9509796788925,53.15101999675654,0.9695064461571284,0.7832654607443886,0.6621620213291027,0.7886482913509325,0.7846455956611184,0.6651014579334791,2.728681755441108,5.0,19.31,ok,
pavia_university,60,46,Sw-SSFCM_r1,0.99,5261.9509796788925,53.15101999675654,0.9740296265572524,0.8182593048584146,0.7130032113652917,0.8347269099644463,0.819478212081541,0.7155985774520215,1.954590472775409,5.0,19.34,ok,
pavia_university,60,46,Sw-SSFCM_r2,0.99,5261.9509796788925,53.15101999675654,0.9753611117218848,0.8245809262240742,0.7223744735560046,0.8392685489249765,0.8257434075182345,0.7249204239342866,1.9323211437866576,5.0,19.36,ok,
pavia_university,60,47,FCM,,,,,0.5179230987782933,0.5325985054029655,0.5116030093028883,0.518515055171124,0.534984045854821,0.3346577853592953,75.0,0.29,ok,
pavia_university,60,47,FCM_S1,,,,,0.5223979543517379,0.5420134604404776,0.5231867562351339,0.5230269309893398,0.544415455134813,0.4036574479486834,120.0,1.04,ok,
pavia_university,60,47,FCM_S2,,,,,0.5243867790510465,0.5433165299277574,0.5205253621312583,0.5249438937722087,0.5456671192016925,0.3838518331773426,210.0,2.8,ok,
pavia_university,60,47,FLICM,,,,,0.5223032484136756,0.5440376159814583,0.4993900021578369,0.5222788479521226,0.5462408134515294,0.2947638443304238,85.0,4.0,ok,
pavia_university,60,47,KWFLICM,,,,,0.372691542759731,0.4790834586899286,0.3449769306545636,0.373059659622218,0.4804959142287909,1.2361366366864786,295.0,1.8,ok,
pavia_university,60,47,SSFCM,,,,,0.5178757458092622,0.5326109819783783,0.5115697761938344,0.5127407892276042,0.5150241567707936,0.3525977633248893,70.0,3.16,ok,
pavia_university,60,47,eSFCM,,,,,0.5335022255895444,0.5334664735870263,0.5049691815409559,0.5281700018702076,0.5152526786586977,0.4732060530237912,55.0,2.36,ok,
pavia_university,60,47,S3FCM,,,,,0.5324131073018278,0.5217454033825731,0.5411435915022168,0.5321208154105106,0.5201483390609216,0.3369475511664948,56.0,0.77,ok,
pavia_university,60,47,GS-SPFCM,,,,,0.5614168008334123,0.5232625061869383,0.598584863369068,0.5634000374041519,0.5258144076670112,3.93888598781508,43.0,5.51,ok,
pavia_university,60,47,Softmax,,,,,0.7785064873567573,0.6499387450443648,0.7872216867847363,0.7803207406022068,0.6535469945313317,2.4853359994866837,,35.64,ok,
pavia_university,60,47,KFCM,,,,,0.5180414812008713,0.5326184442737059,0.5122138709415639,0.5186553207406022,0.5350782029539345,0.3348335491802979,74.0,0.78,ok,
pavia_university,60,47,SMUC,,,,,0.6720096600056824,0.6075616926014602,0.5813407112187711,0.6733448662801571,0.6089659692936403,1.5397832591385885,56.0,6.9,ok,
pavia_university,60,47,S2-PFCM,,,,,0.5613220948953499,0.523207471364382,0.5985160114048675,0.5668599214512811,0.5276307338730339,3.9600650579548295,44.0,9.34,ok,
pavia_university,60,47,Sr-SSFCM,0.99,5188.165049535267,52.40570757106335,0.9678424218011622,0.7780092811819301,0.6498312547495231,0.7867723713745846,0.7798298111090332,0.6534382210851907,2.137248932335152,5.0,19.35,ok,
pavia_university,60,47,Sw-SSFCM_r1,0.99,5188.165049535267,52.40570757106335,0.9721499896282182,0.8095463585566816,0.6964398793496095,0.8222766516429098,0.8111090331026743,0.6995538852825213,1.9594898355533883,5.0,19.38,ok,
pavia_university,60,47,Sw-SSFCM_r2,0.99,5188.165049535267,52.40570757106335,0.973647052931494,0.816104744767497,0.7051233118371362,0.8268610519891055,0.8176313820834112,0.7082523682914047,1.8866234174187853,5.0,19.4,ok,
pavia_university,60,48,FCM,,,,,0.5181835401079647,0.5327494681808667,0.5120271120216149,0.518515055171124,0.534984045854821,0.3346977170705586,115.0,0.81,ok,
pavia_university,60,48,FCM_S1,,,,,0.5224926602898001,0.5420388027533669,0.523268699622134,0.5230269309893398,0.544415455134813,0.403683425785681,125.0,1.91,ok,
pavia_university,60,48,FCM_S2,,,,,0.5245525144426556,0.5432804581055622,0.5206938735919544,0.5249438937722087,0.5456671192016925,0.3838002757267515,210.0,3.7,ok,
pavia_university,60,48,FLICM,,,,,0.5222322189601288,0.543968689214143,0.4996751040418719,0.5222554703572097,0.5461700104440149,0.2948110006569215,85.0,6.05,ok,
pavia_university,60,48,KWFLICM,,,,,0.4368311393124349,0.5011079314485267,0.4261891026697636,0.4381896390499345,0.5024930784876176,1.872182225422772,185.0,2.02,ok,
pavia_university,60,48,SSFCM,,,,,0.5181361871389336,0.5327441754447532,0.5119391953252143,0.5115952870768655,0.510411797794198,0.3552032639860418,100.0,7.11,ok,
pavia_university,60,48,eSFCM,,,,,0.5339047258263093,0.533416173964927,0.5056671673921065,0.5271647652889471,0.511005977251102,0.4827488303317854,60.0,4.88,ok,
pavia_university,60,48,S3FCM,,,,,0.5317975187044228,0.5219448093597604,0.5414276692347413,0.5319805498410324,0.5205739854064946,0.3373185228182169,60.0,1.84,ok,
pavia_university,60,48,GS-SPFCM,,,,,0.6054313855478739,0.5454328817186422,0.6060093118312913,0.606508322423789,0.5477007870534769,16.13834292917348,224.0,35.44,ok,
pavia_university,60,48,Softmax,,,,,0.8014253243678379,0.6664022763552658,0.7813380189200017,0.8028567420983729,0.6694157548898576,7.015331609301273,,21.93,ok,
pavia_university,60,48,KFCM,,,,,0.5183255990150583,0.5328633346153027,0.5126055877137826,0.5186553207406022,0.5350740638438293,0.334894257254869,122.0,0.81,ok,
pavia_university,60,48,SMUC,,,,,0.5274173690690406,0.5719117999571595,0.5238023020223838,0.5305545165513372,0.5709883110250602,4.999394699994016,321.0,32.0,ok,
pavia_university,60,48,S2-PFCM,,,,,0.6052893266407804,0.5453413945527085,0.6062252998007127,0.6102721152047877,0.549469335901674,16.25825716324366,181.0,21.22,ok,
pavia_university,60,48,Sr-SSFCM,0.99,5267.186848355094,53.20390755914241,0.9714278528464384,0.8015437067904158,0.6667245841316297,0.781485641132857,0.8029736300729381,0.669733539132269,4.853371074313908,5.0,19.34,ok,
pavia_university,60,48,Sw-SSFCM_r1,0.99,5267.186848355094,53.20390755914241,0.9758364883778596,0.8503646178615399,0.7310254219402772,0.8350219586365188,0.8515288947073125,0.7336229155018065,3.1853646742777326,5.0,19.37,ok,
pavia_university,60,48,Sw-SSFCM_r2,0.99,5267.186848355094,53.20390755914241,0.9768654345318578,0.8573965337626669,0.7421366234600977,0.8420260555345012,0.858425285206658,0.7445171956861211,3.0518718940285963,5.0,19.39,ok,
pavia_university,60,49,FCM,,,,,0.5181835401079647,0.5327369137422416,0.5121652521531277,0.518515055171124,0.534984045854821,0.334692495276967,120.0,0.43,ok,
pavia_university,60,49,FCM_S1,,,,,0.522445307320769,0.5420985618039383,0.5231579308854175,0.5230269309893398,0.544415455134813,0.4036576147590098,125.0,1.07,ok,
pavia_university,60,49,FCM_S2,,,,,0.5245998674116867,0.5434115972402589,0.520839740598414,0.5249438937722087,0.5456671192016925,0.3838221708423933,215.0,2.73,ok,
pavia_university,60,49,FLICM,,,,,0.5223269248981911,0.5438588653023394,0.4999421187262097,0.5223022255470358,0.546206090454296,0.2947507360297775,105.0,4.94,ok,
pavia_university,60,49,KWFLICM,,,,,0.4540202670707453,0.4990471397686979,0.4197592440743865,0.4551851505517112,0.5005712600851897,1.76043740719962,160.0,1.23,ok,
pavia_university,60,49,SSFCM,,,,,0.5181361871389336,0.5327677536948131,0.5120547867364413,0.5142837104918646,0.5150119696137658,0.3586262768364166,95.0,4.14,ok,
pavia_university,60,49,eSFCM,,,,,0.5339757552798561,0.5333971685069827,0.5059645711678334,0.5299466990835983,0.5174980650475898,0.4775334978699073,50.0,2.15,ok,
pavia_university,60,49,S3FCM,,,,,0.532010607065063,0.5219443451101164,0.542018005604955,0.5325182345240321,0.5210837576618348,0.337479365387911,56.0,0.92,ok,
pavia_university,60,49,GS-SPFCM,,,,,0.6240884553461502,0.5519329986641258,0.620785168443946,0.6251636431643912,0.5542482523654398,8.871107553090022,123.0,14.93,ok,
pavia_university,60,49,Softmax,,,,,0.8100435647315086,0.6758683184822056,0.7950877380695167,0.8111324106975875,0.6786590204869738,1.719526330374035,,26.36,ok,
pavia_university,60,49,KFCM,,,,,0.5183255990150583,0.5328322919471108,0.5127948523791948,0.5186553207406022,0.5350740638438293,0.3349080138688865,115.0,0.45,ok,
pavia_university,60,49,SMUC,,,,,0.5978785869874041,0.6202186739106826,0.5447183794228264,0.5973209276229662,0.6214407192557722,2.572904365807519,106.0,7.59,ok,
pavia_university,60,49,S2-PFCM,,,,,0.6242541907377592,0.5520351011874588,0.6213165536675579,0.628997568730129,0.556275183296471,8.87823192641743,117.0,19.2,ok,
pavia_university,60,49,Sr-SSFCM,0.99,5191.396021015311,52.43834364661935,0.9679240369659012,0.809972535277962,0.6759059372761017,0.794973555302639,0.8110389003179352,0.678680173933708,1.5793775002343098,5.0,19.31,ok,
pavia_university,60,49,Sw-SSFCM_r1,0.99,5191.396021015311,52.43834364661935,0.9726038749652082,0.8526612368595511,0.7305033187825902,0.8481797038493906,0.8536095006545726,0.7330796453861057,1.4188223482632971,5.0,19.35,ok,
pavia_university,60,49,Sw-SSFCM_r2,0.99,5191.396021015311,52.43834364661935,0.9738887395997884,0.8579410929065252,0.7380413478260381,0.8534750255952522,0.8588928371049186,0.7406969114847926,1.4172197768753925,5.0,19.36,ok,
pavia_university,60,50,FCM,,,,,0.5180888341699025,0.5325856406559312,0.5115150439843901,0.518515055171124,0.534984045854821,0.3346766221451474,125.0,0.73,ok,
pavia_university,60,50,FCM_S1,,,,,0.5226347191968936,0.5422432526086587,0.5231448897933803,0.5230269309893398,0.544415455134813,0.4036597139706108,135.0,1.73,ok,
pavia_university,60,50,FCM_S2,,,,,0.5245761909271711,0.5434373750825536,0.520337174077005,0.5249438937722087,0.5456671192016925,0.3838383871802351,220.0,3.41,ok,
pavia_university,60,50,FLICM,,,,,0.4816507245004262,0.5316278179331422,0.4884748530427303,0.4820226295118758,0.533577955896553,0.3969963523659656,170.0,7.99,ok,
pavia_university,60,50,KWFLICM,,,,,0.3723600719765129,0.4792509452098227,0.3446431289136645,0.3727323732934355,0.4805688699538292,1.2373014638556226,290.0,1.78,ok,
pavia_university,60,50,SSFCM,,,,,0.5180414812008713,0.5326235539062892,0.5114231589782192,0.5129044323919955,0.5117161321896329,0.3567533042670106,110.0,4.78,ok,
pavia_university,60,50,eSFCM,,,,,0.5328866369921395,0.5334733879528654,0.5048049524864715,0.5293155040209463,0.5123689138439854,0.4849704001027381,50.0,2.14,ok,
pavia_university,60,50,S3FCM,,,,,0.5322236954257032,0.5220404996793229,0.5412306151159996,0.5323078361698148,0.5205731049042013,0.3366252441618107,66.0,1.0,ok,
pavia_university,60,50,GS-SPFCM,,,,,0.5733971019982953,0.5366920145295444,0.5935062214765814,0.5748550589115392,0.538786052002024,12.153804368610146,178.0,20.92,ok,
pavia_university,60,50,Softmax,,,,,0.7732266313097831,0.6491064313323582,0.7829135254358667,0.7749205161772956,0.6522899307638521,2.4522793700570245,,25.73,ok,
pavia_university,60,50,KFCM,,,,,0.5182072165924804,0.5327061707618802,0.5120850777748766,0.5186553207406022,0.5350782029539345,0.3348114013234188,124.0,0.99,ok,
pavia_university,60,50,SMUC,,,,,0.6114925655838621,0.5637370436935075,0.5540988175516061,0.6135449784926127,0.5642045084199657,4.069710321213168,141.0,13.96,ok,
pavia_university,60,50,S2-PFCM,,,,,0.5732550430912018,0.536696693298736,0.5940965103677892,0.5786422292874509,0.5408349227766555,12.198515890012866,159.0,18.72,ok,
pavia_university,60,50,Sr-SSFCM,0.99,5572.8167537188765,56.29107832039274,0.974405952888636,0.7728478075575339,0.6487496361760702,0.7825712430779808,0.7745464746586871,0.6519373298875947,1.8887807813937223,5.0,19.3,ok,
pavia_university,60,50,Sw-SSFCM_r1,0.99,5572.8167537188765,56.29107832039274,0.9779676912802548,0.8154181267165451,0.694453323353533,0.8264257586150742,0.8168365438563681,0.6973631092456652,1.5326687572129456,5.0,19.34,ok,
pavia_university,60,50,Sw-SSFCM_r2,0.99,5572.8167537188765,56.29107832039274,0.9790016975182008,0.821218865422862,0.7017929502216635,0.830272820568792,0.8226575649897139,0.7047889792597625,1.5475081202780294,5.0,19.36,ok,
pavia_university,60,51,FCM,,,,,0.517946775262809,0.5324366200241584,0.5118512145935041,0.5185384327660371,0.534984950767709,0.3346588085400143,115.0,0.42,ok,
pavia_university,60,51,FCM_S1,,,,,0.52227957192916,0.5417498856688082,0.5231106223235659,0.5230269309893398,0.544415455134813,0.4036693919575617,155.0,1.28,ok,
pavia_university,60,51,FCM_S2,,,,,0.5243157495974997,0.5431282503592177,0.5206173934120186,0.5249438937722087,0.5456671192016925,0.3838465382025254,240.0,2.9,ok,
pavia_university,60,51,FLICM,,,,,0.5220191305994886,0.5439673705738673,0.4994121624402078,0.5222788479521226,0.5461658799869558,0.294785502929119,105.0,4.93,ok,
pavia_university,60,51,KWFLICM,,,,,0.4272421630836253,0.503202112681616,0.4315664898414069,0.4285113147559379,0.5045286392208499,1.3621338738299569,315.0,1.9,ok,
pavia_university,60,51,SSFCM,,,,,0.5178520693247467,0.5324528897022289,0.5117279523887663,0.5155227230222554,0.516709776326086,0.3616301691444534,90.0,3.92,ok,
pavia_university,60,51,eSFCM,,,,,0.5338336963727626,0.5331826754947632,0.5059406934850893,0.5284972881989901,0.519079924649694,0.4841156437313693,125.0,5.33,ok,
pavia_university,60,51,S3FCM,,,,,0.5319159011270007,0.5218675325160447,0.5416402326433263,0.5319571722461193,0.5204060848897579,0.3361160900536449,60.0,0.92,ok,
pavia_university,60,51,GS-SPFCM,,,,,0.576451368500805,0.5327238074770817,0.6053949396884793,0.5783616981484945,0.5354318296119068,4.104968228187027,31.0,3.96,ok,
pavia_university,60,51,Softmax,,,,,0.7948195851879913,0.6758907893920755,0.8001533877511787,0.7963577707125491,0.6789212897250044,1.9645742771461987,,28.61,ok,
pavia_university,60,51,KFCM,,,,,0.5180651576853869,0.5325359636052059,0.512480129810452,0.5186553207406022,0.5350782029539345,0.3348073854555147,104.0,0.45,ok,
pavia_university,60,51,SMUC,,,,,0.5828203428354958,0.615190604471712,0.5425550131103712,0.582709930802319,0.6161008202141215,2.5462647784124424,276.0,21.31,ok,
pavia_university,60,51,S2-PFCM,,,,,0.5763803390472583,0.5327162676568082,0.6053773595771273,0.5817280718159715,0.5369402532932901,4.118069155175921,31.0,4.1,ok,
pavia_university,60,51,Sr-SSFCM,0.99,5179.349696974912,52.31666360580724,0.9719357163634694,0.7946064968273511,0.6754901050958728,0.799827078564469,0.7961473723583318,0.6785251943517474,1.6929818827636531,5.0,19.31,ok,
pavia_university,60,51,Sw-SSFCM_r1,0.99,5179.349696974912,52.31666360580724,0.975710262165382,0.8364428449663794,0.7318123693170405,0.8454478885378365,0.8377361137086217,0.7346029902879231,1.4741813014571874,5.0,19.34,ok,
pavia_university,60,51,Sw-SSFCM_r2,0.99,5179.349696974912,52.31666360580724,0.9766895497485756,0.8425987309404299,0.740587232866733,0.8499504364269302,0.8438610435758369,0.7433507764190236,1.4757074619660997,5.0,19.36,ok,
whuhi_longkou,5,42,FCM,,,,,0.6732470402988797,0.643613759055178,0.4873753527832143,0.6732113697920231,0.6435864893184504,0.2645250065947853,100.0,0.53,ok,
whuhi_longkou,5,42,FCM_S1,,,,,0.6846506305715976,0.6648440915266204,0.5019896200325046,0.6846271181468843,0.6648190340106536,0.4324549897973115,80.0,1.54,ok,
whuhi_longkou,5,42,FCM_S2,,,,,0.684562609720436,0.6619968123613557,0.5005070678365469,0.6845391166606369,0.6619730259616894,0.4103457476358709,65.0,4.26,ok,
whuhi_longkou,5,42,FLICM,,,,,0.709663222443361,0.677206713303087,0.488262591879926,0.7096244292125823,0.677183557540894,0.2425880380798404,280.0,29.72,ok,
whuhi_longkou,5,42,KWFLICM,,,,,0.3759419453586116,0.5356814805612516,0.2929286640560445,0.3759570161629396,0.5356662211465998,13.46693456723245,210.0,2.57,ok,
whuhi_longkou,5,42,SSFCM,,,,,0.5109806011824134,0.5930431856830277,0.3867500509432542,0.5108681835515444,0.5924259719592522,1.7399437665731006,155.0,16.04,ok,
whuhi_longkou,5,42,eSFCM,,,,,0.5382181645696514,0.6013336029763293,0.3977276146659251,0.5380997545736328,0.6007085809866123,3.220295691063833,140.0,14.35,ok,
whuhi_longkou,5,42,S3FCM,,,,,0.6731785796368651,0.6436629604790626,0.4873968509758056,0.6731380352201504,0.6436334721501604,0.2645160325273442,86.0,1.68,ok,
whuhi_longkou,5,42,GS-SPFCM,,,,,0.7528178897489939,0.6643457979889698,0.5021776234520883,0.7527842692454362,0.6643189231879246,2.6522898293650266,21.0,6.58,ok,
whuhi_longkou,5,42,Softmax,,,,,0.8788588585651623,0.7558159886516193,0.7433999758707968,0.8788855100663923,0.755862325644385,3.325781410809073,,3.23,ok,
whuhi_longkou,5,42,Sr-SSFCM,0.99,8921.920811848682,90.12041224089586,0.9577472203606018,0.8786974870046993,0.7557182942790346,0.7431066388426744,0.8787241740082722,0.7557645798143048,1.8026195185781528,5.0,3.63,ok,
whuhi_longkou,5,42,Sw-SSFCM_r1,0.99,8921.920811848682,90.12041224089586,0.95788580936478,0.9097199469918874,0.8055565668641351,0.7934009489925582,0.9097398089389954,0.8055951843641952,1.833205609199993,5.0,3.66,ok,
whuhi_longkou,5,42,Sw-SSFCM_r2,0.99,8921.920811848682,90.12041224089586,0.957597602355737,0.9181552785615436,0.821585945057519,0.8082743755501225,0.918173284704364,0.8216215293966623,1.9006329234643675,5.0,3.68,ok,
whuhi_longkou,5,43,FCM,,,,,0.6732519303461665,0.6436370034826073,0.4873803164973679,0.6732113697920231,0.6435918055254313,0.2645248429664377,115.0,0.59,ok,
whuhi_longkou,5,43,FCM_S1,,,,,0.6846604106661711,0.6648671274516986,0.5019968280067377,0.6846320071183425,0.6648194984645256,0.4324638309604848,115.0,2.0,ok,
whuhi_longkou,5,43,FCM_S2,,,,,0.6845674997677228,0.662023924474261,0.5005309603369168,0.6845440056320952,0.661984370532544,0.4103385379011336,110.0,4.85,ok,
whuhi_longkou,5,43,FLICM,,,,,0.7096583323960742,0.6772136546450114,0.4882513538904651,0.7096195402411241,0.6771830633057112,0.2425887022843419,295.0,31.49,ok,
whuhi_longkou,5,43,KWFLICM,,,,,0.5939060230712431,0.6630157302000681,0.4037404137496734,0.5938829189115193,0.6629932977597824,1.5178017377446438,140.0,2.19,ok,
whuhi_longkou,5,43,SSFCM,,,,,0.673281270629887,0.6436494831644718,0.4874589234127255,0.6731575911059832,0.6430216139707559,0.2673561468593897,125.0,12.85,ok,
whuhi_longkou,5,43,eSFCM,,,,,0.6992963221954356,0.6528089425378429,0.4639057671158576,0.6992158089781072,0.6521742978873821,0.3401243052835649,90.0,9.18,ok,
whuhi_longkou,5,43,S3FCM,,,,,0.6731736895895784,0.6436709170168384,0.4873986209498467,0.6731380352201504,0.6436269779863727,0.2644962354448374,76.0,1.64,ok,
whuhi_longkou,5,43,GS-SPFCM,,,,,0.7317955764632244,0.6470675025893794,0.4746255855301474,0.7317910258039914,0.6470237760207518,1.6366443119701546,25.0,7.66,ok,
whuhi_longkou,5,43,Softmax,,,,,0.8440270517415903,0.7375668346192173,0.6676591576810359,0.8440613663697432,0.7375985062333795,0.6286717153373699,,3.24,ok,
whuhi_longkou,5,43,Sr-SSFCM,0.99,12372.603212609409,124.97579002635776,0.9770008778586114,0.8440074915524434,0.7377277075314311,0.667629864814386,0.8440418104839104,0.7377592899504357,0.4945112184343393,5.0,3.59,ok,
whuhi_longkou,5,43,Sw-SSFCM_r1,0.99,12372.603212609409,124.97579002635776,0.9775842047612302,0.8643843185963608,0.7759917676973737,0.6963544322068395,0.8644043766072493,0.7760169367940847,0.5541419850395889,5.0,3.63,ok,
whuhi_longkou,5,43,Sw-SSFCM_r2,0.99,12372.603212609409,124.97579002635776,0.9779496386792118,0.8694259573490075,0.786077395155395,0.7052718067262569,0.8694497951520959,0.7861018303314461,0.5638477024995575,5.0,3.65,ok,
whuhi_longkou,5,44,FCM,,,,,0.67326171044074,0.643652197540459,0.4873595409720239,0.673235814649314,0.6436094717034151,0.2645271981523054,125.0,0.73,ok,
whuhi_longkou,5,44,FCM_S1,,,,,0.6846701907607446,0.6648710876036159,0.5020460138916683,0.6846320071183425,0.6648194984645256,0.4324642436534254,120.0,2.15,ok,
whuhi_longkou,5,44,FCM_S2,,,,,0.684582169909583,0.6620259086694739,0.5005837316179647,0.6845391166606369,0.6619734792295532,0.4103442647726299,120.0,4.97,ok,
whuhi_longkou,5,44,FLICM,,,,,0.6701663105082226,0.682837264806157,0.4196154930488044,0.6701215398304504,0.6827976156588529,0.2224637147065591,250.0,26.55,ok,
whuhi_longkou,5,44,KWFLICM,,,,,0.384656009623613,0.5135892485550744,0.2255181064523419,0.3846496074155919,0.5135574070093207,44.27276925866326,845.0,5.96,ok,
whuhi_longkou,5,44,SSFCM,,,,,0.5109806011824134,0.5930262275614383,0.3867420814386753,0.5108681835515444,0.5923678890872361,1.7440409682935192,155.0,15.91,ok,
whuhi_longkou,5,44,eSFCM,,,,,0.5367511503836242,0.6076567681704951,0.395854041680621,0.5367063977080502,0.6071767166130931,13.194321907350137,340.0,34.63,ok,
whuhi_longkou,5,44,S3FCM,,,,,0.6732470402988797,0.6436248197621469,0.4873541077694298,0.6732211477349396,0.6435821031166309,0.2645590917909663,112.0,2.08,ok,
whuhi_longkou,5,44,GS-SPFCM,,,,,0.7655222325999892,0.6704767113150297,0.5195914757665633,0.7655004840081744,0.6704434983488389,4.18056451124324,42.0,12.46,ok,
whuhi_longkou,5,44,Softmax,,,,,0.8723550956737751,0.7537994662006255,0.7139073264231829,0.8723831780270067,0.7538395283460003,7.935700637527341,,3.25,ok,
whuhi_longkou,5,44,Sr-SSFCM,0.99,7758.209927778535,78.36575684624789,0.9605466462667732,0.8719932321745552,0.753390911222495,0.7135080120901297,0.8720213941391011,0.7534309970120023,5.136692651329628,5.0,3.62,ok,
whuhi_longkou,5,44,Sw-SSFCM_r1,0.99,7758.209927778535,78.36575684624789,0.9603757039693828,0.9009472021594448,0.8038476671922168,0.7571780087708799,0.900964105171554,0.8038759678749832,4.997271421695104,5.0,3.66,ok,
whuhi_longkou,5,44,Sw-SSFCM_r2,0.99,7758.209927778535,78.36575684624789,0.9604565822527762,0.9075829963275744,0.8178316836830197,0.7670396023349754,0.9075984394403106,0.817856817420169,5.306078182243452,5.0,3.67,ok,
whuhi_longkou,5,45,FCM,,,,,0.67326171044074,0.6436300071225649,0.4873906098871497,0.6732113697920231,0.6435918055254313,0.2645247587048324,115.0,0.59,ok,
whuhi_longkou,5,45,FCM_S1,,,,,0.6846848609026049,0.6648677882506381,0.5020501847141323,0.6846368960898006,0.6648199630084939,0.432469572165329,115.0,1.99,ok,
whuhi_longkou,5,45,FCM_S2,,,,,0.6845870599568697,0.6620276482646509,0.500581268996479,0.6845440056320952,0.6619857037210236,0.4103152391640288,105.0,4.78,ok,
whuhi_longkou,5,45,FLICM,,,,,0.7096730025379345,0.6772230355329462,0.4882831928464211,0.7096244292125823,0.6771871745908632,0.2425869783394801,290.0,30.96,ok,
whuhi_longkou,5,45,KWFLICM,,,,,0.5638664625886932,0.6426822263883214,0.4517685258332629,0.5638646341582658,0.6426662292994311,3.891509578315976,210.0,2.56,ok,
whuhi_longkou,5,45,SSFCM,,,,,0.5110148315134208,0.5930190203543332,0.3867457144350278,0.5109024063517518,0.5925270433481982,1.7445632165254956,150.0,15.41,ok,
whuhi_longkou,5,45,eSFCM,,,,,0.5383599759409673,0.6013682648089625,0.3978365394321644,0.5382415347459202,0.6008898330759759,3.224592253225955,135.0,13.78,ok,
whuhi_longkou,5,45,S3FCM,,,,,0.6731639094950048,0.6436070490595297,0.4874554247100509,0.6731184793343177,0.6435754102862435,0.2645116435103955,60.0,1.43,ok,
whuhi_longkou,5,45,GS-SPFCM,,,,,0.7594536839171234,0.6667192614858609,0.5117431734794158,0.75939904762836,0.6666566364598097,3.527542253755493,28.0,8.58,ok,
whuhi_longkou,5,45,Softmax,,,,,0.7996156422832609,0.7420296245329273,0.6968422314339073,0.7996597275865104,0.7420687852189107,8.433142991166115,,3.24,ok,
whuhi_longkou,5,45,Sr-SSFCM,0.99,10461.648495013747,105.67321712135109,0.97837928318576,0.7995765219049669,0.7420978960124991,0.6969006653049343,0.7996206158148449,0.7421370296164482,3.3314574638970065,5.0,3.68,ok,
whuhi_longkou,5,45,Sw-SSFCM_r1,0.99,10461.648495013747,105.67321712135109,0.9789062065320916,0.8252835004914497,0.7758275160671401,0.7301165639142609,0.8253219387705215,0.7758623029007593,4.719237568524246,5.0,3.71,ok,
whuhi_longkou,5,45,Sw-SSFCM_r2,0.99,10461.648495013747,105.67321712135109,0.9790488587789784,0.8337579524394001,0.784481482239863,0.7344239657280383,0.8337945263075555,0.7845145794192916,5.272518231502574,5.0,3.73,ok,
whuhi_longkou,5,46,FCM,,,,,0.5110979623172957,0.5930325390196124,0.3867434615131343,0.5110979652100791,0.5930206273220816,1.7282479490918925,165.0,0.8,ok,
whuhi_longkou,5,46,FCM_S1,,,,,0.5392793048308777,0.6144775751497745,0.4073914525618807,0.5392731077235972,0.6144672467740685,1.849467240480795,150.0,2.45,ok,
whuhi_longkou,5,46,FCM_S2,,,,,0.5349467229348108,0.6107745716517428,0.4047686683154194,0.5349414790116456,0.6107660534976722,1.823649183950526,135.0,5.17,ok,
whuhi_longkou,5,46,FLICM,,,,,0.5460960307486173,0.6413925136361929,0.3801354382511002,0.5460590001075574,0.6413645515617401,2.3121163825958653,205.0,21.74,ok,
whuhi_longkou,5,46,KWFLICM,,,,,0.4903935021051653,0.5665241900381611,0.3002936585755476,0.4903833931417508,0.5665163691198425,3.582210236191909,150.0,2.24,ok,
whuhi_longkou,5,46,SSFCM,,,,,0.673281270629887,0.6436200483965645,0.4874489173509078,0.6731331462486922,0.6431360018455028,0.2663404588586782,120.0,12.41,ok,
whuhi_longkou,5,46,eSFCM,,,,,0.699188741155127,0.6527585619208299,0.463914513437252,0.6990593618914452,0.6521997842775054,0.3395251981112417,80.0,8.21,ok,
whuhi_longkou,5,46,S3FCM,,,,,0.673139459258571,0.6435698165223207,0.4874682730251259,0.6730891455055685,0.6435227012550839,0.264558129581275,70.0,1.77,ok,
whuhi_longkou,5,46,GS-SPFCM,,,,,0.7128515332743267,0.6708112859156411,0.4377334013173141,0.712821816546235,0.6707446760520109,3.191672036717845,39.0,11.73,ok,
whuhi_longkou,5,46,Softmax,,,,,0.8531420998841058,0.7180118937127574,0.7148568536255084,0.8531744091677993,0.7180659594108567,3.493199920451884,,3.21,ok,
whuhi_longkou,5,46,Sr-SSFCM,0.99,9384.948454727755,94.7974591386643,0.972241579570396,0.8531225396949589,0.7182796183248666,0.7148276751929203,0.8531548532819665,0.718333523619907,2.5935426655383176,5.0,3.64,ok,
whuhi_longkou,5,46,Sw-SSFCM_r1,0.99,9384.948454727755,94.7974591386643,0.9720286911920496,0.8907661237084162,0.7750334821052369,0.7765417094121152,0.8907852665956136,0.7750748928814685,2.77140794890641,5.0,3.74,ok,
whuhi_longkou,5,46,Sw-SSFCM_r2,0.99,9384.948454727755,94.7974591386643,0.971846603736097,0.8982919064827357,0.7899595371684183,0.7879145039821925,0.8983093936697597,0.7899976914808353,2.8934359790852797,5.0,3.75,ok,
whuhi_longkou,5,47,FCM,,,,,0.5110686220335751,0.5930430229732598,0.3867185505099694,0.5110832982957045,0.5930197765178319,1.7282521652327705,160.0,0.78,ok,
whuhi_longkou,5,47,FCM_S1,,,,,0.5392597446417307,0.6144744851870332,0.4073771736417872,0.5392682187521389,0.6144646487483952,1.8494701614969893,135.0,2.25,ok,
whuhi_longkou,5,47,FCM_S2,,,,,0.534922272698377,0.6107901505634815,0.4047406900074464,0.5349414790116456,0.6107660534976722,1.8236476310606051,120.0,4.98,ok,
whuhi_longkou,5,47,FLICM,,,,,0.5460520203230366,0.6413828294331008,0.3800886676303696,0.5460443331931828,0.6413580700493139,2.3121065655803803,205.0,21.75,ok,
whuhi_longkou,5,47,KWFLICM,,,,,0.5103693452715687,0.6061669547514532,0.3655130333194661,0.5103450636055187,0.6061749346668942,19.26471882065397,260.0,2.83,ok,
whuhi_longkou,5,47,SSFCM,,,,,0.5109854912297002,0.59302932970922,0.3866593704555028,0.5109219622375845,0.5924552458963246,1.7431325994322318,165.0,17.06,ok,
whuhi_longkou,5,47,eSFCM,,,,,0.5363990669789777,0.6076218760874348,0.3956801769120304,0.536305502048479,0.6069714585755565,13.051627348090774,330.0,33.63,ok,
whuhi_longkou,5,47,S3FCM,,,,,0.6732274801097327,0.6436184048165164,0.4873865966200904,0.6732455925922305,0.6436075304492426,0.2647400176348225,107.0,2.17,ok,
whuhi_longkou,5,47,GS-SPFCM,,,,,0.6955847763047869,0.6445482942076748,0.4929612203914538,0.6955930811275923,0.6445410981051287,0.7782879990453426,35.0,10.52,ok,
whuhi_longkou,5,47,Softmax,,,,,0.8174349745962044,0.7225756895761374,0.6765315788000136,0.8174751395801352,0.7226139634005395,0.7155890606048877,,3.25,ok,
whuhi_longkou,5,47,Sr-SSFCM,0.99,8779.193333527755,88.67872054068448,0.9695560827020188,0.817361623886903,0.7226810029270654,0.6765131562106513,0.8174018050082623,0.7227192261396996,0.6323895698756407,5.0,3.61,ok,
whuhi_longkou,5,47,Sw-SSFCM_r1,0.99,8779.193333527755,88.67872054068448,0.969340726653166,0.8438510100392671,0.7660768777812428,0.7184171641962392,0.8438853633972485,0.7661101241625823,0.6294695316046444,5.0,3.64,ok,
whuhi_longkou,5,47,Sw-SSFCM_r2,0.99,8779.193333527755,88.67872054068448,0.9700267362139012,0.8486236961911422,0.776140876047235,0.7258647547255631,0.8486569995404367,0.7761725346115821,0.6619196883025764,5.0,3.66,ok,
whuhi_longkou,5,48,FCM,,,,,0.6732763805826002,0.6436557260746948,0.487376540743196,0.6732407036207723,0.6436161010022903,0.2645275795099779,130.0,0.65,ok,
whuhi_longkou,5,48,FCM_S1,,,,,0.6846604106661711,0.6648450483621213,0.5020157358692823,0.6846320071183425,0.6648194984645256,0.4324629100128836,130.0,2.23,ok,
whuhi_longkou,5,48,FCM_S2,,,,,0.6845723898150096,0.6620164308058454,0.5005611181082844,0.6845440056320952,0.6619907925367011,0.410319721728901,125.0,5.04,ok,
whuhi_longkou,5,48,FLICM,,,,,0.7096583323960742,0.6772091820719144,0.4882763294765005,0.7096244292125823,0.6771883127534962,0.2425875862953569,300.0,31.81,ok,
whuhi_longkou,5,48,KWFLICM,,,,,0.4299525176408456,0.5861069007189023,0.2877270027354907,0.4299508169471306,0.5861118322382687,18.540211036665543,510.0,4.18,ok,
whuhi_longkou,5,48,SSFCM,,,,,0.5109806011824134,0.5930239597619842,0.3867125409238094,0.5108926284088353,0.592444943536645,1.7400907446565708,155.0,16.02,ok,
whuhi_longkou,5,48,eSFCM,,,,,0.5365946688704479,0.6075898235423619,0.3957285821623981,0.5365255057640973,0.606946886506897,13.166709779984416,340.0,34.87,ok,
whuhi_longkou,5,48,S3FCM,,,,,0.6730807786911299,0.6435756850329101,0.4874966716827968,0.6730451447624449,0.6435339978835132,0.2644552875701978,79.0,1.72,ok,
whuhi_longkou,5,48,GS-SPFCM,,,,,0.7031790197411208,0.6424630293353473,0.4953209315420631,0.7031709868877786,0.6424468918188312,3.352336823388172,31.0,9.4,ok,
whuhi_longkou,5,48,Softmax,,,,,0.8609074949754764,0.7442102256797155,0.7145797661670346,0.8609380958433964,0.7442521070258978,6.585506628046823,,3.21,ok,
whuhi_longkou,5,48,Sr-SSFCM,0.99,9204.933742304593,92.97912871014748,0.964881288660005,0.860755903509587,0.744188553892153,0.7144607069461664,0.8607865377281927,0.7442304123846011,5.997069209565414,5.0,3.6,ok,
whuhi_longkou,5,48,Sw-SSFCM_r1,0.99,9204.933742304593,92.97912871014748,0.9637270059954874,0.8982723462935887,0.7963819341743996,0.7757138470002951,0.8982947267553852,0.7964187084328707,4.268759139339099,5.0,3.63,ok,
whuhi_longkou,5,48,Sw-SSFCM_r2,0.99,9204.933742304593,92.97912871014748,0.9636506599686548,0.9075340958547068,0.8110383180746558,0.792594505465009,0.9075544386971868,0.8110732441945249,4.218527179981555,5.0,3.65,ok,
whuhi_longkou,5,49,FCM,,,,,0.51115175283745,0.5930373566567586,0.386776085957719,0.5111370769817446,0.5930310383194051,1.728252275136556,165.0,0.8,ok,
whuhi_longkou,5,49,FCM_S1,,,,,0.5392597446417307,0.6144576259128892,0.4073452759845041,0.5392584408092226,0.6144560038984901,1.849460271779974,185.0,2.9,ok,
whuhi_longkou,5,49,FCM_S2,,,,,0.5349418328875241,0.6107678727248312,0.4047426493166035,0.5349414790116456,0.6107679325934143,1.8236518439680809,155.0,5.43,ok,
whuhi_longkou,5,49,FLICM,,,,,0.54606180041761,0.6413771862415488,0.3800278057677169,0.5460590001075574,0.6413645515617401,2.312114242717456,230.0,24.39,ok,
whuhi_longkou,5,49,KWFLICM,,,,,0.6077106265617589,0.6550640885406441,0.438529470937586,0.6076893743094328,0.6550595441233042,1.293976441982859,125.0,2.15,ok,
whuhi_longkou,5,49,SSFCM,,,,,0.6732323701570194,0.643627386689565,0.4873514898567939,0.6730842565341103,0.6428659766804558,0.2672727849981584,115.0,11.81,ok,
whuhi_longkou,5,49,eSFCM,,,,,0.6991105003985388,0.6527028172636111,0.4636892966286167,0.6989566934908235,0.651920986563956,0.3409727323179971,80.0,8.16,ok,
whuhi_longkou,5,49,S3FCM,,,,,0.6731981398260121,0.6436074680366544,0.4873513737143064,0.6731918139061904,0.6435942823040454,0.2646312309350886,60.0,1.65,ok,
whuhi_longkou,5,49,GS-SPFCM,,,,,0.7527396489924058,0.6685476988807392,0.4605276752645749,0.7526913787877306,0.6684811764120532,3.819490437088349,40.0,11.59,ok,
whuhi_longkou,5,49,Softmax,,,,,0.8672205460226801,0.7445115536395942,0.6941058524072304,0.8672497579959129,0.7445478941635724,1.1237040964338016,,3.19,ok,
whuhi_longkou,5,49,Sr-SSFCM,0.99,9620.298434808354,97.17473166473091,0.9626470465531914,0.8670493943676435,0.7443454213261493,0.6940053332834005,0.8670786439948763,0.7443817660091648,0.8123929361387187,5.0,3.61,ok,
whuhi_longkou,5,49,Sw-SSFCM_r1,0.99,9620.298434808354,97.17473166473091,0.961247779675922,0.8968737927695761,0.7928059659195364,0.7528220787958602,0.8968964809183444,0.7928379881746959,0.9511496985436632,5.0,3.65,ok,
whuhi_longkou,5,49,Sw-SSFCM_r2,0.99,9620.298434808354,97.17473166473091,0.9610048909103164,0.9044338058749029,0.8074445260449243,0.7691556448674532,0.9044548307926978,0.8074749120777912,0.967450467087932,5.0,3.66,ok,
whuhi_longkou,5,50,FCM,,,,,0.6732519303461665,0.6436316016685214,0.4873968366296462,0.6732162587634813,0.6435931141919231,0.264525894233456,115.0,0.67,ok,
whuhi_longkou,5,50,FCM_S1,,,,,0.6846604106661711,0.664858974225291,0.5020353325306265,0.6846320071183425,0.6648239016120097,0.4324427809925908,115.0,2.0,ok,
whuhi_longkou,5,50,FCM_S2,,,,,0.684562609720436,0.6620047294245998,0.5005269418039737,0.6845391166606369,0.6619730259616894,0.4103480672041316,115.0,4.91,ok,
whuhi_longkou,5,50,FLICM,,,,,0.7096583323960742,0.6772132879581964,0.4882673595867081,0.7096244292125823,0.677183557540894,0.2425879580483853,295.0,31.3,ok,
whuhi_longkou,5,50,KWFLICM,,,,,0.5938962429766695,0.6630216008094713,0.403714941821692,0.5938780299400612,0.6629933093470407,1.5177806021087217,145.0,2.21,ok,
whuhi_longkou,5,50,SSFCM,,,,,0.6732666004880267,0.6436380578767156,0.4874305715283618,0.6731429241916086,0.64303880562845,0.2657261281633358,115.0,11.8,ok,
whuhi_longkou,5,50,eSFCM,,,,,0.6990860501621051,0.6527879435603442,0.4637576280146019,0.6989322486335324,0.6522729372835899,0.3393807605546884,80.0,8.17,ok,
whuhi_longkou,5,50,S3FCM,,,,,0.6732274801097327,0.643642920997518,0.4875238683013452,0.673206480820565,0.6436162995479251,0.2646799106656973,87.0,1.94,ok,
whuhi_longkou,5,50,GS-SPFCM,,,,,0.7285241348283837,0.6497994552803644,0.4983571783443374,0.7284909700697167,0.6497785183794361,8.415765763222005,29.0,8.79,ok,
whuhi_longkou,5,50,Softmax,,,,,0.8522863416089234,0.7362815999232614,0.6953884743334028,0.852318839162617,0.736322883076146,4.217398853247006,,3.2,ok,
whuhi_longkou,5,50,Sr-SSFCM,0.99,9140.979372155867,92.33312497127147,0.972213323269142,0.8520467292918723,0.7362993105698887,0.6952532441230654,0.8520792795611659,0.7363405433492004,2.806565273238654,5.0,3.61,ok,
whuhi_longkou,5,50,Sw-SSFCM_r1,0.99,9140.979372155867,92.33312497127147,0.9721228157181244,0.8829567181914649,0.7828954269476368,0.7458413952898071,0.8829775791768928,0.7829279215626799,3.0053812048778874,5.0,3.64,ok,
whuhi_longkou,5,50,Sw-SSFCM_r2,0.99,9140.979372155867,92.33312497127147,0.9725236383794814,0.892101106617701,0.7993847969886947,0.7614303739524986,0.8921199558036981,0.7994146257684025,3.12265420708159,5.0,3.66,ok,
whuhi_longkou,5,51,FCM,,,,,0.6732323701570194,0.64361135546443,0.4873538859772036,0.6732113697920231,0.6435864893184504,0.2645251443650382,90.0,0.48,ok,
whuhi_longkou,5,51,FCM_S1,,,,,0.6846408504770242,0.6648349944750523,0.5019893607785699,0.6846271181468843,0.6648190340106536,0.4324552713484016,85.0,1.61,ok,
whuhi_longkou,5,51,FCM_S2,,,,,0.6845381594840022,0.6619701792099945,0.500484216767688,0.6845244497462624,0.6619543026267009,0.4103621718340289,75.0,4.39,ok,
whuhi_longkou,5,51,FLICM,,,,,0.709663222443361,0.6772010115126497,0.4882806614109009,0.7096244292125823,0.677183557540894,0.2425881660178508,290.0,30.79,ok,
whuhi_longkou,5,51,KWFLICM,,,,,0.5939304733076769,0.6630188265273529,0.4037467967195697,0.5939024747973521,0.663012781441587,1.5181664065420284,205.0,2.53,ok,
whuhi_longkou,5,51,SSFCM,,,,,0.673339951197328,0.6436886950344921,0.4874080003398517,0.6731918139061904,0.6428653022792011,0.2675091423087511,80.0,8.21,ok,
whuhi_longkou,5,51,eSFCM,,,,,0.6989100084597818,0.6526561704402533,0.4635809037555611,0.6987806905183288,0.6518083995526762,0.3409952189069748,45.0,4.6,ok,
whuhi_longkou,5,51,S3FCM,,,,,0.6731687995422916,0.6436192750477232,0.4873588785282545,0.6731673690488995,0.6435930341104883,0.2645486020509186,64.0,1.38,ok,
whuhi_longkou,5,51,GS-SPFCM,,,,,0.7488178310684265,0.6740618633593973,0.5112269852888116,0.7487948685355574,0.6740401687812624,3.6036618649144905,24.0,7.67,ok,
whuhi_longkou,5,51,Softmax,,,,,0.8024274194731463,0.678538158857434,0.6447167105775918,0.8024708861749665,0.678586591304869,1.1706318466038157,,3.23,ok,
whuhi_longkou,5,51,Sr-SSFCM,0.99,11754.43773049159,118.73169424738992,0.9711482195225394,0.8024812099933006,0.6787122567237396,0.6446334126301426,0.8025246648610065,0.6787606122798983,1.0362739621234986,5.0,3.62,ok,
whuhi_longkou,5,51,Sw-SSFCM_r1,0.99,11754.43773049159,118.73169424738992,0.97295238889172,0.8255915734705155,0.7137889579839266,0.682191381757953,0.8256299439723871,0.7138347570356605,0.9754787795525968,5.0,3.65,ok,
whuhi_longkou,5,51,Sw-SSFCM_r2,0.99,11754.43773049159,118.73169424738992,0.9732420896504596,0.8313667193161758,0.7237810636998514,0.6908051150705666,0.8314038192645031,0.7238255560042957,0.9522531448021542,5.0,3.68,ok,
whuhi_longkou,10,42,FCM,,,,,0.6732631620135777,0.6436389913657787,0.4873165731023892,0.6732113697920231,0.6435864893184504,0.2645250065947853,100.0,0.52,ok,
whuhi_longkou,10,42,FCM_S1,,,,,0.6846545888521511,0.6648536587908577,0.501921571199542,0.6846271181468843,0.6648190340106536,0.4324549897973115,80.0,1.54,ok,
whuhi_longkou,10,42,FCM_S2,,,,,0.6845861131219063,0.6620162635010824,0.500475292114873,0.6845391166606369,0.6619730259616894,0.4103457476358709,65.0,4.27,ok,
whuhi_longkou,10,42,FLICM,,,,,0.7097069238745525,0.6772289043007707,0.488283679417143,0.7096244292125823,0.677183557540894,0.2425880380798404,280.0,29.76,ok,
whuhi_longkou,10,42,KWFLICM,,,,,0.3760002347739322,0.5357114650760596,0.2929566234809146,0.3759570161629396,0.5356662211465998,13.46693456723245,210.0,2.56,ok,
whuhi_longkou,10,42,SSFCM,,,,,0.5108387298730265,0.5930222678685652,0.3866482999355851,0.5106139570357189,0.5918463320506914,1.7532000780843018,155.0,16.03,ok,
whuhi_longkou,10,42,eSFCM,,,,,0.5386105296108622,0.6013248992574907,0.397735174971308,0.5383735369752911,0.6001363054605954,3.2124580313188904,145.0,14.76,ok,
whuhi_longkou,10,42,S3FCM,,,,,0.6733463111145892,0.64367258891308,0.4873684271729843,0.6732895933353541,0.6436147031791855,0.264773090491559,98.0,1.83,ok,
whuhi_longkou,10,42,GS-SPFCM,,,,,0.7270899771095416,0.6524644281023488,0.5008353105623028,0.7270438345180941,0.6523897528291903,2.482716065514736,22.0,6.85,ok,
whuhi_longkou,10,42,Softmax,,,,,0.8751100502807505,0.7696199340468082,0.7470827678578524,0.8751650027867137,0.7697003307414919,1.1375379352326378,,5.12,ok,
whuhi_longkou,10,42,Sr-SSFCM,0.99,10320.749425837814,104.24999420038203,0.9605827982227744,0.8749046230900163,0.7695012630975475,0.7466875524391995,0.8749596659854699,0.769581580996725,0.9191501530460514,5.0,5.79,ok,
whuhi_longkou,10,42,Sw-SSFCM_r1,0.99,10320.749425837814,104.24999420038203,0.9585705142031924,0.9049507952966956,0.8163703306410538,0.8017836305182768,0.90498772868164,0.816428917783864,0.9209698732875364,5.0,5.81,ok,
whuhi_longkou,10,42,Sw-SSFCM_r2,0.99,10320.749425837814,104.24999420038203,0.9583144578312762,0.9118130416919374,0.8296690549975031,0.8148671823974579,0.911846955637473,0.8297231040198021,0.9361207814699436,5.0,5.88,ok,
whuhi_longkou,10,43,FCM,,,,,0.6732240330248664,0.643628364068332,0.4872390976366421,0.6732113697920231,0.6435918055254313,0.2645248429664377,115.0,0.59,ok,
whuhi_longkou,10,43,FCM_S1,,,,,0.6846448066049733,0.6648636108139682,0.5018925996014537,0.6846320071183425,0.6648194984645256,0.4324638309604848,115.0,2.0,ok,
whuhi_longkou,10,43,FCM_S2,,,,,0.6845665486275507,0.6620325999220648,0.5004482407895645,0.6845440056320952,0.661984370532544,0.4103385379011336,110.0,4.85,ok,
whuhi_longkou,10,43,FLICM,,,,,0.7096580126386633,0.677216103601582,0.4881526445641939,0.7096195402411241,0.6771830633057112,0.2425887022843419,295.0,31.28,ok,
whuhi_longkou,10,43,KWFLICM,,,,,0.5939095729070882,0.6630150112406389,0.4036928069808947,0.5938829189115193,0.6629932977597824,1.5178017377446438,140.0,2.18,ok,
whuhi_longkou,10,43,SSFCM,,,,,0.6732142507776887,0.6436238059264302,0.4872762793399084,0.672966921219114,0.6424533327392024,0.2697190719814479,125.0,12.83,ok,
whuhi_longkou,10,43,eSFCM,,,,,0.6993279596188836,0.6528130210113319,0.4639086663023887,0.6991669192635254,0.6516281920118626,0.3415968986852391,90.0,9.19,ok,
whuhi_longkou,10,43,S3FCM,,,,,0.6731115371823215,0.6436031621065241,0.4872949565711983,0.6730647006482776,0.6435412896370241,0.2646203122386461,74.0,1.6,ok,
whuhi_longkou,10,43,GS-SPFCM,,,,,0.7809363566998611,0.6680354027227897,0.516114812326743,0.7809056330729142,0.6679856032020076,2.3139243009689663,39.0,11.63,ok,
whuhi_longkou,10,43,Softmax,,,,,0.8706444544440749,0.7553206715146621,0.7289490458325766,0.870696482873933,0.7553940061990643,1.2387917329692062,,5.13,ok,
whuhi_longkou,10,43,Sr-SSFCM,0.99,8785.218860485407,88.73958444934763,0.9620089201578288,0.8705857609610079,0.7555238671389417,0.7290042891734163,0.8706329262449766,0.7555868814629116,0.7726049623008171,5.0,5.73,ok,
whuhi_longkou,10,43,Sw-SSFCM_r1,0.99,8785.218860485407,88.73958444934763,0.9623428772359748,0.8992917653043258,0.8020345581187338,0.7740766185892435,0.8993262997330621,0.8020795128946989,0.7511220972087005,5.0,5.76,ok,
whuhi_longkou,10,43,Sw-SSFCM_r2,0.99,8785.218860485407,88.73958444934763,0.9622704449288596,0.9054888188914756,0.814019249066498,0.7816778850929782,0.905520626570582,0.8140568859063855,0.7678049699223731,5.0,5.79,ok,
whuhi_longkou,10,44,FCM,,,,,0.6732925087551113,0.6436794911817385,0.4873550502420904,0.673235814649314,0.6436094717034151,0.2645271981523054,125.0,0.63,ok,
whuhi_longkou,10,44,FCM_S1,,,,,0.6846741533465067,0.6648615198196061,0.5020064384091764,0.6846320071183425,0.6648194984645256,0.4324642436534254,120.0,2.06,ok,
whuhi_longkou,10,44,FCM_S2,,,,,0.6845812219983175,0.6620155123439339,0.5005166843795126,0.6845391166606369,0.6619734792295532,0.4103442647726299,120.0,4.98,ok,
whuhi_longkou,10,44,FLICM,,,,,0.6702062097705085,0.6828557763741832,0.4196386237053471,0.6701215398304504,0.6827976156588529,0.2224637147065591,250.0,26.53,ok,
whuhi_longkou,10,44,KWFLICM,,,,,0.3847015436386046,0.5136100862124999,0.2255161611953019,0.3846496074155919,0.5135574070093207,44.27276925866326,845.0,6.06,ok,
whuhi_longkou,10,44,SSFCM,,,,,0.5110392659401718,0.5930182761161001,0.3866745813452535,0.5108144048655044,0.591806315052251,1.762288730432101,155.0,15.93,ok,
whuhi_longkou,10,44,eSFCM,,,,,0.5360867098389842,0.6077899848801853,0.3946159774125937,0.5359974968466135,0.6068891289081502,13.09982935440327,370.0,37.72,ok,
whuhi_longkou,10,44,S3FCM,,,,,0.6731995774069219,0.643637622572038,0.4874333588449089,0.6731135903628594,0.6435761536214386,0.2645981389583514,80.0,1.71,ok,
whuhi_longkou,10,44,GS-SPFCM,,,,,0.730856142273003,0.6495578434144798,0.5044986931089839,0.7308181204838126,0.6495309220778915,6.997092302253477,146.0,41.32,ok,
whuhi_longkou,10,44,Softmax,,,,,0.8600502807504941,0.7615977917917037,0.7248643321436995,0.8601118596669632,0.7616738412045923,4.825176227947762,,5.1,ok,
whuhi_longkou,10,44,Sr-SSFCM,0.99,8328.282178272359,84.12406240679157,0.9597771707529296,0.8599671316494826,0.7617392488295873,0.7248076965295345,0.8600287471521741,0.7618151526367257,3.841194475988368,5.0,5.75,ok,
whuhi_longkou,10,44,Sw-SSFCM_r1,0.99,8328.282178272359,84.12406240679157,0.960120688529986,0.8817521961144914,0.79622516048715,0.7634335642914083,0.8817944480840121,0.7962869089529169,2.981312810383555,5.0,5.78,ok,
whuhi_longkou,10,44,Sw-SSFCM_r2,0.99,8328.282178272359,84.12406240679157,0.9603203629228092,0.888472599925655,0.8057303155675976,0.7720616573831371,0.8885118948675578,0.8057890232745112,3.5865699396112145,5.0,5.8,ok,
whuhi_longkou,10,45,FCM,,,,,0.6732387063956332,0.6436372855295801,0.4872952735155643,0.6732113697920231,0.6435918055254313,0.2645247587048324,115.0,0.59,ok,
whuhi_longkou,10,45,FCM_S1,,,,,0.6846594799757401,0.6648641349603933,0.5019313230000337,0.6846368960898006,0.6648199630084939,0.432469572165329,115.0,2.06,ok,
whuhi_longkou,10,45,FCM_S2,,,,,0.6845665486275507,0.6620297106123589,0.5004734400019389,0.6845440056320952,0.6619857037210236,0.4103152391640288,105.0,4.78,ok,
whuhi_longkou,10,45,FLICM,,,,,0.7096971416273746,0.6772407738315992,0.4882554028219963,0.7096244292125823,0.6771871745908632,0.2425869783394801,290.0,30.78,ok,
whuhi_longkou,10,45,KWFLICM,,,,,0.5639172030598869,0.6427105059348142,0.451797357598277,0.5638646341582658,0.6426662292994311,3.891509578315976,210.0,2.56,ok,
whuhi_longkou,10,45,SSFCM,,,,,0.510916987850449,0.5930500077540767,0.3866347504739631,0.5106921805790497,0.5921219334331611,1.7600110292880824,145.0,14.98,ok,
whuhi_longkou,10,45,eSFCM,,,,,0.5386398763523956,0.6013561980204751,0.397749020558336,0.5384028708040403,0.6004545487967237,3.2229203176772065,140.0,14.39,ok,
whuhi_longkou,10,45,S3FCM,,,,,0.6731995774069219,0.6436413139934755,0.4874482721215167,0.6731331462486922,0.643578842751021,0.2645894360833344,81.0,1.68,ok,
whuhi_longkou,10,45,GS-SPFCM,,,,,0.6910179406413242,0.6434971727618554,0.4870095940939022,0.6909925589854407,0.6434516514307472,3.215521148320404,48.0,14.14,ok,
whuhi_longkou,10,45,Softmax,,,,,0.8556482695204742,0.7580051464467417,0.7328145782311402,0.8557117853545971,0.7580865091930331,1.5578956509724136,,5.15,ok,
whuhi_longkou,10,45,Sr-SSFCM,0.99,9090.46405446908,91.82286923706152,0.9655756754762216,0.8556678340148299,0.7581286277044849,0.7328928651700944,0.8557313412404298,0.7582099314931041,1.1375708823863675,5.0,5.73,ok,
whuhi_longkou,10,45,Sw-SSFCM_r1,0.99,9090.46405446908,91.82286923706152,0.9652630767353996,0.8823880421810498,0.8011559112034448,0.7835816138643054,0.8824349033450343,0.8012134338483744,1.6968911972912732,5.0,5.78,ok,
whuhi_longkou,10,45,Sw-SSFCM_r2,0.99,9090.46405446908,91.82286923706152,0.9657688293461868,0.8872693835227828,0.8109710899134103,0.7920772213463958,0.8873140968603025,0.8110323701895418,1.53330319043193,5.0,5.78,ok,
whuhi_longkou,10,46,FCM,,,,,0.5111126327940054,0.5930695788533388,0.3867007708590393,0.5110979652100791,0.5930206273220816,1.7282479490918925,165.0,0.8,ok,
whuhi_longkou,10,46,FCM_S1,,,,,0.5392903957897208,0.614507200093906,0.4073472026147838,0.5392731077235972,0.6144672467740685,1.849467240480795,150.0,2.45,ok,
whuhi_longkou,10,46,FCM_S2,,,,,0.5349519691663569,0.610793544899616,0.4047142702638913,0.5349414790116456,0.6107660534976722,1.823649183950526,135.0,5.17,ok,
whuhi_longkou,10,46,FLICM,,,,,0.5460988398254847,0.641419804874829,0.3800600015168642,0.5460590001075574,0.6413645515617401,2.3121163825958653,205.0,21.76,ok,
whuhi_longkou,10,46,KWFLICM,,,,,0.490398724394968,0.566543810146018,0.3002500898810762,0.4903833931417508,0.5665163691198425,3.582210236191909,150.0,2.29,ok,
whuhi_longkou,10,46,SSFCM,,,,,0.6731849040361552,0.6436657005613918,0.4872960332490794,0.672888697675783,0.6427600764109244,0.2683801758109884,120.0,12.42,ok,
whuhi_longkou,10,46,eSFCM,,,,,0.6990785123158492,0.6526971496897646,0.463805798840191,0.6988295802329106,0.6516416279411118,0.3409932910654933,75.0,7.71,ok,
whuhi_longkou,10,46,S3FCM,,,,,0.6731751217889773,0.6436821667613998,0.4873099873571345,0.6730940344770268,0.6435822878041566,0.2646917753156136,112.0,2.25,ok,
whuhi_longkou,10,46,GS-SPFCM,,,,,0.7172392542014752,0.6676634290540414,0.4297496545053835,0.7171534452581866,0.667507096904707,1.517899934487906,31.0,9.53,ok,
whuhi_longkou,10,46,Softmax,,,,,0.8738187936532781,0.7564075129486262,0.7477611189205826,0.873874314321753,0.7564992238784007,5.508672518849084,,5.15,ok,
whuhi_longkou,10,46,Sr-SSFCM,0.99,10286.38047511206,103.9028330819401,0.96193080279044,0.8737062978107331,0.7566025388833983,0.7476606939798476,0.8737618679782148,0.7566940453322594,3.694430865351215,5.0,5.78,ok,
whuhi_longkou,10,46,Sw-SSFCM_r1,0.99,10286.38047511206,103.9028330819401,0.961566525240864,0.9112407802320348,0.8117388355267992,0.8104986621778542,0.9112700570054072,0.8118052107680681,2.9049646667339752,5.0,5.81,ok,
whuhi_longkou,10,46,Sw-SSFCM_r2,0.99,10286.38047511206,103.9028330819401,0.961019083807079,0.9205339150509656,0.8271569172050008,0.8256433596488179,0.9205639917474162,0.827223331302735,3.377460439252485,5.0,5.83,ok,
whuhi_longkou,10,47,FCM,,,,,0.5111028505468276,0.5930679021937677,0.386741784034253,0.5110832982957045,0.5930197765178319,1.7282521652327705,160.0,0.78,ok,
whuhi_longkou,10,47,FCM_S1,,,,,0.5392659401717763,0.6145033629500143,0.4073328811998758,0.5392682187521389,0.6144646487483952,1.8494701614969893,135.0,2.29,ok,
whuhi_longkou,10,47,FCM_S2,,,,,0.5349519691663569,0.6108157812646485,0.4047492592055605,0.5349414790116456,0.6107660534976722,1.8236476310606051,120.0,4.97,ok,
whuhi_longkou,10,47,FLICM,,,,,0.5460890575783068,0.6414272650464261,0.3801077936070577,0.5460443331931828,0.6413580700493139,2.3121065655803803,205.0,21.83,ok,
whuhi_longkou,10,47,KWFLICM,,,,,0.5103985287500244,0.6061955681940813,0.3655264344755779,0.5103450636055187,0.6061749346668942,19.26471882065397,260.0,2.82,ok,
whuhi_longkou,10,47,SSFCM,,,,,0.5109805724571048,0.5930402890573574,0.3866675846718157,0.5108535166371698,0.5919675935729386,1.7584275561397598,165.0,17.06,ok,
whuhi_longkou,10,47,eSFCM,,,,,0.535661182086749,0.6076839332181323,0.3944263006356793,0.5354743769005876,0.6064779528113315,12.83047108854635,355.0,36.44,ok,
whuhi_longkou,10,47,S3FCM,,,,,0.6732044685305109,0.6436304566666571,0.4874706205758558,0.6731722580203576,0.6435921910145724,0.2645359102312823,68.0,1.72,ok,
whuhi_longkou,10,47,GS-SPFCM,,,,,0.7323919550799209,0.6731746058427671,0.4525416388801675,0.732338590607308,0.6730212496761859,1.1948147044495376,78.0,22.46,ok,
whuhi_longkou,10,47,Softmax,,,,,0.8424960381898929,0.7517108166143083,0.7088169764125104,0.8425653411035386,0.7517878507797082,1.2840772761610368,,5.18,ok,
whuhi_longkou,10,47,Sr-SSFCM,0.99,8301.562438313076,83.8541660435665,0.96388901467315,0.8424715825719484,0.7520242524668359,0.7087157856538867,0.8425408962462477,0.7521010330641462,1.4753211930667556,5.0,5.79,ok,
whuhi_longkou,10,47,Sw-SSFCM_r1,0.99,8301.562438313076,83.8541660435665,0.9643340761743882,0.8599720227730714,0.7874205210469158,0.742415125147136,0.8600287471521741,0.7874762712745632,1.171770882296818,5.0,5.82,ok,
whuhi_longkou,10,47,Sw-SSFCM_r2,0.99,8301.562438313076,83.8541660435665,0.964696319996273,0.8628920235556512,0.7966095674908036,0.7484839437508282,0.8629474631127103,0.7966614421988506,1.312770360565318,5.0,5.84,ok,
whuhi_longkou,10,48,FCM,,,,,0.6732925087551113,0.6436941370120192,0.4873335556630931,0.6732407036207723,0.6436161010022903,0.2645275795099779,130.0,0.65,ok,
whuhi_longkou,10,48,FCM_S1,,,,,0.6846839355936846,0.6648990666808255,0.5019744178683723,0.6846320071183425,0.6648194984645256,0.4324629100128836,130.0,2.22,ok,
whuhi_longkou,10,48,FCM_S2,,,,,0.6846007864926731,0.6620704180410473,0.5005435555700574,0.6845440056320952,0.6619907925367011,0.410319721728901,125.0,5.05,ok,
whuhi_longkou,10,48,FLICM,,,,,0.7096873593801968,0.6772599746798523,0.4882103730585123,0.7096244292125823,0.6771883127534962,0.2425875862953569,300.0,31.83,ok,
whuhi_longkou,10,48,KWFLICM,,,,,0.4299884569483301,0.5861403700425059,0.2877512799648075,0.4299508169471306,0.5861118322382687,18.540211036665543,510.0,4.21,ok,
whuhi_longkou,10,48,SSFCM,,,,,0.5108582943673821,0.5930282743532959,0.3866343962568332,0.5106824026361334,0.5919541523958973,1.753128629704169,155.0,16.02,ok,
whuhi_longkou,10,48,eSFCM,,,,,0.5363361571420187,0.6074675854139391,0.3954600632632705,0.536197944676399,0.6062703023695323,12.955665784846364,385.0,39.25,ok,
whuhi_longkou,10,48,S3FCM,,,,,0.6732827265079334,0.6436598818260729,0.4873429755033964,0.6732162587634813,0.6435233151284376,0.2647060738824164,101.0,1.97,ok,
whuhi_longkou,10,48,GS-SPFCM,,,,,0.7529200007825798,0.6587913921800779,0.5099564905794904,0.7528184920456434,0.6586979384667649,1.5005008893178111,22.0,6.89,ok,
whuhi_longkou,10,48,Softmax,,,,,0.8613170817600219,0.7562113558852771,0.7362594748923214,0.861378103274633,0.7562953343913696,11.31619363600688,,5.24,ok,
whuhi_longkou,10,48,Sr-SSFCM,0.99,10598.586877976642,107.05643311087526,0.9694655207762936,0.8609844853559759,0.7560734504830097,0.7357485958368548,0.8610456532154765,0.7561572949816235,7.477624005742313,5.0,5.77,ok,
whuhi_longkou,10,48,Sw-SSFCM_r1,0.99,10598.586877976642,107.05643311087526,0.9690753559262564,0.90273022518733,0.812821862829489,0.7976366660442733,0.9027730246110824,0.8128919254191396,13.330183964833996,5.0,5.81,ok,
whuhi_longkou,10,48,Sw-SSFCM_r2,0.99,10598.586877976642,107.05643311087526,0.9688057060226268,0.913040713712754,0.8268372844109304,0.8125939234446486,0.9130789764449356,0.8269034740352323,13.621594582044793,5.0,5.82,ok,
whuhi_longkou,10,49,FCM,,,,,0.5111859996478391,0.593093209258917,0.3867654155189414,0.5111370769817446,0.5930310383194051,1.728252275136556,165.0,0.8,ok,
whuhi_longkou,10,49,FCM_S1,,,,,0.5393050691604876,0.6145033786277799,0.407336614079599,0.5392584408092226,0.6144560038984901,1.849460271779974,185.0,2.95,ok,
whuhi_longkou,10,49,FCM_S2,,,,,0.5349862070314793,0.6108244328516419,0.4047417194231639,0.5349414790116456,0.6107679325934143,1.8236518439680809,155.0,5.43,ok,
whuhi_longkou,10,49,FLICM,,,,,0.5461428599377849,0.6414397456728705,0.3801205962542512,0.5460590001075574,0.6413645515617401,2.312114242717456,230.0,24.37,ok,
whuhi_longkou,10,49,KWFLICM,,,,,0.6077123236749946,0.6551193196318871,0.4384451831886917,0.6076893743094328,0.6550595441233042,1.293976441982859,125.0,2.12,ok,
whuhi_longkou,10,49,SSFCM,,,,,0.6732289241484554,0.6436679551588339,0.487433649166326,0.6729326984189067,0.6422621349461936,0.2701117564859062,115.0,11.81,ok,
whuhi_longkou,10,49,eSFCM,,,,,0.6991323146753272,0.6527134139357263,0.4637551093484117,0.6988246912614524,0.6512708468744202,0.3438584743616965,80.0,8.16,ok,
whuhi_longkou,10,49,S3FCM,,,,,0.6732484886428111,0.6436760743068254,0.4874999332512397,0.6731673690488995,0.6435906758267226,0.264718256431448,85.0,1.98,ok,
whuhi_longkou,10,49,GS-SPFCM,,,,,0.7199587189169095,0.64931866632208,0.5102271263506393,0.7199059361891446,0.6492441556261879,4.695462383647958,49.0,14.08,ok,
whuhi_longkou,10,49,Softmax,,,,,0.8628039833310508,0.759985223682686,0.7214310190252241,0.8628643505979212,0.760063714636234,1.557829100543788,,5.19,ok,
whuhi_longkou,10,49,Sr-SSFCM,0.99,8971.81622006721,90.62440626330525,0.9652079338879213,0.8626181206346722,0.7600112160240399,0.7214107696860353,0.8626785696825102,0.7600896680949584,0.9241118803117846,5.0,5.78,ok,
whuhi_longkou,10,49,Sw-SSFCM_r1,0.99,8971.81622006721,90.62440626330525,0.9664221966780892,0.8875579598145286,0.8025792437790821,0.7614731329132319,0.887592768233419,0.8026255732539688,0.7850822224159281,5.0,5.81,ok,
whuhi_longkou,10,49,Sw-SSFCM_r2,0.99,8971.81622006721,90.62440626330525,0.967074692324242,0.894723455872283,0.8139131310506207,0.7699565087200697,0.8947600003911177,0.8139630438605276,0.8074506860987526,5.0,5.83,ok,
whuhi_longkou,10,50,FCM,,,,,0.6733071821258779,0.6436992928776337,0.4873930771297348,0.6732162587634813,0.6435931141919231,0.264525894233456,115.0,0.59,ok,
whuhi_longkou,10,50,FCM_S1,,,,,0.684713282335218,0.6649118124315815,0.5020349931699308,0.6846320071183425,0.6648239016120097,0.4324427809925908,115.0,2.0,ok,
whuhi_longkou,10,50,FCM_S2,,,,,0.6846399154813844,0.6620742780735632,0.5005809800035312,0.6845391166606369,0.6619730259616894,0.4103480672041316,115.0,4.91,ok,
whuhi_longkou,10,50,FLICM,,,,,0.709731379492497,0.6772963416572024,0.4883242065674507,0.7096244292125823,0.677183557540894,0.2425879580483853,295.0,31.29,ok,
whuhi_longkou,10,50,KWFLICM,,,,,0.5939340285250327,0.663054003880139,0.4037050588996944,0.5938780299400612,0.6629933093470407,1.5177806021087217,145.0,2.28,ok,
whuhi_longkou,10,50,SSFCM,,,,,0.6733218554966447,0.6437011205459311,0.4874477826984484,0.673074478591194,0.6425773719459894,0.2671748796027168,115.0,11.81,ok,
whuhi_longkou,10,50,eSFCM,,,,,0.6992007904055719,0.6528158111859508,0.4638671833762084,0.698893136861867,0.6518416064716807,0.3405059278629128,85.0,8.68,ok,
whuhi_longkou,10,50,S3FCM,,,,,0.6733267466202336,0.6437008044355763,0.4874412162664208,0.6731967028776485,0.6435728603183136,0.2646871310758347,124.0,2.18,ok,
whuhi_longkou,10,50,GS-SPFCM,,,,,0.7353804315927455,0.6547261567084457,0.4946714785443933,0.7352670845107606,0.6546340593486841,2.373248405829844,24.0,7.41,ok,
whuhi_longkou,10,50,Softmax,,,,,0.8742345391583355,0.7756240877290781,0.7564458699510276,0.8742898768956987,0.7757046788111392,4.038607385627372,,5.16,ok,
whuhi_longkou,10,50,Sr-SSFCM,0.99,8234.890662809039,83.18071376574794,0.9637571389279238,0.8741073699450238,0.775643027584651,0.7561020473821373,0.8741627636377859,0.775723436878092,3.806918598492452,5.0,5.77,ok,
whuhi_longkou,10,50,Sw-SSFCM_r1,0.99,8234.890662809039,83.18071376574794,0.963746907700942,0.9092354195605814,0.8169098708421979,0.8170424468457583,0.909275356650468,0.8169845621535683,2.2124008654281577,5.0,5.8,ok,
whuhi_longkou,10,50,Sw-SSFCM_r2,0.99,8234.890662809039,83.18071376574794,0.963450023049924,0.9198149198833956,0.8301515553925912,0.8334308420413178,0.919845312943063,0.8302158465319431,2.4026165101330554,5.0,5.82,ok,
whuhi_longkou,10,51,FCM,,,,,0.6732387063956332,0.6436405320769696,0.4872544208655376,0.6732113697920231,0.6435864893184504,0.2645251443650382,90.0,0.48,ok,
whuhi_longkou,10,51,FCM_S1,,,,,0.6846594799757401,0.6648674532280732,0.5019217687696478,0.6846271181468843,0.6648190340106536,0.4324552713484016,85.0,1.61,ok,
whuhi_longkou,10,51,FCM_S2,,,,,0.6845567663803729,0.6619989543532023,0.5004158869352434,0.6845244497462624,0.6619543026267009,0.4103621718340289,75.0,4.39,ok,
whuhi_longkou,10,51,FLICM,,,,,0.7096824682566079,0.6772510401539239,0.4882064768102619,0.7096244292125823,0.677183557540894,0.2425881660178508,290.0,30.98,ok,
whuhi_longkou,10,51,KWFLICM,,,,,0.5939633752665663,0.6630214601159136,0.4037210520521811,0.5939024747973521,0.663012781441587,1.5181664065420284,205.0,2.53,ok,
whuhi_longkou,10,51,SSFCM,,,,,0.6732729442607556,0.6436808375136177,0.4872327872448523,0.6729766991620303,0.6421510629952997,0.2699977766902384,80.0,8.3,ok,
whuhi_longkou,10,51,eSFCM,,,,,0.6987263514174477,0.6526284827355484,0.4634896038563009,0.6984677963450049,0.6510570842294136,0.3434749175229995,45.0,4.6,ok,
whuhi_longkou,10,51,S3FCM,,,,,0.6730968638115548,0.6436050919830445,0.4873820311050909,0.6730158109336958,0.6435133981614292,0.2645503415444282,62.0,1.35,ok,
whuhi_longkou,10,51,GS-SPFCM,,,,,0.7568377907772974,0.6644530500317951,0.4971223405224269,0.7567443361265657,0.6643936095659554,5.150174233384921,22.0,7.11,ok,
whuhi_longkou,10,51,Softmax,,,,,0.8583677342359086,0.7581050923691741,0.7395531436144906,0.8584300534853477,0.7581916901604556,2.9139040727841925,,5.14,ok,
whuhi_longkou,10,51,Sr-SSFCM,0.99,9101.026889791094,91.92956454334448,0.9654112380419266,0.8582552383933637,0.75826976282043,0.7395527878381896,0.8583127181703514,0.7583503759107196,1.6071224519997367,5.0,5.77,ok,
whuhi_longkou,10,51,Sw-SSFCM_r1,0.99,9101.026889791094,91.92956454334448,0.9660466490063228,0.8890839903742688,0.8018734885557403,0.7841269639396268,0.8891083493854562,0.8019049929818562,2.0828890515733183,5.0,5.81,ok,
whuhi_longkou,10,51,Sw-SSFCM_r2,0.99,9101.026889791094,91.92956454334448,0.966721507165048,0.8967239254201476,0.8111497173159364,0.7920831290833112,0.8967498117745989,0.8111900504229205,1.970305366748773,5.0,5.82,ok,
whuhi_longkou,20,42,FCM,,,,,0.6733639326293538,0.6437223353431007,0.4873706124458677,0.6732113697920231,0.6435864893184504,0.2645250065947853,100.0,0.52,ok,
whuhi_longkou,20,42,FCM_S1,,,,,0.6847456963623374,0.6649334553169337,0.5019544153115458,0.6846271181468843,0.6648190340106536,0.4324549897973115,80.0,1.57,ok,
whuhi_longkou,20,42,FCM_S2,,,,,0.6846674039204941,0.662092147220117,0.5004999616021403,0.6845391166606369,0.6619730259616894,0.4103457476358709,65.0,4.26,ok,
whuhi_longkou,20,42,FLICM,,,,,0.7097943844746087,0.6773265682382843,0.4882772328868776,0.7096244292125823,0.677183557540894,0.2425880380798404,280.0,29.71,ok,
whuhi_longkou,20,42,KWFLICM,,,,,0.375999451952907,0.5357608543828345,0.2929330266245435,0.3759570161629396,0.5356662211465998,13.46693456723245,210.0,2.56,ok,
whuhi_longkou,20,42,SSFCM,,,,,0.5109805149685362,0.5930822848741378,0.3866082730045803,0.5105308445209297,0.5908682481367183,1.7732013618065832,155.0,15.9,ok,
whuhi_longkou,20,42,eSFCM,,,,,0.5392098335306955,0.601284661320382,0.3978320578442628,0.5387353208631968,0.5990514929745621,3.209274716423676,150.0,15.29,ok,
whuhi_longkou,20,42,S3FCM,,,,,0.6732954267427408,0.6437169489000951,0.4874834846316849,0.673235814649314,0.6435952848600328,0.2647481390135515,92.0,1.75,ok,
whuhi_longkou,20,42,GS-SPFCM,,,,,0.7468658556874566,0.6634454295571267,0.5048735044391416,0.746717055665829,0.6632818554916529,22.02815377820942,22.0,6.84,ok,
whuhi_longkou,20,42,Softmax,,,,,0.8917949520948122,0.7906695309708827,0.7769784142128873,0.891880396202247,0.7908142750044934,5.110102064660098,,6.96,ok,
whuhi_longkou,20,42,Sr-SSFCM,0.99,8167.358886118043,82.49857460725303,0.9589501545476076,0.8917068730977383,0.7907051515312556,0.7770415843817383,0.8917923947159997,0.7908498982160941,4.995958069100472,5.0,7.98,ok,
whuhi_longkou,20,42,Sw-SSFCM_r1,0.99,8167.358886118043,82.49857460725303,0.9569790241667404,0.9163102729470254,0.8354371357833728,0.8242305941061785,0.9163643652648356,0.8355335003727092,7.537755097901015,5.0,8.09,ok,
whuhi_longkou,20,42,Sw-SSFCM_r2,0.99,8167.358886118043,82.49857460725303,0.9572467844219122,0.9219913682582868,0.8468592596232808,0.8346863483006316,0.9220355721563296,0.8469399814113677,6.895014235904229,5.0,8.09,ok,
whuhi_longkou,20,43,FCM,,,,,0.6733639326293538,0.6437604849596448,0.4872996306412573,0.6732113697920231,0.6435918055254313,0.2645248429664377,115.0,0.59,ok,
whuhi_longkou,20,43,FCM_S1,,,,,0.6847456963623374,0.6649759873060223,0.5018633039860361,0.6846320071183425,0.6648194984645256,0.4324638309604848,115.0,1.99,ok,
whuhi_longkou,20,43,FCM_S2,,,,,0.6846771904757244,0.6621393199587198,0.5004489162822429,0.6845440056320952,0.661984370532544,0.4103385379011336,110.0,4.85,ok,
whuhi_longkou,20,43,FLICM,,,,,0.709799277752224,0.6773740707190257,0.4882279680176665,0.7096195402411241,0.6771830633057112,0.2425887022843419,295.0,31.3,ok,
whuhi_longkou,20,43,KWFLICM,,,,,0.594029222653918,0.663173019877451,0.4037324760579223,0.5938829189115193,0.6629932977597824,1.5178017377446438,140.0,2.18,ok,
whuhi_longkou,20,43,SSFCM,,,,,0.6733247864084321,0.6437584633286068,0.4873072588755323,0.6728300300182848,0.6415980109505094,0.2769363723041235,125.0,12.86,ok,
whuhi_longkou,20,43,eSFCM,,,,,0.6998512443604975,0.6528580964444334,0.4934093336833641,0.699474924465391,0.6506729711915733,0.3443897852123398,95.0,9.7,ok,
whuhi_longkou,20,43,S3FCM,,,,,0.673368825906969,0.6437868738805327,0.4874067634541606,0.6732407036207723,0.6436208928459032,0.2645710950545314,91.0,1.8,ok,
whuhi_longkou,20,43,GS-SPFCM,,,,,0.7515193626995234,0.6674167344501197,0.5098121576580659,0.7514006903227699,0.6672562782190551,27.80950860447609,60.0,17.38,ok,
whuhi_longkou,20,43,Softmax,,,,,0.9064845714956792,0.7995758165456152,0.8083947214284246,0.906552199548259,0.7997160316475502,8.678347905930467,,6.97,ok,
whuhi_longkou,20,43,Sr-SSFCM,0.99,12555.572331735477,126.82396294682307,0.9678144192166775,0.9063573462776836,0.7996731469395608,0.8081076364208102,0.9064250862903462,0.799812973236196,6.778583415377447,5.0,7.88,ok,
whuhi_longkou,20,43,Sw-SSFCM_r1,0.99,12555.572331735477,126.82396294682307,0.9670740840355944,0.93497812704906,0.8515303850148036,0.8606231917879467,0.935020680349268,0.8516365317773898,12.462534805781392,5.0,7.92,ok,
whuhi_longkou,20,43,Sw-SSFCM_r2,0.99,12555.572331735477,126.82396294682307,0.9671068580632612,0.94120237617561,0.8643630456328366,0.8733348263859645,0.9412296741011626,0.8644376530991604,13.42178567376037,5.0,7.93,ok,
whuhi_longkou,20,44,FCM,,,,,0.6733639326293538,0.6437238678283477,0.487292890638884,0.673235814649314,0.6436094717034151,0.2645271981523054,125.0,0.63,ok,
whuhi_longkou,20,44,FCM_S1,,,,,0.6847456963623374,0.664943215990797,0.5019329966250536,0.6846320071183425,0.6648194984645256,0.4324642436534254,120.0,2.06,ok,
whuhi_longkou,20,44,FCM_S2,,,,,0.6846478308100332,0.6620840600746228,0.500437095974719,0.6845391166606369,0.6619734792295532,0.4103442647726299,120.0,4.98,ok,
whuhi_longkou,20,44,FLICM,,,,,0.6702909542870005,0.682953706496963,0.4195716821664016,0.6701215398304504,0.6827976156588529,0.2224637147065591,250.0,26.53,ok,
whuhi_longkou,20,44,KWFLICM,,,,,0.3847437390512913,0.513699582494685,0.2255037606367442,0.3846496074155919,0.5135574070093207,44.27276925866326,845.0,6.0,ok,
whuhi_longkou,20,44,SSFCM,,,,,0.510951155302845,0.5930689981832412,0.3866671982000107,0.5105015106921805,0.5908602500501162,1.7945489935174357,155.0,15.91,ok,
whuhi_longkou,20,44,eSFCM,,,,,0.5355056223759799,0.6078227447716401,0.393039699065261,0.5353277077568421,0.6061589877496661,12.707943165559946,395.0,40.18,ok,
whuhi_longkou,20,44,S3FCM,,,,,0.6733101065755864,0.6437494592017661,0.487378665285157,0.6730060329907794,0.6435226260509067,0.2647925597821847,100.0,2.01,ok,
whuhi_longkou,20,44,GS-SPFCM,,,,,0.7222869222262456,0.6518277606498503,0.4904259972376665,0.7221401961455349,0.6516843795674362,13.1120987123937,83.0,23.86,ok,
whuhi_longkou,20,44,Softmax,,,,,0.8957585069631341,0.8073173880854485,0.7951640256783077,0.8958453520548347,0.8074530307505516,7.494064946741528,,6.99,ok,
whuhi_longkou,20,44,Sr-SSFCM,0.99,8349.374947198807,84.3371206787759,0.9620966534638394,0.8954453371957605,0.807092227397792,0.7947315708811032,0.8955324578815109,0.8072278162749771,6.389135992193215,5.0,7.89,ok,
whuhi_longkou,20,44,Sw-SSFCM_r1,0.99,8349.374947198807,84.3371206787759,0.9606055261309818,0.9235963633160764,0.8520522455948738,0.8413580839833579,0.9236538217089888,0.8521521950856288,6.458318347676552,5.0,7.92,ok,
whuhi_longkou,20,44,Sw-SSFCM_r2,0.99,8349.374947198807,84.3371206787759,0.9603966311717,0.931846429375324,0.863896011103288,0.8534886518115654,0.931896627587488,0.8639838817622408,6.782283480510082,5.0,7.94,ok,
whuhi_longkou,20,45,FCM,,,,,0.6733590393517386,0.6437354239118485,0.4873640907445928,0.6732113697920231,0.6435918055254313,0.2645247587048324,115.0,0.59,ok,
whuhi_longkou,20,45,FCM_S1,,,,,0.6847750560280287,0.6649422697361793,0.5020070928034773,0.6846368960898006,0.6648199630084939,0.432469572165329,115.0,2.0,ok,
whuhi_longkou,20,45,FCM_S2,,,,,0.6846722971981093,0.6621096742298134,0.5005369839623178,0.6845440056320952,0.6619857037210236,0.4103152391640288,105.0,4.81,ok,
whuhi_longkou,20,45,FLICM,,,,,0.7098041710298392,0.6773278125301125,0.488276800181055,0.7096244292125823,0.6771871745908632,0.2425869783394801,290.0,30.75,ok,
whuhi_longkou,20,45,KWFLICM,,,,,0.5639159922099021,0.6427669412977128,0.4517042248376126,0.5638646341582658,0.6426662292994311,3.891509578315976,210.0,2.56,ok,
whuhi_longkou,20,45,SSFCM,,,,,0.5110832737984556,0.593082384415234,0.3866870686374882,0.5106335129215516,0.591348062227712,1.7904456100650812,145.0,14.95,ok,
whuhi_longkou,20,45,eSFCM,,,,,0.5394153511905344,0.6013580507373272,0.3979897195239188,0.5389406576644405,0.5996736562104588,3.2214435682810607,145.0,14.77,ok,
whuhi_longkou,20,45,S3FCM,,,,,0.6731584149695149,0.6435794481453093,0.4874778491452188,0.6730891455055685,0.6434584716732996,0.2655959052814617,65.0,1.49,ok,
whuhi_longkou,20,45,GS-SPFCM,,,,,0.7606697918399703,0.6717262006210024,0.5175534727628622,0.7605284000352006,0.6715686966146082,2.9912194129146905,38.0,11.34,ok,
whuhi_longkou,20,45,Softmax,,,,,0.8894314990066646,0.7773701050959695,0.7668153773308768,0.889523911959402,0.7775336118964675,1.3285891208978808,,6.95,ok,
whuhi_longkou,20,45,Sr-SSFCM,0.99,8193.23765110853,82.7599762738236,0.9488047314997616,0.8893336334543605,0.7773855236857666,0.7669757983125189,0.8894261325302383,0.7775490864793775,1.1783468767801888,5.0,7.9,ok,
whuhi_longkou,20,45,Sw-SSFCM_r1,0.99,8193.23765110853,82.7599762738236,0.9464315201520496,0.9190945479100812,0.8258802515792186,0.8200842837887737,0.9191657459103754,0.8260207006766266,1.2272528445218245,5.0,7.93,ok,
whuhi_longkou,20,45,Sw-SSFCM_r2,0.99,8193.23765110853,82.7599762738236,0.9459923038804758,0.9277947955099284,0.8415420044702132,0.8357320665679411,0.9278583371630276,0.8416715358352423,1.182991777499986,5.0,7.95,ok,
whuhi_longkou,20,46,FCM,,,,,0.5111468864074534,0.5931133579896278,0.3865996269333075,0.5110979652100791,0.5930206273220816,1.7282479490918925,165.0,0.8,ok,
whuhi_longkou,20,46,FCM_S1,,,,,0.5393076990829998,0.6145561399763165,0.40718829705035,0.5392731077235972,0.6144672467740685,1.849467240480795,150.0,2.45,ok,
whuhi_longkou,20,46,FCM_S2,,,,,0.5349918282263826,0.61084901921144,0.4046133424380893,0.5349414790116456,0.6107660534976722,1.823649183950526,135.0,5.17,ok,
whuhi_longkou,20,46,FLICM,,,,,0.5461582877442969,0.6414942471112611,0.3800298944041326,0.5460590001075574,0.6413645515617401,2.3121163825958653,205.0,21.78,ok,
whuhi_longkou,20,46,KWFLICM,,,,,0.4904238557070297,0.566515830420688,0.3001610882151334,0.4903833931417508,0.5665163691198425,3.582210236191909,150.0,2.25,ok,
whuhi_longkou,20,46,SSFCM,,,,,0.6732513872442039,0.6436916265310972,0.4871997094383347,0.6726589160172483,0.6420117226647788,0.2720749364760525,115.0,11.91,ok,
whuhi_longkou,20,46,eSFCM,,,,,0.6992444779362113,0.6527144414434825,0.463902379038945,0.6988002464041615,0.6507386632889803,0.3434743280663967,75.0,7.71,ok,
whuhi_longkou,20,46,S3FCM,,,,,0.6731779880799758,0.6437002214976902,0.4875380349042681,0.6730940344770268,0.6435714285334586,0.2648443893978794,66.0,1.72,ok,
whuhi_longkou,20,46,GS-SPFCM,,,,,0.7433622689149646,0.6594694413505311,0.5077162093823592,0.7432996646165579,0.6593406720167615,2.821190275932618,74.0,21.47,ok,
whuhi_longkou,20,46,Softmax,,,,,0.8898033881054208,0.7887899125017976,0.7763470970377819,0.8898808068758495,0.7889001497491573,8.02472213065743,,6.96,ok,
whuhi_longkou,20,46,Sr-SSFCM,0.99,9023.948825232932,91.15099823467617,0.963338881263206,0.8899795460995684,0.7894447221315487,0.776851435557782,0.8900568098483441,0.7895544289075384,6.283547245503447,5.0,7.9,ok,
whuhi_longkou,20,46,Sw-SSFCM_r1,0.99,9023.948825232932,91.15099823467617,0.9620369977187,0.9193196386803808,0.8398144399074803,0.8248033572214777,0.9193613047687028,0.8398680193292698,9.07679808578724,5.0,7.94,ok,
whuhi_longkou,20,46,Sw-SSFCM_r2,0.99,9023.948825232932,91.15099823467617,0.9618318287105352,0.9255781407502374,0.851667416495846,0.8350760846809222,0.9256142992637209,0.8517092525087628,9.799004829276155,5.0,7.95,ok,
whuhi_longkou,20,47,FCM,,,,,0.5111713527955295,0.5931342055068327,0.3867216864848261,0.5110832982957045,0.5930197765178319,1.7282521652327705,160.0,0.78,ok,
whuhi_longkou,20,47,FCM_S1,,,,,0.539356631859152,0.6145595335693116,0.4073366793590006,0.5392682187521389,0.6144646487483952,1.8494701614969893,135.0,2.29,ok,
whuhi_longkou,20,47,FCM_S2,,,,,0.5350260811696891,0.61087107229846,0.4047148599665223,0.5349414790116456,0.6107660534976722,1.8236476310606051,120.0,4.97,ok,
whuhi_longkou,20,47,FLICM,,,,,0.5461485011890664,0.6414652548991392,0.3800092260811246,0.5460443331931828,0.6413580700493139,2.3121065655803803,205.0,21.75,ok,
whuhi_longkou,20,47,KWFLICM,,,,,0.5104324678756325,0.6062175631474018,0.3654863990122345,0.5103450636055187,0.6061749346668942,19.26471882065397,260.0,2.82,ok,
whuhi_longkou,20,47,SSFCM,,,,,0.5107945704191582,0.5930979297755542,0.3865545566085445,0.510540622463846,0.5911071131997211,1.7885543719090282,165.0,17.05,ok,
whuhi_longkou,20,47,eSFCM,,,,,0.5344095281901723,0.6076824011825784,0.3928132149572172,0.5340370192918814,0.6054560749940565,12.195698829430114,330.0,33.58,ok,
whuhi_longkou,20,47,S3FCM,,,,,0.6731339485814388,0.6436225960857613,0.4873949402359925,0.672966921219114,0.6434290058079533,0.2653782366872707,71.0,1.75,ok,
whuhi_longkou,20,47,GS-SPFCM,,,,,0.773206369090144,0.6734550508305703,0.555787596568969,0.7730832787398187,0.6733353755398043,7.26230144005238,66.0,19.13,ok,
whuhi_longkou,20,47,Softmax,,,,,0.8988461651383329,0.7919784138759335,0.7696063934094028,0.898925404073491,0.7921145313575351,2.8200263832677046,,6.98,ok,
whuhi_longkou,20,47,Sr-SSFCM,0.99,8565.408619013842,86.51927897993788,0.948159921351355,0.8987482995860288,0.7918803731349574,0.7694831272578028,0.8988276246443273,0.7920164823942603,2.2213703475947795,5.0,7.91,ok,
whuhi_longkou,20,47,Sw-SSFCM_r1,0.99,8565.408619013842,86.51927897993788,0.94277295390829,0.930530137696832,0.8430485946942788,0.83325195029748,0.9305814942652364,0.8431589038970316,1.816108840512905,5.0,7.94,ok,
whuhi_longkou,20,47,Sw-SSFCM_r2,0.99,8565.408619013842,86.51927897993788,0.9411964236581508,0.9378015482330374,0.8566325739587022,0.8498354567187306,0.9378513948235572,0.8567423195719822,1.9774578844808608,5.0,7.97,ok,
whuhi_longkou,20,48,FCM,,,,,0.6733492527965081,0.6437491126575772,0.4872006049375077,0.6732407036207723,0.6436161010022903,0.2645275795099779,130.0,0.65,ok,
whuhi_longkou,20,48,FCM_S1,,,,,0.6846967635861853,0.6649290482527487,0.5017694451176585,0.6846320071183425,0.6648194984645256,0.4324629100128836,130.0,2.2,ok,
whuhi_longkou,20,48,FCM_S2,,,,,0.6846086845891115,0.6620787609073516,0.5003276787506424,0.6845440056320952,0.6619907925367011,0.410319721728901,125.0,5.04,ok,
whuhi_longkou,20,48,FLICM,,,,,0.7097454516984567,0.6773114375547857,0.4880996610200479,0.7096244292125823,0.6771883127534962,0.2425875862953569,300.0,31.82,ok,
whuhi_longkou,20,48,KWFLICM,,,,,0.4299625174934675,0.5861407038338783,0.287680104263827,0.4299508169471306,0.5861118322382687,18.540211036665543,510.0,4.17,ok,
whuhi_longkou,20,48,SSFCM,,,,,0.5109413687476145,0.593041362846937,0.3865386956673272,0.5105895121784279,0.5910662169217716,1.776435796433317,160.0,16.52,ok,
whuhi_longkou,20,48,eSFCM,,,,,0.5351679862205302,0.6076951663394659,0.3933747044160582,0.5348925892970637,0.6055048217953197,12.502530912793873,360.0,36.95,ok,
whuhi_longkou,20,48,S3FCM,,,,,0.6733296796860473,0.6437096949578712,0.4872512595679817,0.6732455925922305,0.6435869685368687,0.2646161945617566,105.0,2.02,ok,
whuhi_longkou,20,48,GS-SPFCM,,,,,0.7394231804347188,0.6576769398258879,0.5095938386462389,0.7393395977354285,0.6575656849825676,5.339817671846034,33.0,9.95,ok,
whuhi_longkou,20,48,Softmax,,,,,0.8734060148168447,0.7709991839184024,0.7597176640439174,0.8735125304338474,0.7711551742823771,3.674016203407819,,6.94,ok,
whuhi_longkou,20,48,Sr-SSFCM,0.99,9762.094674509484,98.6070169142373,0.9575466212791084,0.8734011215392294,0.7711459538960411,0.7596542028494706,0.8735076414623891,0.7713017038722639,2.8315980116090302,5.0,7.94,ok,
whuhi_longkou,20,48,Sw-SSFCM_r1,0.99,9762.094674509484,98.6070169142373,0.9562092645523022,0.8992963466789324,0.813621038708031,0.8112668519877524,0.8993800784191022,0.8137551342025551,6.92383416256491,5.0,7.97,ok,
whuhi_longkou,20,48,Sw-SSFCM_r2,0.99,9762.094674509484,98.6070169142373,0.9563509602056296,0.9035045654280148,0.8233421227424944,0.8193926260660394,0.9035748159302246,0.8234479249242314,6.891352931992115,5.0,7.99,ok,
whuhi_longkou,20,49,FCM,,,,,0.5111762460731447,0.5930853228535067,0.3866700059715042,0.5111370769817446,0.5930310383194051,1.728252275136556,165.0,0.8,ok,
whuhi_longkou,20,49,FCM_S1,,,,,0.5392832326949237,0.6144900307140634,0.407251920688574,0.5392584408092226,0.6144560038984901,1.849460271779974,185.0,2.9,ok,
whuhi_longkou,20,49,FCM_S2,,,,,0.5349771483935369,0.6108067285164901,0.4046641902866084,0.5349414790116456,0.6107679325934143,1.8236518439680809,155.0,5.43,ok,
whuhi_longkou,20,49,FLICM,,,,,0.5461289280786056,0.6414676999661867,0.3799970368371897,0.5460590001075574,0.6413645515617401,2.312114242717456,230.0,24.43,ok,
whuhi_longkou,20,49,KWFLICM,,,,,0.6078478386392774,0.6551465923402398,0.4385318080776932,0.6076893743094328,0.6550595441233042,1.293976441982859,125.0,2.13,ok,
whuhi_longkou,20,49,SSFCM,,,,,0.6732269208561279,0.6436878033096033,0.4872128367007954,0.6726344711599573,0.6411153011312775,0.2760382131699075,115.0,11.81,ok,
whuhi_longkou,20,49,eSFCM,,,,,0.6991270392734461,0.6525943983585717,0.4926997646549811,0.6985117970881286,0.6499571777476151,0.3496235222129251,85.0,8.67,ok,
whuhi_longkou,20,49,S3FCM,,,,,0.6730850158052867,0.6436146288900556,0.48750856290369,0.6729718101905721,0.6434874332955451,0.2650092405748726,69.0,1.75,ok,
whuhi_longkou,20,49,GS-SPFCM,,,,,0.7416398351944099,0.6603147308570173,0.5054834344514799,0.741554301805986,0.6602163792850753,3.863733023340432,119.0,33.5,ok,
whuhi_longkou,20,49,Softmax,,,,,0.847750560280287,0.764521120310947,0.7414504762786738,0.8478796530785854,0.764675438557704,4.971358203604803,,6.95,ok,
whuhi_longkou,20,49,Sr-SSFCM,0.99,9484.274563879704,95.80075317050216,0.9628273984732036,0.8473737779039155,0.7645207701203038,0.7411002105543082,0.8475032022763052,0.7646733959772161,3.656570636324015,5.0,7.91,ok,
whuhi_longkou,20,49,Sw-SSFCM_r1,0.99,9484.274563879704,95.80075317050216,0.9628219598217176,0.8787054344741194,0.8101158611028811,0.7876963092622566,0.8787926196086867,0.8102289731038033,6.912346317473581,5.0,7.94,ok,
whuhi_longkou,20,49,Sw-SSFCM_r2,0.99,9484.274563879704,95.80075317050216,0.963249381171631,0.8872833501335865,0.8213414255661836,0.7981790867259294,0.8873629865748843,0.8214504540417825,5.83234134915869,5.0,7.96,ok,
whuhi_longkou,20,50,FCM,,,,,0.6733101065755864,0.6437383553873388,0.4872631071153261,0.6732162587634813,0.6435931141919231,0.264525894233456,115.0,0.59,ok,
whuhi_longkou,20,50,FCM_S1,,,,,0.684735909807107,0.6649591420951376,0.5019319080704991,0.6846320071183425,0.6648239016120097,0.4324427809925908,115.0,2.0,ok,
whuhi_longkou,20,50,FCM_S2,,,,,0.6846527240876484,0.6621156866862842,0.5004530290463234,0.6845391166606369,0.6619730259616894,0.4103480672041316,115.0,4.92,ok,
whuhi_longkou,20,50,FLICM,,,,,0.7097650248089175,0.6773096108901351,0.4881943296057346,0.7096244292125823,0.677183557540894,0.2425879580483853,295.0,31.28,ok,
whuhi_longkou,20,50,KWFLICM,,,,,0.5939949697106116,0.6630927237792817,0.4036835481944941,0.5938780299400612,0.6629933093470407,1.5177806021087217,145.0,2.25,ok,
whuhi_longkou,20,50,SSFCM,,,,,0.6732367074113583,0.6437486116156291,0.4872828943272169,0.6727420285320375,0.6416646308793303,0.2702632629022747,115.0,11.9,ok,
whuhi_longkou,20,50,eSFCM,,,,,0.6992346913809808,0.6528679926269958,0.4929410233159879,0.6987171338893724,0.651047214445468,0.342983484710135,85.0,8.67,ok,
whuhi_longkou,20,50,S3FCM,,,,,0.6732856401875104,0.6437499165768212,0.4872895213515897,0.6732015918491068,0.6436072176028699,0.2646914833992321,118.0,2.11,ok,
whuhi_longkou,20,50,GS-SPFCM,,,,,0.7485344633542439,0.6645968945522409,0.5072255743351475,0.748359750075779,0.6643850765327703,8.520088604042098,24.0,7.41,ok,
whuhi_longkou,20,50,Softmax,,,,,0.8806284925768979,0.7854127584585895,0.7677674451648971,0.8807237633346696,0.7855483133260636,1.598039111640916,,7.0,ok,
whuhi_longkou,20,50,Sr-SSFCM,0.99,8709.162949888281,87.97134292816453,0.9552069209088122,0.8805795598007458,0.7854601959114422,0.7676955315105295,0.8806748736200878,0.7855955944883884,1.0284163964784472,5.0,7.94,ok,
whuhi_longkou,20,50,Sw-SSFCM_r1,0.99,8709.162949888281,87.97134292816453,0.9558801353331006,0.908299977490923,0.8258398323223294,0.8168558762681601,0.9083611189877874,0.8259389287531403,1.2960631460690424,5.0,7.97,ok,
whuhi_longkou,20,50,Sw-SSFCM_r2,0.99,8709.162949888281,87.97134292816453,0.9561210047084262,0.915982423346806,0.8382273903864101,0.8289286298339594,0.9160221372627628,0.8382921927427243,1.42669591741813,5.0,7.98,ok,
whuhi_longkou,20,51,FCM,,,,,0.6733198931308169,0.6437147333612072,0.4873495245749936,0.6732113697920231,0.6435864893184504,0.2645251443650382,90.0,0.49,ok,
whuhi_longkou,20,51,FCM_S1,,,,,0.6847163366966461,0.6649455520079204,0.5019639755075795,0.6846271181468843,0.6648190340106536,0.4324552713484016,85.0,1.62,ok,
whuhi_longkou,20,51,FCM_S2,,,,,0.6846233644219571,0.6620840110141272,0.5004856822800597,0.6845244497462624,0.6619543026267009,0.4103621718340289,75.0,4.39,ok,
whuhi_longkou,20,51,FLICM,,,,,0.7097748113641479,0.6772877716180297,0.4883045826236663,0.7096244292125823,0.677183557540894,0.2425881660178508,290.0,30.76,ok,
whuhi_longkou,20,51,KWFLICM,,,,,0.5940585823196093,0.6630826832317468,0.4037488069879992,0.5939024747973521,0.663012781441587,1.5181664065420284,205.0,2.54,ok,
whuhi_longkou,20,51,SSFCM,,,,,0.6733345729636625,0.6437443786300217,0.4872996298729669,0.6727420285320375,0.6409275206875678,0.2742399917881937,80.0,8.28,ok,
whuhi_longkou,20,51,eSFCM,,,,,0.6987649367299205,0.6526231846683215,0.492691970420388,0.6981597911431393,0.6497434773619879,0.3468764689072515,50.0,5.15,ok,
whuhi_longkou,20,51,S3FCM,,,,,0.6731633082471301,0.6435459924777105,0.4874606284278313,0.6731869249347322,0.6434643442295783,0.2659514151745425,79.0,1.55,ok,
whuhi_longkou,20,51,GS-SPFCM,,,,,0.7346033019837347,0.6602571465082626,0.5098365548535156,0.7345044049632838,0.6601381773629708,8.317879055194492,19.0,6.28,ok,
whuhi_longkou,20,51,Softmax,,,,,0.8559223338976913,0.7554092995141981,0.7511066813946083,0.8560295684993791,0.7555578269750034,2.090106994839929,,7.02,ok,
whuhi_longkou,20,51,Sr-SSFCM,0.99,7222.136059324589,72.95086928610702,0.9554917745954769,0.8559321204529218,0.7557195788669049,0.7511833025816228,0.8560393464422955,0.7558676608416374,1.849074780448716,5.0,7.9,ok,
whuhi_longkou,20,51,Sw-SSFCM_r1,0.99,7222.136059324589,72.95086928610702,0.9564482064735652,0.8899501864338771,0.807809574439669,0.8007252269419353,0.890027476019595,0.8079262774199736,1.5732033827103071,5.0,7.93,ok,
whuhi_longkou,20,51,Sw-SSFCM_r2,0.99,7222.136059324589,72.95086928610702,0.9568168184420566,0.8995997298910756,0.8207534035620991,0.8118208567285136,0.8996685277351351,0.8208620288742936,1.7377980807643654,5.0,7.95,ok,
whuhi_longkou,40,42,FCM,,,,,0.6733551439402102,0.6438124247133994,0.4869675552588169,0.6732113697920231,0.6435864893184504,0.2645250065947853,100.0,0.53,ok,
whuhi_longkou,40,42,FCM_S1,,,,,0.6847518390455574,0.6650638175466185,0.5015555728736021,0.6846271181468843,0.6648190340106536,0.4324549897973115,80.0,1.54,ok,
whuhi_longkou,40,42,FCM_S2,,,,,0.6846685799923597,0.6622051342812808,0.5001014399494432,0.6845391166606369,0.6619730259616894,0.4103457476358709,65.0,4.27,ok,
whuhi_longkou,40,42,FLICM,,,,,0.7098813803371502,0.6774362231309865,0.4880376595912857,0.7096244292125823,0.677183557540894,0.2425880380798404,280.0,29.72,ok,
whuhi_longkou,40,42,KWFLICM,,,,,0.3761105288419155,0.5359294265643031,0.2929627192610391,0.3759570161629396,0.5356662211465998,13.46693456723245,210.0,2.61,ok,
whuhi_longkou,40,42,SSFCM,,,,,0.5105983877129228,0.5931131735282507,0.3861425918215984,0.5096997193730383,0.5889929173018512,1.844030814761295,155.0,15.94,ok,
whuhi_longkou,40,42,eSFCM,,,,,0.5414728036751526,0.6013005009139092,0.398557296707795,0.5405197954454342,0.59715795168928,3.1663410851710965,170.0,17.31,ok,
whuhi_longkou,40,42,S3FCM,,,,,0.6732914752524708,0.643817546425544,0.4871309567684922,0.6729473653332811,0.6433972476076392,0.2649419178041191,89.0,1.71,ok,
whuhi_longkou,40,42,GS-SPFCM,,,,,0.7171640986962612,0.6537959822413927,0.4964539237149192,0.716899218742361,0.6535568774196661,7.491890253729818,39.0,11.54,ok,
whuhi_longkou,40,42,Softmax,,,,,0.922187068399761,0.8265321760221732,0.8239085820445714,0.9222897986721552,0.8267457811644869,2.1575577311104546,,12.51,ok,
whuhi_longkou,40,42,Sr-SSFCM,0.99,11682.98611144726,118.0099607216896,0.9516697214895536,0.9221282973033862,0.8265527823752044,0.8238847163236322,0.9222262420431988,0.8267640906397328,1.4254166034439046,5.0,14.07,ok,
whuhi_longkou,40,42,Sw-SSFCM_r1,0.99,11682.98611144726,118.0099607216896,0.9484597315629912,0.947404766335916,0.8709919401323477,0.8759785053173786,0.9474680016818062,0.871161134555911,1.6058046810675095,5.0,14.1,ok,
whuhi_longkou,40,42,Sw-SSFCM_r2,0.99,11682.98611144726,118.0099607216896,0.9473335667379932,0.9535708338639056,0.8829196103929356,0.8880623776213302,0.9536232167476606,0.8830664105251274,1.7058378273098678,5.0,14.12,ok,
whuhi_longkou,40,43,FCM,,,,,0.6734726861329599,0.6438847767187404,0.4871658627497588,0.6732113697920231,0.6435918055254313,0.2645248429664377,115.0,0.59,ok,
whuhi_longkou,40,43,FCM_S1,,,,,0.6848791764210361,0.6651319782251365,0.5017956827600538,0.6846320071183425,0.6648194984645256,0.4324638309604848,115.0,2.02,ok,
whuhi_longkou,40,43,FCM_S2,,,,,0.6847714294110157,0.6622594536547055,0.500306357309237,0.6845440056320952,0.661984370532544,0.4103385379011336,110.0,4.85,ok,
whuhi_longkou,40,43,FLICM,,,,,0.7099842297558061,0.6774785378232884,0.4882260986312213,0.7096195402411241,0.6771830633057112,0.2425887022843419,295.0,31.32,ok,
whuhi_longkou,40,43,KWFLICM,,,,,0.5941415012097051,0.6631866256960669,0.4036782575199589,0.5938829189115193,0.6629932977597824,1.5178017377446438,140.0,2.19,ok,
whuhi_longkou,40,43,SSFCM,,,,,0.673369836714304,0.6438955563494273,0.4871647006658587,0.6723802446441318,0.639958204538662,0.2844765114015132,125.0,12.84,ok,
whuhi_longkou,40,43,eSFCM,,,,,0.7007081917113164,0.6532028758843383,0.494776492780236,0.6996704833237184,0.6492235517195013,0.3504544194151273,90.0,9.18,ok,
whuhi_longkou,40,43,S3FCM,,,,,0.6732620897042835,0.6438074355509305,0.4872749067687906,0.6728544748755757,0.6433921794001456,0.2648214121487335,76.0,1.63,ok,
whuhi_longkou,40,43,GS-SPFCM,,,,,0.7190447737802549,0.6518993772468491,0.4907898837685458,0.7186885822960566,0.6515717980888638,6.288085895257519,39.0,11.56,ok,
whuhi_longkou,40,43,Softmax,,,,,0.933892311761076,0.8513092406222731,0.8462860128005708,0.9339646625143002,0.8514613299218924,2.289521123165328,,12.51,ok,
whuhi_longkou,40,43,Sr-SSFCM,0.99,8216.263345347756,82.9925590439168,0.946762846990638,0.9335249924087334,0.8508375522892606,0.8458049153338602,0.9335979896549365,0.8509901970295178,1.74469855734155,5.0,14.07,ok,
whuhi_longkou,40,43,Sw-SSFCM_r1,0.99,8216.263345347756,82.9925590439168,0.942812573663191,0.9574889069555592,0.8944986106275048,0.8990633879302892,0.9575343939142084,0.8946260741040846,2.178353917958072,5.0,14.16,ok,
whuhi_longkou,40,43,Sw-SSFCM_r2,0.99,8216.263345347756,82.9925590439168,0.9417967124249492,0.9626068899315317,0.9050054438469024,0.9108188084676108,0.9626433690880112,0.905119956317514,2.188666493675956,5.0,14.16,ok,
whuhi_longkou,40,44,FCM,,,,,0.6735363548206992,0.643933541954266,0.4872732223260182,0.673235814649314,0.6436094717034151,0.2645271981523054,125.0,0.64,ok,
whuhi_longkou,40,44,FCM_S1,,,,,0.6849183571519527,0.6651371761765524,0.5019512846143522,0.6846320071183425,0.6648194984645256,0.4324642436534254,120.0,2.06,ok,
whuhi_longkou,40,44,FCM_S2,,,,,0.6848204053246614,0.6622643942094035,0.5004455667928336,0.6845391166606369,0.6619734792295532,0.4103442647726299,120.0,4.98,ok,
whuhi_longkou,40,44,FLICM,,,,,0.6704802578092094,0.6831352869520407,0.419489239771206,0.6701215398304504,0.6827976156588529,0.2224637147065591,250.0,26.54,ok,
whuhi_longkou,40,44,KWFLICM,,,,,0.3848429342449383,0.5137907922808339,0.225506134421326,0.3846496074155919,0.5135574070093207,44.27276925866326,845.0,5.94,ok,
whuhi_longkou,40,44,SSFCM,,,,,0.5110783516666504,0.5932207672173556,0.3865808888598355,0.5101788385759404,0.5892442471301476,1.8624154016938053,155.0,16.01,ok,
whuhi_longkou,40,44,eSFCM,,,,,0.5173423710219314,0.5990267367925688,0.3711313635665771,0.5170185096459406,0.5961207080290929,11.562335344442172,160.0,16.31,ok,
whuhi_longkou,40,44,S3FCM,,,,,0.6732767824783772,0.6438619296016029,0.4874760200557884,0.6728251410468266,0.6433717709782331,0.2647319601395207,68.0,1.57,ok,
whuhi_longkou,40,44,GS-SPFCM,,,,,0.7291631975394501,0.6539757608354483,0.4943264248763809,0.7287354186426259,0.6536701748561541,5.049634602940488,70.0,20.19,ok,
whuhi_longkou,40,44,Softmax,,,,,0.9285049612600524,0.8365450785223646,0.8484294645857172,0.9285476821386316,0.8366651946770471,9.617476755315378,,12.56,ok,
whuhi_longkou,40,44,Sr-SSFCM,0.99,8519.921223271609,86.05981033607694,0.9606842331661376,0.9279123527049395,0.8358958486273911,0.8473934098008727,0.9279561165921912,0.8360164429614493,7.402613640741649,5.0,14.04,ok,
whuhi_longkou,40,44,Sw-SSFCM_r1,0.99,8519.921223271609,86.05981033607694,0.9579730935760828,0.9549225690805262,0.8904767082426036,0.8994658880903815,0.954933461098454,0.8905271984587929,9.103505952994867,5.0,14.08,ok,
whuhi_longkou,40,44,Sw-SSFCM_r2,0.99,8519.921223271609,86.05981033607694,0.9573528518785528,0.9603491003124665,0.903053191733973,0.9107987960579538,0.9603504414741226,0.903083316487949,9.355538530257414,5.0,14.09,ok,
whuhi_longkou,40,45,FCM,,,,,0.6734188126279496,0.6438316228944861,0.4871686050252711,0.6732113697920231,0.6435918055254313,0.2645247587048324,115.0,0.59,ok,
whuhi_longkou,40,45,FCM_S1,,,,,0.6848546884642133,0.6650611587682743,0.5018351745867466,0.6846368960898006,0.6648199630084939,0.432469572165329,115.0,2.0,ok,
whuhi_longkou,40,45,FCM_S2,,,,,0.6847616342282865,0.6622308520622358,0.5003737452964234,0.6845440056320952,0.6619857037210236,0.4103152391640288,105.0,4.78,ok,
whuhi_longkou,40,45,FLICM,,,,,0.7099450490248895,0.6774591869058959,0.4881723212216141,0.7096244292125823,0.6771871745908632,0.2425869783394801,290.0,30.77,ok,
whuhi_longkou,40,45,KWFLICM,,,,,0.5639723384039729,0.6428155484245869,0.4516818893495121,0.5638646341582658,0.6426662292994311,3.891509578315976,210.0,2.57,ok,
whuhi_longkou,40,45,SSFCM,,,,,0.5109069359688905,0.593149950805354,0.3865286372420071,0.510007724574904,0.5899457167285174,1.8528241452381868,145.0,15.0,ok,
whuhi_longkou,40,45,eSFCM,,,,,0.5410026349041541,0.6013391686642152,0.3989644732824895,0.5400504541854485,0.5982260486242283,3.222229073654672,160.0,16.43,ok,
whuhi_longkou,40,45,S3FCM,,,,,0.6732229089733669,0.6437319463844818,0.4873092523211584,0.6730353668195285,0.6434988360726873,0.2645920066269432,68.0,1.53,ok,
whuhi_longkou,40,45,GS-SPFCM,,,,,0.7503893585134831,0.6657758275209255,0.5153068837910033,0.7501295577436419,0.6654880843780407,18.10546877049841,37.0,11.06,ok,
whuhi_longkou,40,45,Softmax,,,,,0.9101291984601972,0.8184205123087887,0.8105468417937787,0.9102727068279376,0.8186813180156577,10.94473167141864,,12.47,ok,
whuhi_longkou,40,45,Sr-SSFCM,0.99,8169.908929335274,82.52433261954829,0.9395048745469176,0.9097814694733132,0.8181987843245292,0.8102898957967567,0.9099207008829484,0.8184459031182021,6.9948540761726745,5.0,14.03,ok,
whuhi_longkou,40,45,Sw-SSFCM_r1,0.99,8169.908929335274,82.52433261954829,0.9376931320201336,0.931551263088813,0.8585676023491255,0.8500501724644333,0.9316375121002044,0.8587378475337497,8.384270824864654,5.0,14.06,ok,
whuhi_longkou,40,45,Sw-SSFCM_r2,0.99,8169.908929335274,82.52433261954829,0.9369012804698418,0.9382756560323632,0.8696224262703828,0.8614156491041308,0.938350069912292,0.869770529221743,8.041169330718324,5.0,14.08,ok,
whuhi_longkou,40,46,FCM,,,,,0.5112252794075873,0.5931923828065376,0.3866201525381706,0.5110979652100791,0.5930206273220816,1.7282479490918925,165.0,0.8,ok,
whuhi_longkou,40,46,FCM_S1,,,,,0.5393717369797534,0.6146243598506664,0.4071940958848697,0.5392731077235972,0.6144672467740685,1.849467240480795,150.0,2.45,ok,
whuhi_longkou,40,46,FCM_S2,,,,,0.5350569589875699,0.6109273467179943,0.4046123514838105,0.5349414790116456,0.6107660534976722,1.823649183950526,135.0,5.18,ok,
whuhi_longkou,40,46,FLICM,,,,,0.5462332624815116,0.6415885282698294,0.3798626776729492,0.5460590001075574,0.6413645515617401,2.3121163825958653,205.0,21.75,ok,
whuhi_longkou,40,46,KWFLICM,,,,,0.4904986727527402,0.5665872071795094,0.2999961833642134,0.4903833931417508,0.5665163691198425,3.582210236191909,150.0,2.29,ok,
whuhi_longkou,40,46,SSFCM,,,,,0.6733257583920228,0.6438275772120384,0.4871376600193019,0.6721406850426808,0.6407417023852597,0.2794885775663795,120.0,12.32,ok,
whuhi_longkou,40,46,eSFCM,,,,,0.6995376673751849,0.6528368035767622,0.493575258775476,0.6986975780035396,0.6491957313711206,0.3479173355905583,80.0,8.16,ok,
whuhi_longkou,40,46,S3FCM,,,,,0.6732620897042835,0.6437408621928151,0.487530293053336,0.6730158109336958,0.6434278848541741,0.2659443119178619,75.0,1.82,ok,
whuhi_longkou,40,46,GS-SPFCM,,,,,0.7477789423161689,0.6791507055951312,0.4590643901297532,0.7475579587566368,0.6785605517242284,3.9579593661474095,63.0,18.35,ok,
whuhi_longkou,40,46,Softmax,,,,,0.9061768422289918,0.8180449803270079,0.8149093407299036,0.9062833061180589,0.8182284986158185,6.443624671994373,,12.43,ok,
whuhi_longkou,40,46,Sr-SSFCM,0.99,8339.948469386705,84.24190373117892,0.9485937068326584,0.9058878843384824,0.8178385599314096,0.8143994392264455,0.905994856802026,0.8180219739957187,5.203375043317963,5.0,14.03,ok,
whuhi_longkou,40,46,Sw-SSFCM_r1,0.99,8339.948469386705,84.24190373117892,0.9457272188112248,0.9331037995513808,0.8650781701156758,0.8614234310798407,0.9331775381095324,0.8652228773578826,5.860527852836076,5.0,14.06,ok,
whuhi_longkou,40,46,Sw-SSFCM_r2,0.99,8339.948469386705,84.24190373117892,0.9450316346664452,0.9406950661664594,0.8776726519339014,0.8747454378204423,0.9407652218126352,0.877813716207939,6.19388494185127,5.0,14.08,ok,
whuhi_longkou,40,47,FCM,,,,,0.5112203818162228,0.5932441072815563,0.3865593165676024,0.5110832982957045,0.5930197765178319,1.7282521652327705,160.0,0.78,ok,
whuhi_longkou,40,47,FCM_S1,,,,,0.539376634571118,0.614645828978945,0.4071217259247212,0.5392682187521389,0.6144646487483952,1.8494701614969893,135.0,2.25,ok,
whuhi_longkou,40,47,FCM_S2,,,,,0.5350716517616636,0.6109360776477177,0.404533895522522,0.5349414790116456,0.6107660534976722,1.8236476310606051,120.0,4.98,ok,
whuhi_longkou,40,47,FLICM,,,,,0.5462381600728762,0.6415750289014679,0.3799094583223648,0.5460443331931828,0.6413580700493139,2.3121065655803803,205.0,21.74,ok,
whuhi_longkou,40,47,KWFLICM,,,,,0.5104906407029023,0.6062401356036754,0.3654590174398783,0.5103450636055187,0.6061749346668942,19.26471882065397,260.0,2.83,ok,
whuhi_longkou,40,47,SSFCM,,,,,0.5106522612179331,0.593197091108442,0.3862953997892147,0.5101446157757331,0.5895369280970834,1.842889497601874,165.0,16.94,ok,
whuhi_longkou,40,47,eSFCM,,,,,0.5198450402092251,0.6007881827438586,0.3759426452333964,0.5191256563444182,0.596778647055672,11.162547070239563,275.0,28.03,ok,
whuhi_longkou,40,47,S3FCM,,,,,0.6733110656179291,0.6438108521193124,0.4872778421962605,0.6729522543047394,0.6433718339494731,0.2655116558417112,165.0,2.85,ok,
whuhi_longkou,40,47,GS-SPFCM,,,,,0.6830131941111361,0.6430260726053001,0.4940532026911191,0.682871977393396,0.6427508919696895,4.67523710700956,54.0,15.8,ok,
whuhi_longkou,40,47,Softmax,,,,,0.913185295471687,0.8200689508058774,0.8098360435691875,0.9133087581034702,0.8203051785505769,2.471913404533585,,12.47,ok,
whuhi_longkou,40,47,Sr-SSFCM,0.99,7546.0477056401,76.22270409737482,0.9428297420502932,0.9129404159034586,0.8199144101488658,0.8095804142270463,0.913064309530561,0.8201505311485509,1.8542758797338277,5.0,14.12,ok,
whuhi_longkou,40,47,Sw-SSFCM_r1,0.99,7546.0477056401,76.22270409737482,0.9396312706743049,0.9377222282081672,0.8633600880268938,0.8537738015950459,0.937822060994808,0.863567498420356,1.7858149106853514,5.0,14.15,ok,
whuhi_longkou,40,47,Sw-SSFCM_r2,0.99,7546.0477056401,76.22270409737482,0.9390732786426212,0.9439029885102508,0.8747064977891451,0.8655132995900746,0.9439870540035789,0.8748882791322392,1.9306776012051388,5.0,14.1,ok,
whuhi_longkou,40,48,FCM,,,,,0.6734971740897826,0.643888290163921,0.4871788393300986,0.6732407036207723,0.6436161010022903,0.2645275795099779,130.0,0.65,ok,
whuhi_longkou,40,48,FCM_S1,,,,,0.6848497908728487,0.6650849897205346,0.5017778509897259,0.6846320071183425,0.6648194984645256,0.4324629100128836,130.0,2.19,ok,
whuhi_longkou,40,48,FCM_S2,,,,,0.6847665318196511,0.6622686162617061,0.5003363785063851,0.6845440056320952,0.6619907925367011,0.410319721728901,125.0,5.04,ok,
whuhi_longkou,40,48,FLICM,,,,,0.7099940249385353,0.6774718357607159,0.4882668333267806,0.7096244292125823,0.6771883127534962,0.2425875862953569,300.0,31.84,ok,
whuhi_longkou,40,48,KWFLICM,,,,,0.4301162688189948,0.586241105830246,0.2877060827485451,0.4299508169471306,0.5861118322382687,18.540211036665543,510.0,4.17,ok,
whuhi_longkou,40,48,SSFCM,,,,,0.5107795985934117,0.5931755827715982,0.3864012809575485,0.5100761701753185,0.5895815457849082,1.820758932742148,155.0,16.04,ok,
whuhi_longkou,40,48,eSFCM,,,,,0.534366398605166,0.6072942740946461,0.3917972894992873,0.533817015576263,0.603331264668154,11.65636807635012,525.0,53.85,ok,
whuhi_longkou,40,48,S3FCM,,,,,0.6734237102193141,0.6438792089269789,0.4873792654588771,0.6730060329907794,0.6433956225305335,0.2647645648574218,103.0,2.01,ok,
whuhi_longkou,40,48,GS-SPFCM,,,,,0.7303337218755815,0.6512307297876916,0.4939158875116146,0.729982106364463,0.6508750229245545,13.063432210884471,24.0,7.44,ok,
whuhi_longkou,40,48,Softmax,,,,,0.9154381874993878,0.8214561140599551,0.827257004339307,0.9155479070313188,0.8216859086901132,23.02932094128812,,12.49,ok,
whuhi_longkou,40,48,Sr-SSFCM,0.99,8405.375464131148,84.90278246597126,0.9489138646680628,0.9151835127484304,0.8212665326792682,0.8266207018409533,0.9152936805154932,0.8214962008352791,16.14843441293057,5.0,14.14,ok,
whuhi_longkou,40,48,Sw-SSFCM_r1,0.99,8405.375464131148,84.90278246597126,0.9463925816848178,0.945244928544142,0.8766820944674334,0.880157600392236,0.9452972983543724,0.876801648678121,7.451424658322878,5.0,14.17,ok,
whuhi_longkou,40,48,Sw-SSFCM_r2,0.99,8405.375464131148,84.90278246597126,0.9452166903476557,0.9524394902586908,0.8904514382607119,0.894168687876816,0.9524791974264454,0.8905575099090707,8.274853126079917,5.0,14.19,ok,
whuhi_longkou,40,49,FCM,,,,,0.5112301769989519,0.5931991513065057,0.3865507636972624,0.5111370769817446,0.5930310383194051,1.728252275136556,165.0,0.8,ok,
whuhi_longkou,40,49,FCM_S1,,,,,0.5393913273452117,0.6146317593567444,0.4072217781842046,0.5392584408092226,0.6144560038984901,1.849460271779974,185.0,2.9,ok,
whuhi_longkou,40,49,FCM_S2,,,,,0.5350618565789345,0.6109224422899445,0.4045847510239218,0.5349414790116456,0.6107679325934143,1.8236518439680809,155.0,5.43,ok,
whuhi_longkou,40,49,FLICM,,,,,0.5462087745246887,0.641554712465532,0.3798392085796216,0.5460590001075574,0.6413645515617401,2.312114242717456,230.0,24.39,ok,
whuhi_longkou,40,49,KWFLICM,,,,,0.6078988353527736,0.6552580235384885,0.4383742458639679,0.6076893743094328,0.6550595441233042,1.293976441982859,125.0,2.11,ok,
whuhi_longkou,40,49,SSFCM,,,,,0.6732767824783772,0.643797984798555,0.4870275152036042,0.6720917953280989,0.6391423643580564,0.2881500384272098,115.0,11.8,ok,
whuhi_longkou,40,49,eSFCM,,,,,0.6996307216111116,0.6527317711095689,0.4934190003958256,0.6983993507445904,0.647962933537811,0.3605881595838895,80.0,8.17,ok,
whuhi_longkou,40,49,S3FCM,,,,,0.6731396499201693,0.6436934143362197,0.4873957844930333,0.6727615844178702,0.6432767367934582,0.2655155159933079,68.0,1.75,ok,
whuhi_longkou,40,49,GS-SPFCM,,,,,0.6571930924371394,0.6577543723852204,0.4132582229182363,0.6569897624937666,0.657193239893209,4.30730949382072,41.0,11.99,ok,
whuhi_longkou,40,49,Softmax,,,,,0.9239550988823696,0.8287202043691129,0.8251053976594241,0.9240302725112692,0.8289076351934102,13.817483376086056,,12.49,ok,
whuhi_longkou,40,49,Sr-SSFCM,0.99,10212.142850436512,103.15295808521738,0.954937572085268,0.9238081711414328,0.8288745016204319,0.8249970984119529,0.9238836033675236,0.8290614100700943,12.698055138915834,5.0,14.11,ok,
whuhi_longkou,40,49,Sw-SSFCM_r1,0.99,10212.142850436512,103.15295808521738,0.9520311897722882,0.9489279172502963,0.8769704732639375,0.8795570515342015,0.9489493600336362,0.877064834454492,14.512212297344382,5.0,14.15,ok,
whuhi_longkou,40,49,Sw-SSFCM_r2,0.99,10212.142850436512,103.15295808521738,0.9506450395606052,0.953771635109853,0.8876992294577066,0.8902905522487478,0.9537943307486972,0.887801344070115,15.051032095025333,5.0,14.16,ok,
whuhi_longkou,40,50,FCM,,,,,0.6734286078106787,0.6438360757245128,0.4872403690733786,0.6732162587634813,0.6435931141919231,0.264525894233456,115.0,0.59,ok,
whuhi_longkou,40,50,FCM_S1,,,,,0.6848644836469424,0.6650848714813125,0.5019833867931176,0.6846320071183425,0.6648239016120097,0.4324427809925908,115.0,2.04,ok,
whuhi_longkou,40,50,FCM_S2,,,,,0.6847665318196511,0.6622242672005224,0.5004751012297594,0.6845391166606369,0.6619730259616894,0.4103480672041316,115.0,4.92,ok,
whuhi_longkou,40,50,FLICM,,,,,0.7099940249385353,0.67743368927467,0.4883533041451119,0.7096244292125823,0.677183557540894,0.2425879580483853,295.0,31.28,ok,
whuhi_longkou,40,50,KWFLICM,,,,,0.594175784349257,0.6631226533941612,0.403692423390995,0.5938780299400612,0.6629933093470407,1.5177806021087217,145.0,2.21,ok,
whuhi_longkou,40,50,SSFCM,,,,,0.6732963728438354,0.6438704600092775,0.4872289737479667,0.672306910072259,0.6400594292216201,0.2765941661667297,115.0,11.8,ok,
whuhi_longkou,40,50,eSFCM,,,,,0.6996013360629243,0.6529049076358681,0.4940635815259112,0.6985655757741687,0.6495597512479542,0.3478552536491958,85.0,8.68,ok,
whuhi_longkou,40,50,S3FCM,,,,,0.6731935234251795,0.6436112909304841,0.4876998653490836,0.6731331462486922,0.6434002396961733,0.2668540220055274,67.0,1.52,ok,
whuhi_longkou,40,50,GS-SPFCM,,,,,0.7337963189703304,0.6562755350510291,0.534450224540352,0.7336586129010179,0.6560650615967069,23.55293906536905,26.0,7.96,ok,
whuhi_longkou,40,50,Softmax,,,,,0.9009853953825508,0.8126443734219968,0.8003351889343067,0.9011352191725904,0.8128893645494074,1.645697284905014,,12.46,ok,
whuhi_longkou,40,50,Sr-SSFCM,0.99,8357.00944830865,84.4142368516026,0.946878871577751,0.9009315218775408,0.8127009432434849,0.8002005658509026,0.9010814404865504,0.8129455490202403,1.9812933019341723,5.0,14.1,ok,
whuhi_longkou,40,50,Sw-SSFCM_r1,0.99,8357.00944830865,84.4142368516026,0.9447684515441936,0.9193856461392288,0.8525201785737916,0.8392549034681074,0.91950308494099,0.8527072701052484,1.8956237843567716,5.0,14.14,ok,
whuhi_longkou,40,50,Sw-SSFCM_r2,0.99,8357.00944830865,84.4142368516026,0.9448913843892792,0.9231665866726744,0.8617072793692786,0.8460988739334903,0.9232822598781668,0.8618970020032843,1.936661584053152,5.0,14.15,ok,
whuhi_longkou,40,51,FCM,,,,,0.6734579933588661,0.643816297684578,0.48721308004105,0.6732113697920231,0.6435864893184504,0.2645251443650382,90.0,0.48,ok,
whuhi_longkou,40,51,FCM_S1,,,,,0.684869381238307,0.6650868767834843,0.5018813867589014,0.6846271181468843,0.6648190340106536,0.4324552713484016,85.0,1.61,ok,
whuhi_longkou,40,51,FCM_S2,,,,,0.6847812245937448,0.662220452033896,0.5003982385045116,0.6845244497462624,0.6619543026267009,0.4103621718340289,75.0,4.39,ok,
whuhi_longkou,40,51,FLICM,,,,,0.7099254586594312,0.6774318483593141,0.488126565904751,0.7096244292125823,0.677183557540894,0.2425881660178508,290.0,30.79,ok,
whuhi_longkou,40,51,KWFLICM,,,,,0.5941366036183405,0.6631535166130234,0.4036550282584453,0.5939024747973521,0.663012781441587,1.5181664065420284,205.0,2.58,ok,
whuhi_longkou,40,51,SSFCM,,,,,0.6734041198538558,0.6437798521883746,0.487135486807371,0.6722189085860116,0.6386456677741311,0.2841841332167499,80.0,8.24,ok,
whuhi_longkou,40,51,eSFCM,,,,,0.6986022274245526,0.6524735981248235,0.4929212286645479,0.6973726667383716,0.6472670846625926,0.3555868602432586,45.0,4.61,ok,
whuhi_longkou,40,51,S3FCM,,,,,0.6733257583920228,0.6435668501674396,0.4872680377001139,0.6732162587634813,0.6433444889031641,0.2665385943028565,108.0,1.89,ok,
whuhi_longkou,40,51,GS-SPFCM,,,,,0.7574957635834696,0.665177388125964,0.5258150906022873,0.7571990104721769,0.6648473527046816,2.343688081469096,22.0,7.11,ok,
whuhi_longkou,40,51,Softmax,,,,,0.9197970438138524,0.8302042904929874,0.8257966279074898,0.9199137585434776,0.8304284602379436,1.4966056667673302,,12.55,ok,
whuhi_longkou,40,51,Sr-SSFCM,0.99,7782.178240708296,78.60786101725559,0.9404070602725932,0.9195325738801656,0.8299085557368251,0.8253169629549554,0.9196448651132776,0.8301283739915903,1.1618885569331572,5.0,13.99,ok,
whuhi_longkou,40,51,Sw-SSFCM_r1,0.99,7782.178240708296,78.60786101725559,0.9362288682767912,0.9409007650037712,0.868430017463069,0.8721154920675372,0.9409852255282534,0.8686198469097798,1.0938817833168606,5.0,14.0,ok,
whuhi_longkou,40,51,Sw-SSFCM_r2,0.99,7782.178240708296,78.60786101725559,0.9356088819059458,0.94543593460736,0.87745762525915,0.8813617880697365,0.9455075241270742,0.8776282831179891,1.088243633998307,5.0,14.02,ok,
whuhi_longkou,60,42,FCM,,,,,0.6736208468544426,0.6439647952818982,0.4870908897166948,0.6732113697920231,0.6435864893184504,0.2645250065947853,100.0,0.52,ok,
whuhi_longkou,60,42,FCM_S1,,,,,0.6849638729032068,0.6651891477246241,0.5015935128334066,0.6846271181468843,0.6648190340106536,0.4324549897973115,80.0,1.54,ok,
whuhi_longkou,60,42,FCM_S2,,,,,0.684909951863217,0.6623821277285573,0.5001973054177139,0.6845391166606369,0.6619730259616894,0.4103457476358709,65.0,4.28,ok,
whuhi_longkou,60,42,FLICM,,,,,0.7100665679748238,0.6775431671050857,0.4880424384051903,0.7096244292125823,0.677183557540894,0.2425880380798404,280.0,29.87,ok,
whuhi_longkou,60,42,KWFLICM,,,,,0.3760551367143459,0.536000303402416,0.2928341225969955,0.3759570161629396,0.5356662211465998,13.46693456723245,210.0,2.61,ok,
whuhi_longkou,60,42,SSFCM,,,,,0.5108234232997716,0.5932638815662045,0.3862081166096767,0.5094748266859618,0.5873880697522843,1.8773078605019224,160.0,16.43,ok,
whuhi_longkou,60,42,eSFCM,,,,,0.5424946814246919,0.6012810115675503,0.3990965813820896,0.5410624712772927,0.5953903357833534,3.153428383482648,185.0,18.84,ok,
whuhi_longkou,60,42,S3FCM,,,,,0.6735228085999156,0.6438992144572913,0.4872077576024186,0.6731624800774413,0.6435526794369708,0.2649536081400512,92.0,1.74,ok,
whuhi_longkou,60,42,GS-SPFCM,,,,,0.7535465338575112,0.6632074385100106,0.5214511301346256,0.7531949428479237,0.6628057890090845,2.0462919667364146,32.0,9.61,ok,
whuhi_longkou,60,42,Softmax,,,,,0.9316624346820128,0.8467497557474009,0.8525407633888425,0.9317988481583244,0.8470534462895543,5.787707182392913,,17.89,ok,
whuhi_longkou,60,42,KFCM,,,,,0.507313653787708,0.5926598456541206,0.3839338000033278,0.5071427873004077,0.5923795960892362,1.7325220496458864,144.0,1.0,ok,
whuhi_longkou,60,42,SMUC,,,,,0.7597131400672542,0.7944362089191584,0.6650155742017666,0.7603475080912477,0.7938983300024935,2.094044256423107,86.0,23.07,ok,
whuhi_longkou,60,42,S2-PFCM,,,,,0.7535759453338693,0.6635674874608832,0.5215270737178411,0.7542265158256006,0.6638108536255195,2.163473174193831,32.0,9.58,ok,
whuhi_longkou,60,42,Sr-SSFCM,0.99,9024.204256289722,91.15357834636092,0.9391691221580748,0.931677140420192,0.8468482290248713,0.8524268679126115,0.931813515072699,0.84715131600719,4.644713266719369,5.0,20.17,ok,
whuhi_longkou,60,42,Sw-SSFCM_r1,0.99,9024.204256289722,91.15357834636092,0.9357334641142918,0.9528239919216478,0.8902436866713112,0.9000578512165398,0.9528996489718492,0.8904262470499898,3.267210969742093,5.0,20.2,ok,
whuhi_longkou,60,42,Sw-SSFCM_r2,0.99,9024.204256289722,91.15357834636092,0.9348201950510808,0.956554347506397,0.8991122166852887,0.9088099763843446,0.9566152672800696,0.8992608904230386,3.4646938473859743,5.0,20.22,ok,
whuhi_longkou,60,43,FCM,,,,,0.6734835932981049,0.6439830693253105,0.4868966378350856,0.6732113697920231,0.6435918055254313,0.2645248429664377,115.0,0.59,ok,
whuhi_longkou,60,43,FCM_S1,,,,,0.684909951863217,0.6652062148893946,0.5016225431561426,0.6846320071183425,0.6648194984645256,0.4324638309604848,115.0,2.0,ok,
whuhi_longkou,60,43,FCM_S2,,,,,0.6848119136086901,0.6623645122396542,0.5001165067187219,0.6845440056320952,0.661984370532544,0.4103385379011336,110.0,4.84,ok,
whuhi_longkou,60,43,FLICM,,,,,0.7100910775384555,0.6776044949668683,0.4881480196595577,0.7096195402411241,0.6771830633057112,0.2425887022843419,295.0,31.3,ok,
whuhi_longkou,60,43,KWFLICM,,,,,0.5943226046803463,0.6633151245826447,0.4036527474069322,0.5938829189115193,0.6629932977597824,1.5178017377446438,140.0,2.18,ok,
whuhi_longkou,60,43,SSFCM,,,,,0.6733806531308516,0.6439502805626104,0.4868149253744314,0.6718962364697715,0.6383991856066331,0.2953209390587579,125.0,12.84,ok,
whuhi_longkou,60,43,eSFCM,,,,,0.7012725365437594,0.6532329016805684,0.4950265439889589,0.6998611532105875,0.647640963903185,0.3566998492337782,90.0,9.19,ok,
whuhi_longkou,60,43,S3FCM,,,,,0.6733610454799462,0.643917173863073,0.4870752490609523,0.6731380352201504,0.6435424286947824,0.2647256172358578,77.0,1.64,ok,
whuhi_longkou,60,43,GS-SPFCM,,,,,0.7502426446799542,0.6659422065165732,0.5070901588642117,0.7499388878567727,0.6655870380328982,7.185147151604879,111.0,31.53,ok,
whuhi_longkou,60,43,Softmax,,,,,0.931932039881962,0.8448491080267595,0.8554762527612557,0.9320335187883172,0.845108909872195,2.792577068760759,,17.88,ok,
whuhi_longkou,60,43,KFCM,,,,,0.6732875167890511,0.6438116055082644,0.4875168743020369,0.6730060329907794,0.6434131764502558,0.2648437317522507,114.0,0.83,ok,
whuhi_longkou,60,43,SMUC,,,,,0.807663650356369,0.8429298721736427,0.7734453650444972,0.8075847503202276,0.8425991196139174,2.7799610418937344,51.0,13.87,ok,
whuhi_longkou,60,43,S2-PFCM,,,,,0.7497181400182351,0.6669605984508618,0.5011943161100706,0.7498802201992745,0.6671759979970847,8.293481279310345,127.0,35.91,ok,
whuhi_longkou,60,43,Sr-SSFCM,0.99,8167.0494236309405,82.49544872354492,0.9454262764341302,0.931677140420192,0.8446123942853366,0.8549517125141997,0.9317792922724916,0.8448723536927645,2.090292052071563,5.0,20.12,ok,
whuhi_longkou,60,43,Sw-SSFCM_r1,0.99,8167.0494236309405,82.49544872354492,0.9421536982990818,0.949240693718689,0.8826447855311039,0.8963543866184591,0.949291588035709,0.8828023377072615,3.169804485590264,5.0,20.15,ok,
whuhi_longkou,60,43,Sw-SSFCM_r2,0.99,8167.0494236309405,82.49544872354492,0.9414222352117412,0.9526524249762256,0.8910329697512641,0.9041270030113354,0.9526943121706056,0.8911696612415735,3.463302204851231,5.0,20.17,ok,
whuhi_longkou,60,44,FCM,,,,,0.6735522200762738,0.6439704926284909,0.4869144191291444,0.673235814649314,0.6436094717034151,0.2645271981523054,125.0,0.63,ok,
whuhi_longkou,60,44,FCM_S1,,,,,0.6849148537759434,0.6651700165212979,0.5015347347870288,0.6846320071183425,0.6648194984645256,0.4324642436534254,120.0,2.08,ok,
whuhi_longkou,60,44,FCM_S2,,,,,0.6848609327359536,0.6623452760948568,0.5001294832744557,0.6845391166606369,0.6619734792295532,0.4103442647726299,120.0,4.98,ok,
whuhi_longkou,60,44,FLICM,,,,,0.6705620533132028,0.683255864446527,0.4192286270406793,0.6701215398304504,0.6827976156588529,0.2224637147065591,250.0,26.53,ok,
whuhi_longkou,60,44,KWFLICM,,,,,0.3849423044872109,0.5139027340219784,0.2254923297849444,0.3846496074155919,0.5135574070093207,44.27276925866326,845.0,5.96,ok,
whuhi_longkou,60,44,SSFCM,,,,,0.5107695022597818,0.5932188854112757,0.3861641172603234,0.5094210479999218,0.5876489912957609,1.9265530099047303,155.0,16.03,ok,
whuhi_longkou,60,44,eSFCM,,,,,0.5193135361418025,0.5991414188864825,0.3705428895793808,0.5188225401140109,0.5950374632217756,10.41350729467592,180.0,18.34,ok,
whuhi_longkou,60,44,S3FCM,,,,,0.673228693836335,0.643802338616891,0.487123731379996,0.672702916760372,0.6431567885744809,0.2649696531903276,72.0,1.62,ok,
whuhi_longkou,60,44,GS-SPFCM,,,,,0.77164439564318,0.6747959992701124,0.5425748985105873,0.7712841372432068,0.674505593789568,5.844494741746346,52.0,15.23,ok,
whuhi_longkou,60,44,Softmax,,,,,0.9281967823844864,0.8391913591590137,0.8465029879596552,0.928317900480097,0.8394782168011051,1.838262005501277,,17.88,ok,
whuhi_longkou,60,44,KFCM,,,,,0.5071273811041068,0.5925709317178167,0.3837669615881718,0.5069325615277058,0.5923294678864119,1.7325301262999009,141.0,0.98,ok,
whuhi_longkou,60,44,SMUC,,,,,0.8009970490485387,0.8318702426073271,0.7441410586988707,0.8009357491370965,0.8315429502812469,1.7493990236479873,51.0,13.74,ok,
whuhi_longkou,60,44,S2-PFCM,,,,,0.7718600798031392,0.6751047921008373,0.5439239717347943,0.7724623793646292,0.6753891867818164,5.938309404161204,52.0,15.13,ok,
whuhi_longkou,60,44,Sr-SSFCM,0.99,7986.403530115927,80.67074272844378,0.940875542458718,0.927892863795453,0.8388811729205502,0.8459583813816492,0.9280147842496896,0.8391680412810313,1.215723420528198,5.0,20.07,ok,
whuhi_longkou,60,44,Sw-SSFCM_r1,0.99,7986.403530115927,80.67074272844378,0.9351364256612352,0.9517700806854836,0.8864134066598446,0.891594336497558,0.9518240752510488,0.886582256260936,1.4873636811702935,5.0,20.11,ok,
whuhi_longkou,60,44,Sw-SSFCM_r2,0.99,7986.403530115927,80.67074272844378,0.9335656863173416,0.957872962029784,0.8988002634023641,0.9042507290064328,0.9579059557450303,0.8989191235983461,1.567275696120286,5.0,20.13,ok,
whuhi_longkou,60,45,FCM,,,,,0.6735081028617367,0.6439972089820258,0.4869103816465736,0.6732113697920231,0.6435918055254313,0.2645247587048324,115.0,0.59,ok,
whuhi_longkou,60,45,FCM_S1,,,,,0.6848952461250379,0.6651868057438703,0.5014986138569272,0.6846368960898006,0.6648199630084939,0.432469572165329,115.0,2.05,ok,
whuhi_longkou,60,45,FCM_S2,,,,,0.6848315212595955,0.6623597010706077,0.5001077075199267,0.6845440056320952,0.6619857037210236,0.4103152391640288,105.0,4.78,ok,
whuhi_longkou,60,45,FLICM,,,,,0.7100812737130028,0.6775055789596797,0.4880491745470988,0.7096244292125823,0.6771871745908632,0.2425869783394801,290.0,30.76,ok,
whuhi_longkou,60,45,KWFLICM,,,,,0.5640434897697082,0.6429488922797438,0.4515169919114385,0.5638646341582658,0.6426662292994311,3.891509578315976,210.0,2.56,ok,
whuhi_longkou,60,45,SSFCM,,,,,0.5109165596415721,0.5932171236253316,0.3861923208606624,0.5095677171436673,0.5886537342799042,1.9185072103296656,145.0,14.91,ok,
whuhi_longkou,60,45,eSFCM,,,,,0.5422348800501956,0.601013221532886,0.3992799089168032,0.5408033557900089,0.5965714696200063,3.2008472232771807,185.0,18.92,ok,
whuhi_longkou,60,45,S3FCM,,,,,0.6732777129635984,0.6439460732366624,0.4869864345916808,0.672732250589121,0.6433622679306087,0.265058048779127,105.0,1.96,ok,
whuhi_longkou,60,45,GS-SPFCM,,,,,0.7538602562719974,0.6686478796273637,0.5224639604977034,0.7536251723362439,0.6683395354766545,2.075682587107525,40.0,11.98,ok,
whuhi_longkou,60,45,Softmax,,,,,0.93221635082009,0.8433445354835215,0.851769058955555,0.9323317460472664,0.8436361401926564,2.413969314984997,,17.98,ok,
whuhi_longkou,60,45,KFCM,,,,,0.5071126753659277,0.5925508463825467,0.3836947872310934,0.5069814512422877,0.5923388276841305,1.732529100685677,132.0,0.93,ok,
whuhi_longkou,60,45,SMUC,,,,,0.8040999598043156,0.8353423800781163,0.7655383667163939,0.8040304680701275,0.8350542290885445,2.852131154751608,61.0,16.43,ok,
whuhi_longkou,60,45,S2-PFCM,,,,,0.7542328016391996,0.6689599808303984,0.5241187828910887,0.7548816380009974,0.6692229276359014,2.177459882039031,39.0,11.58,ok,
whuhi_longkou,60,45,Sr-SSFCM,0.99,8513.520805367589,85.99515965017774,0.93945631501676,0.9320153723983098,0.8431712108097352,0.8512891616049744,0.9321264092460227,0.8434492019161717,1.5154423482801598,5.0,20.12,ok,
whuhi_longkou,60,45,Sw-SSFCM_r1,0.99,8513.520805367589,85.99515965017774,0.9328888203000488,0.95498083352124,0.8905830136176104,0.900399051058439,0.9550459074419924,0.8907919853891504,1.7253573846811774,5.0,20.16,ok,
whuhi_longkou,60,45,Sw-SSFCM_r2,0.99,8513.520805367589,85.99515965017774,0.9312451012338206,0.9597798060803324,0.9014983243261444,0.911950775415509,0.9598370994710133,0.9016908933150766,1.80163554843244,5.0,20.18,ok,
whuhi_longkou,60,46,FCM,,,,,0.5112498897069636,0.593233962234753,0.3862651595888155,0.5110979652100791,0.5930206273220816,1.7282479490918925,165.0,0.8,ok,
whuhi_longkou,60,46,FCM_S1,,,,,0.5395192203998,0.6147124842674856,0.4070920302912154,0.5392731077235972,0.6144672467740685,1.849467240480795,150.0,2.47,ok,
whuhi_longkou,60,46,FCM_S2,,,,,0.5351859295497103,0.6110044434135614,0.4044469538369181,0.5349414790116456,0.6107660534976722,1.823649183950526,135.0,5.17,ok,
whuhi_longkou,60,46,FLICM,,,,,0.5463279771766943,0.6416963909931067,0.3797624797445361,0.5460590001075574,0.6413645515617401,2.3121163825958653,205.0,21.89,ok,
whuhi_longkou,60,46,KWFLICM,,,,,0.4906471505181322,0.5666139814502613,0.2999706453410893,0.4903833931417508,0.5665163691198425,3.582210236191909,150.0,2.24,ok,
whuhi_longkou,60,46,SSFCM,,,,,0.6732679091381457,0.6438874966143576,0.4867752519963914,0.6714904518387421,0.6395078089653313,0.2886320443791564,120.0,12.35,ok,
whuhi_longkou,60,46,eSFCM,,,,,0.699551965176812,0.6529045878347667,0.4932830007388066,0.6982917933725102,0.647734131005793,0.352752851733817,75.0,7.65,ok,
whuhi_longkou,60,46,S3FCM,,,,,0.6732875167890511,0.6438011115655251,0.4870848704406694,0.6727860292751611,0.643139750148869,0.2661374567120194,87.0,1.96,ok,
whuhi_longkou,60,46,GS-SPFCM,,,,,0.7401005872491446,0.6588425952478684,0.5042185378692029,0.7395889352797959,0.6583701596384499,14.02200612322599,89.0,25.69,ok,
whuhi_longkou,60,46,Softmax,,,,,0.9379810001862728,0.8566999821088218,0.8623123023985784,0.9380811764820915,0.8569573308901035,8.472039968527078,,18.03,ok,
whuhi_longkou,60,46,KFCM,,,,,0.6733953588690307,0.6437702218530004,0.4874603347424659,0.6730891455055685,0.6434312496628901,0.264869455406069,116.0,0.84,ok,
whuhi_longkou,60,46,SMUC,,,,,0.8111979294320644,0.8330617308464998,0.7647216338685783,0.8111096987415788,0.8328206442620318,2.9563219504452327,61.0,16.45,ok,
whuhi_longkou,60,46,S2-PFCM,,,,,0.7398309820491956,0.6600780558495278,0.50257780329297,0.7399311632818688,0.6601754133407784,15.871575295733258,93.0,26.8,ok,
whuhi_longkou,60,46,Sr-SSFCM,0.99,9354.330567720956,94.48818755273705,0.948344268696726,0.93771629689905,0.8563504595943894,0.8618430280155828,0.9378171720233496,0.8566083952701348,7.768900051238993,5.0,20.3,ok,
whuhi_longkou,60,46,Sw-SSFCM_r1,0.99,9354.330567720956,94.48818755273705,0.9447054760316408,0.956314153782806,0.8963117437764565,0.9012577766889044,0.9563903745929933,0.8965161155258108,7.220301093995104,5.0,20.33,ok,
whuhi_longkou,60,46,Sw-SSFCM_r2,0.99,9354.330567720956,94.48818755273705,0.9440418991607306,0.9604611719492946,0.9058627231724974,0.9104530154520224,0.9605215554751592,0.906032608975146,6.966784162911125,5.0,20.35,ok,
whuhi_longkou,60,47,FCM,,,,,0.511225380143332,0.5932938016826863,0.3864364152173535,0.5110832982957045,0.5930197765178319,1.7282521652327705,160.0,0.78,ok,
whuhi_longkou,60,47,FCM_S1,,,,,0.5393819668434623,0.6146967081462046,0.4070031852279334,0.5392682187521389,0.6144646487483952,1.8494701614969893,135.0,2.25,ok,
whuhi_longkou,60,47,FCM_S2,,,,,0.5350633817315517,0.6110204289780239,0.4044036782323103,0.5349414790116456,0.6107660534976722,1.8236476310606051,120.0,4.98,ok,
whuhi_longkou,60,47,FLICM,,,,,0.5462446446603465,0.6416913974865834,0.379718706660058,0.5460443331931828,0.6413580700493139,2.3121065655803803,205.0,21.76,ok,
whuhi_longkou,60,47,KWFLICM,,,,,0.5106175429652651,0.6062954399791234,0.3655030280201667,0.5103450636055187,0.6061749346668942,19.26471882065397,260.0,2.82,ok,
whuhi_longkou,60,47,SSFCM,,,,,0.5108626386015823,0.5932658604988164,0.3863434477262115,0.5101006150326094,0.5880636109224735,1.9136347633189128,165.0,16.96,ok,
whuhi_longkou,60,47,eSFCM,,,,,0.5162106253860256,0.5995311820351769,0.3696938860659594,0.5151411446059978,0.593903750993245,9.669593291894074,160.0,16.3,ok,
whuhi_longkou,60,47,S3FCM,,,,,0.6733659473926726,0.643918658585046,0.4874269522652546,0.6731038124199431,0.6435260500453753,0.2655559525591386,73.0,1.78,ok,
whuhi_longkou,60,47,GS-SPFCM,,,,,0.7483456044548583,0.6793708074099286,0.4533315379693233,0.747988188244957,0.678513152065472,2.09419652237268,37.0,11.08,ok,
whuhi_longkou,60,47,Softmax,,,,,0.9313438103548004,0.8473297926997063,0.8507469128379063,0.931466398099168,0.8476126169190958,7.764479135412754,,18.0,ok,
whuhi_longkou,60,47,KFCM,,,,,0.5070391466750326,0.5925789947861592,0.3837890473315728,0.506913005641873,0.5923199890979003,1.7325242529605387,153.0,1.05,ok,
whuhi_longkou,60,47,SMUC,,,,,0.801751943608396,0.8382314011533704,0.7608273194643015,0.801688650741657,0.8378732581267092,2.5356454656903686,56.0,15.08,ok,
whuhi_longkou,60,47,S2-PFCM,,,,,0.7483995254948481,0.6793936973431628,0.4534273416282708,0.7484770853907755,0.6791949256081565,2.1019669428915515,37.0,10.99,ok,
whuhi_longkou,60,47,Sr-SSFCM,0.99,8348.206167700868,84.32531482526136,0.9444566233628856,0.9311232242821148,0.847129400380704,0.8503707732448977,0.9312463943835496,0.8474125309946106,6.147536401537023,5.0,20.25,ok,
whuhi_longkou,60,47,Sw-SSFCM_r1,0.99,8348.206167700868,84.32531482526136,0.939743662493832,0.9483975647297576,0.8852031972509066,0.8899967942659646,0.9484800187736504,0.8853996770215564,6.079773001937819,5.0,20.28,ok,
whuhi_longkou,60,47,Sw-SSFCM_r2,0.99,8348.206167700868,84.32531482526136,0.9390582535827536,0.9518877265909158,0.8937736830395765,0.8983533585601491,0.9519756333662523,0.8939771614966542,6.444039698542981,5.0,20.24,ok,
whuhi_longkou,60,48,FCM,,,,,0.6736110430289899,0.6440805647285984,0.4870616329499878,0.6732407036207723,0.6436161010022903,0.2645275795099779,130.0,0.65,ok,
whuhi_longkou,60,48,FCM_S1,,,,,0.6849638729032068,0.6652546518184851,0.5016446691906423,0.6846320071183425,0.6648194984645256,0.4324629100128836,130.0,2.19,ok,
whuhi_longkou,60,48,FCM_S2,,,,,0.6848854422995853,0.6624582445931136,0.5001907487078521,0.6845440056320952,0.6619907925367011,0.410319721728901,125.0,5.04,ok,
whuhi_longkou,60,48,FLICM,,,,,0.7101155871020872,0.6776731597636529,0.4881984472592319,0.7096244292125823,0.6771883127534962,0.2425875862953569,300.0,31.82,ok,
whuhi_longkou,60,48,KWFLICM,,,,,0.430133037911393,0.5862703418259273,0.2875804666997598,0.4299508169471306,0.5861118322382687,18.540211036665543,510.0,4.15,ok,
whuhi_longkou,60,48,SSFCM,,,,,0.510445976019843,0.5932655447914044,0.3859709498965998,0.5093917141711727,0.5881973992047965,1.87438752922424,155.0,16.02,ok,
whuhi_longkou,60,48,eSFCM,,,,,0.5174312016548858,0.5998566845455076,0.3704795374311295,0.5166518367865769,0.5946023795724902,10.15891391492226,170.0,17.45,ok,
whuhi_longkou,60,48,S3FCM,,,,,0.6733708493053989,0.6439751561697504,0.4872106084343356,0.6730598116768194,0.6435574761137808,0.2646876525733203,74.0,1.66,ok,
whuhi_longkou,60,48,GS-SPFCM,,,,,0.7618797854922991,0.6743738733809295,0.5210262646527305,0.761467082555172,0.6739080259857309,3.227955333235701,31.0,9.39,ok,
whuhi_longkou,60,48,Softmax,,,,,0.9346624052705366,0.8540005936489186,0.8567411941740282,0.9347664538334424,0.8542272187845441,1.988436852685596,,17.99,ok,
whuhi_longkou,60,48,KFCM,,,,,0.5075881609003833,0.5927485052074623,0.3841035206893489,0.5073725689589424,0.5924273913011611,1.7325263628291236,161.0,1.1,ok,
whuhi_longkou,60,48,SMUC,,,,,0.8036685914843972,0.8197036994572766,0.7476048365946495,0.8036002385818072,0.819580816739603,2.4159765532330635,86.0,23.13,ok,
whuhi_longkou,60,48,S2-PFCM,,,,,0.7623944863285654,0.6751258480023675,0.5227490797041368,0.7630217754788747,0.675326014256966,3.453671650501489,31.0,9.32,ok,
whuhi_longkou,60,48,Sr-SSFCM,0.99,10217.376734881938,103.20582560486817,0.9571298460172418,0.9343928000705876,0.8537384118690247,0.8563459668010431,0.9344975604032424,0.8539653367018588,1.5502937415333662,5.0,20.25,ok,
whuhi_longkou,60,48,Sw-SSFCM_r1,0.99,10217.376734881938,103.20582560486817,0.95408991364063,0.9565739551573024,0.8971418913524318,0.8972754155530388,0.9566348231659024,0.897312206567032,1.312155873607836,5.0,20.28,ok,
whuhi_longkou,60,48,Sw-SSFCM_r2,0.99,10217.376734881938,103.20582560486817,0.9533964584386536,0.9619072362035668,0.9072329473440182,0.907500836807881,0.9619589130838654,0.9073924167404406,1.393673919357289,5.0,20.3,ok,
whuhi_longkou,60,49,FCM,,,,,0.51125479161969,0.5932991156279943,0.386454689783866,0.5111370769817446,0.5930310383194051,1.728252275136556,165.0,0.8,ok,
whuhi_longkou,60,49,FCM_S1,,,,,0.539377064930736,0.6147147400719131,0.4070357867082426,0.5392584408092226,0.6144560038984901,1.849460271779974,185.0,2.95,ok,
whuhi_longkou,60,49,FCM_S2,,,,,0.5350878912951834,0.6110564581955334,0.4045001277592537,0.5349414790116456,0.6107679325934143,1.8236518439680809,155.0,5.43,ok,
whuhi_longkou,60,49,FLICM,,,,,0.5462544484857992,0.6416769705834797,0.379771922601024,0.5460590001075574,0.6413645515617401,2.312114242717456,230.0,24.37,ok,
whuhi_longkou,60,49,KWFLICM,,,,,0.6081018813541044,0.6553911004901408,0.4384705396367383,0.6076893743094328,0.6550595441233042,1.293976441982859,125.0,2.11,ok,
whuhi_longkou,60,49,SSFCM,,,,,0.6733512416544936,0.6439595353998727,0.4869788121631488,0.6715735643535313,0.6374128443466686,0.2974077853396922,115.0,11.9,ok,
whuhi_longkou,60,49,eSFCM,,,,,0.6998705895040245,0.6526137970778372,0.4934877988760044,0.6980228999423101,0.6459122722551031,0.369037544635673,85.0,8.72,ok,
whuhi_longkou,60,49,S3FCM,,,,,0.6733218301781355,0.6439187409157133,0.4874149274096417,0.673074478591194,0.6435467227721245,0.2658334999107613,69.0,1.76,ok,
whuhi_longkou,60,49,GS-SPFCM,,,,,0.7432672228703641,0.6644825337331449,0.5118810543663133,0.742903657928445,0.6640211061527621,1.99577935754174,123.0,34.55,ok,
whuhi_longkou,60,49,Softmax,,,,,0.9219321379202164,0.8371270588187275,0.8400417553891691,0.9220697949565372,0.8374013801906488,5.163845195116921,,17.88,ok,
whuhi_longkou,60,49,KFCM,,,,,0.6733463397417673,0.6438296407915923,0.4875947050610855,0.6730842565341103,0.6434527783853494,0.2648713695055718,117.0,0.86,ok,
whuhi_longkou,60,49,SMUC,,,,,0.7712718502759777,0.7989480816813119,0.6868035084963688,0.7718757027896471,0.7989045193593239,3.088672014086489,106.0,28.48,ok,
whuhi_longkou,60,49,S2-PFCM,,,,,0.7435858471975765,0.6644408670720942,0.5133719642944026,0.7442627919938204,0.6646378348997652,2.0440230649205584,98.0,27.62,ok,
whuhi_longkou,60,49,Sr-SSFCM,0.99,8673.980861869151,87.61596830170868,0.9516689129755252,0.9216527288948148,0.8368480970088483,0.8396825638145882,0.9217911235834204,0.8371227043717877,2.901191332367421,5.0,20.2,ok,
whuhi_longkou,60,49,Sw-SSFCM_r1,0.99,8673.980861869151,87.61596830170868,0.9480501337161288,0.948799521573318,0.8873168180547666,0.886313499038707,0.9488711364903052,0.8874668600077783,3.80699831137432,5.0,20.23,ok,
whuhi_longkou,60,49,Sw-SSFCM_r2,0.99,8673.980861869151,87.61596830170868,0.9469721323131962,0.9546376996303958,0.8980483636154399,0.8974929199777555,0.9547085684113776,0.8982075518297067,3.859277893201008,5.0,20.25,ok,
whuhi_longkou,60,50,FCM,,,,,0.6735865334653581,0.6440001269786679,0.4871411503870108,0.6732162587634813,0.6435931141919231,0.264525894233456,115.0,0.59,ok,
whuhi_longkou,60,50,FCM_S1,,,,,0.6849834805541122,0.6652400185021712,0.5017718392889149,0.6846320071183425,0.6648239016120097,0.4324427809925908,115.0,2.06,ok,
whuhi_longkou,60,50,FCM_S2,,,,,0.684909951863217,0.6623887453804104,0.5003335115199685,0.6845391166606369,0.6619730259616894,0.4103480672041316,115.0,4.92,ok,
whuhi_longkou,60,50,FLICM,,,,,0.7101057832766345,0.6775980654584902,0.4881759761599814,0.7096244292125823,0.677183557540894,0.2425879580483853,295.0,31.28,ok,
whuhi_longkou,60,50,KWFLICM,,,,,0.5942588798149038,0.6632256277506418,0.4035978848369096,0.5938780299400612,0.6629933093470407,1.5177806021087217,145.0,2.22,ok,
whuhi_longkou,60,50,SSFCM,,,,,0.6733757512181253,0.6439746987388164,0.4871260872062079,0.6718913474983133,0.63859098538406,0.2817325631402934,115.0,11.83,ok,
whuhi_longkou,60,50,eSFCM,,,,,0.6997382378604131,0.6529456000643082,0.4940680322016564,0.6981842360004302,0.6482006750551005,0.3522575515752845,85.0,8.67,ok,
whuhi_longkou,60,50,S3FCM,,,,,0.6734100646072098,0.6438560301981157,0.4873272329900884,0.672810474132452,0.6433317013449569,0.265401776787166,85.0,1.79,ok,
whuhi_longkou,60,50,GS-SPFCM,,,,,0.7458309232262429,0.6622212608100697,0.5096434031988245,0.7454948128012828,0.6617433433666804,17.141505171743525,24.0,7.4,ok,
whuhi_longkou,60,50,Softmax,,,,,0.9158782757031794,0.8278139645972221,0.8250281345570777,0.9160514710915116,0.828141761070078,6.498756653521831,,17.85,ok,
whuhi_longkou,60,50,KFCM,,,,,0.6733708493053989,0.6437855721323257,0.4877755862072349,0.6729913660764049,0.643360475252484,0.2648241560258731,103.0,0.87,ok,
whuhi_longkou,60,50,SMUC,,,,,0.7660709208733247,0.8039938145424722,0.653874886797626,0.7661018274975311,0.8028416662216479,1.8207891468940136,171.0,45.68,ok,
whuhi_longkou,60,50,S2-PFCM,,,,,0.7451838707463653,0.6621408065460488,0.5055752072240094,0.7449765818267153,0.6622606031284047,16.425010764754923,23.0,7.07,ok,
whuhi_longkou,60,50,Sr-SSFCM,0.99,7537.629678364874,76.13767351883718,0.9447783522026064,0.9156969049323046,0.8276639494628746,0.8246123369776976,0.915870579147559,0.8279913778706897,6.547079806841669,5.0,20.18,ok,
whuhi_longkou,60,50,Sw-SSFCM_r1,0.99,7537.629678364874,76.13767351883718,0.9401252439162844,0.9383045264262116,0.870357007997461,0.869071324431733,0.9384136265412484,0.8705864058480618,9.495814813282522,5.0,20.22,ok,
whuhi_longkou,60,50,Sw-SSFCM_r2,0.99,7537.629678364874,76.13767351883718,0.9391499617524932,0.9428387956980814,0.879555583330129,0.8781029812730194,0.9429310361686108,0.8797613166613143,9.76091471340188,5.0,20.23,ok,
whuhi_longkou,60,51,FCM,,,,,0.6735228085999156,0.6439627752080355,0.4869192129223237,0.6732113697920231,0.6435864893184504,0.2645251443650382,90.0,0.48,ok,
whuhi_longkou,60,51,FCM_S1,,,,,0.6849491671650277,0.6651859484916351,0.5016319023060057,0.6846271181468843,0.6648190340106536,0.4324552713484016,85.0,1.65,ok,
whuhi_longkou,60,51,FCM_S2,,,,,0.6848266193468692,0.6622951549309001,0.5000881056463611,0.6845244497462624,0.6619543026267009,0.4103621718340289,75.0,4.4,ok,
whuhi_longkou,60,51,FLICM,,,,,0.7101302928402663,0.6775809213965703,0.4881718434062249,0.7096244292125823,0.677183557540894,0.2425881660178508,290.0,30.74,ok,
whuhi_longkou,60,51,KWFLICM,,,,,0.5943373104185253,0.6632584674602928,0.4036847777952701,0.5939024747973521,0.663012781441587,1.5181664065420284,205.0,2.53,ok,
whuhi_longkou,60,51,SSFCM,,,,,0.6734051626944834,0.6439625187370224,0.4868973276487833,0.6716273430395714,0.6367154154667268,0.2969563706462363,80.0,8.23,ok,
whuhi_longkou,60,51,eSFCM,,,,,0.6979196282389388,0.6522709074382043,0.4924063121642235,0.6960770893019527,0.644961112678908,0.3654360537657627,50.0,5.1,ok,
whuhi_longkou,60,51,S3FCM,,,,,0.67335614356722,0.6438461489873729,0.4870344682438219,0.6730989234484849,0.6435004961726226,0.2647797564114377,86.0,1.63,ok,
whuhi_longkou,60,51,GS-SPFCM,,,,,0.7597327477181596,0.6651982797423189,0.5085739497148715,0.7593306020279453,0.6647281531814567,6.052664147794396,22.0,7.18,ok,
whuhi_longkou,60,51,Softmax,,,,,0.9373241438809424,0.8555397276490052,0.8621551075743105,0.9374162763637786,0.8557599621002256,2.430256763094509,,17.9,ok,
whuhi_longkou,60,51,KFCM,,,,,0.6733904569563044,0.6438252860669927,0.4871252374008792,0.6730793675626522,0.6434455899052549,0.265119580973434,51.0,0.46,ok,
whuhi_longkou,60,51,SMUC,,,,,0.8063989568729718,0.8386142155276085,0.7632459786239236,0.806323395684016,0.8383023504245456,2.628133349469848,61.0,16.47,ok,
whuhi_longkou,60,51,S2-PFCM,,,,,0.7603356829835002,0.6658044061997623,0.5140338284474741,0.7609684074664372,0.6659565109799174,6.682450632685959,22.0,7.05,ok,
whuhi_longkou,60,51,Sr-SSFCM,0.99,9242.732106610834,93.3609303698065,0.9542849148412574,0.9370153233791826,0.8551691726023505,0.8616037896626593,0.937108271161913,0.8553895872184016,1.9672292690311428,5.0,20.09,ok,
whuhi_longkou,60,51,Sw-SSFCM_r1,0.99,9242.732106610834,93.3609303698065,0.950322648529937,0.957137675120832,0.8981084989720091,0.9073649918087094,0.9571823879692192,0.8982317812651067,2.4859955977761343,5.0,20.12,ok,
whuhi_longkou,60,51,Sw-SSFCM_r2,0.99,9242.732106610834,93.3609303698065,0.9496885172686086,0.9606621503710748,0.9068474267212672,0.9157413207070428,0.960702447419112,0.906982654015976,2.605866497219542,5.0,20.14,ok,
